citation_key,previous_name,normalized_name,status,verification_method,source_url,external_name,orcid,decision_reason
50YearsofDataScience001,"Donoho, D.","Donoho, David",corrected,Publisher-deposited DOI author list,https://api.crossref.org/works/10.1080%2F10618600.2017.1384734,"Donoho, David",,Name matches an author of the externally matched publication; initial differences are compatible.
50YearsofTestUnFairn002,"Hutchinson, Ben","Hutchinson, Ben",confirmed,Publication page author metadata,https://arxiv.org/abs/1811.10104,"Hutchinson, Ben",,Name matches an author of the externally matched publication; initial differences are compatible.
50YearsofTestUnFairn002,"Mitchell, Margaret","Mitchell, Margaret",confirmed,Publication page author metadata,https://arxiv.org/abs/1811.10104,"Mitchell, Margaret",,Name matches an author of the externally matched publication; initial differences are compatible.
ABriefHistoryofIntel003,"Bennett, Max S.","Bennett, Max S.",unverified,,,,,No sufficient publication-specific author evidence found.
Acollaborativehumanc004,"Abercrombie, Gavin","Abercrombie, Gavin",confirmed,Publication page author metadata,https://arxiv.org/abs/2407.01294,"Abercrombie, Gavin",,Complete authoritative author list matches all previously listed authors; restore omitted authors in source order.
Acollaborativehumanc004,"Benbouzid, Djalel","Benbouzid, Djalel",confirmed,Publication page author metadata,https://arxiv.org/abs/2407.01294,"Benbouzid, Djalel",,Complete authoritative author list matches all previously listed authors; restore omitted authors in source order.
Acollaborativehumanc004,"Giudici, Paolo","Giudici, Paolo",confirmed,Publication page author metadata,https://arxiv.org/abs/2407.01294,"Giudici, Paolo",,Complete authoritative author list matches all previously listed authors; restore omitted authors in source order.
Acollaborativehumanc004,"Golpayegani, Delaram","Golpayegani, Delaram",confirmed,Publication page author metadata,https://arxiv.org/abs/2407.01294,"Golpayegani, Delaram",,Complete authoritative author list matches all previously listed authors; restore omitted authors in source order.
Acollaborativehumanc004,"Hernandez, Julio","Hernandez, Julio",confirmed,Publication page author metadata,https://arxiv.org/abs/2407.01294,"Hernandez, Julio",,Complete authoritative author list matches all previously listed authors; restore omitted authors in source order.
Acollaborativehumanc004,"Noro, Pierre","Noro, Pierre",confirmed,Publication page author metadata,https://arxiv.org/abs/2407.01294,"Noro, Pierre",,Complete authoritative author list matches all previously listed authors; restore omitted authors in source order.
Acollaborativehumanc004,"Pandit, Harshvardhan","Pandit, Harshvardhan",confirmed,Publication page author metadata,https://arxiv.org/abs/2407.01294,"Pandit, Harshvardhan",,Complete authoritative author list matches all previously listed authors; restore omitted authors in source order.
Acollaborativehumanc004,"Paraschou, Eva","Paraschou, Eva",confirmed,Publication page author metadata,https://arxiv.org/abs/2407.01294,"Paraschou, Eva",,Complete authoritative author list matches all previously listed authors; restore omitted authors in source order.
Acollaborativehumanc004,"Pownall, Charlie","Pownall, Charlie",confirmed,Publication page author metadata,https://arxiv.org/abs/2407.01294,"Pownall, Charlie",,Complete authoritative author list matches all previously listed authors; restore omitted authors in source order.
Acollaborativehumanc004,"Prajapati, Jyoti","Prajapati, Jyoti",confirmed,Publication page author metadata,https://arxiv.org/abs/2407.01294,"Prajapati, Jyoti",,Complete authoritative author list matches all previously listed authors; restore omitted authors in source order.
Acollaborativehumanc004,,"Sayre, Mark A.",corrected,Publication page author metadata,https://arxiv.org/abs/2407.01294,"Sayre, Mark A.",,Complete authoritative author list matches all previously listed authors; restore omitted authors in source order.
Acollaborativehumanc004,,"Sengupta, Ushnish",corrected,Publication page author metadata,https://arxiv.org/abs/2407.01294,"Sengupta, Ushnish",,Complete authoritative author list matches all previously listed authors; restore omitted authors in source order.
Acollaborativehumanc004,,"Suriyawongkul, Arthit",corrected,Publication page author metadata,https://arxiv.org/abs/2407.01294,"Suriyawongkul, Arthit",,Complete authoritative author list matches all previously listed authors; restore omitted authors in source order.
Acollaborativehumanc004,,"Thelot, Ruby",corrected,Publication page author metadata,https://arxiv.org/abs/2407.01294,"Thelot, Ruby",,Complete authoritative author list matches all previously listed authors; restore omitted authors in source order.
Acollaborativehumanc004,,"Vei, Sofia",corrected,Publication page author metadata,https://arxiv.org/abs/2407.01294,"Vei, Sofia",,Complete authoritative author list matches all previously listed authors; restore omitted authors in source order.
Acollaborativehumanc004,,"Waltersdorfer, Laura",corrected,Publication page author metadata,https://arxiv.org/abs/2407.01294,"Waltersdorfer, Laura",,Complete authoritative author list matches all previously listed authors; restore omitted authors in source order.
AComparativeStudyofF005,"Friedler, Sorelle A.","Friedler, Sorelle A.",confirmed,Publication page author metadata,https://arxiv.org/abs/1802.04422,"Friedler, Sorelle A.",,Name matches an author of the externally matched publication; initial differences are compatible.
AComparativeStudyofF005,"Scheidegger, Carlos","Scheidegger, Carlos",confirmed,Publication page author metadata,https://arxiv.org/abs/1802.04422,"Scheidegger, Carlos",,Name matches an author of the externally matched publication; initial differences are compatible.
AComparativeStudyofF005,"Venkatasubramanian, Suresh","Venkatasubramanian, Suresh",confirmed,Publication page author metadata,https://arxiv.org/abs/1802.04422,"Venkatasubramanian, Suresh",,Name matches an author of the externally matched publication; initial differences are compatible.
AComparativeStudyofF005,"Choudhary, Sonam","Choudhary, Sonam",confirmed,Publication page author metadata,https://arxiv.org/abs/1802.04422,"Choudhary, Sonam",,Name matches an author of the externally matched publication; initial differences are compatible.
AComparativeStudyofF005,"Hamilton, Evan P.","Hamilton, Evan P.",confirmed,Publication page author metadata,https://arxiv.org/abs/1802.04422,"Hamilton, Evan P.",,Name matches an author of the externally matched publication; initial differences are compatible.
AComparativeStudyofF005,"Roth, Derek","Roth, Derek",confirmed,Publication page author metadata,https://arxiv.org/abs/1802.04422,"Roth, Derek",,Name matches an author of the externally matched publication; initial differences are compatible.
ADeeperLookintoAleat006,"Valdenegro-Toro, Matias","Valdenegro-Toro, Matias",confirmed,Publication page author metadata,https://arxiv.org/abs/2204.09308,"Valdenegro-Toro, Matias",,Name matches an author of the externally matched publication; initial differences are compatible.
ADeeperLookintoAleat006,"Saromo, Daniel","Saromo, Daniel",confirmed,Publication page author metadata,https://arxiv.org/abs/2204.09308,"Saromo, Daniel",,Name matches an author of the externally matched publication; initial differences are compatible.
AFrameworkforFederal007,{Scientific Integrity Framework Interagency Working Group of the National Science and Technology Council},{Scientific Integrity Framework Interagency Working Group of the National Science and Technology Council},unverified,,,,,No sufficient publication-specific author evidence found.
AFrameworkforFewShot008,"Gao, L.","Gao, L.",unverified,,,,,No sufficient publication-specific author evidence found.
AFrameworkforFewShot008,others,others,unverified,,,,,No sufficient publication-specific author evidence found.
AHolisticFrameworkfo009,{CFRFM},{CFRFM},unverified,,,,,No sufficient publication-specific author evidence found.
Ahumancenteredevalua010,"Beede, Emma","Beede, Emma",confirmed,Publisher-deposited DOI author list,https://api.crossref.org/works/10.1145%2F3313831.3376718,"Beede, Emma",,Name matches an author of the externally matched publication; initial differences are compatible.
Ahumancenteredevalua010,"Baylor, Elizabeth","Baylor, Elizabeth",confirmed,Publisher-deposited DOI author list,https://api.crossref.org/works/10.1145%2F3313831.3376718,"Baylor, Elizabeth",,Name matches an author of the externally matched publication; initial differences are compatible.
Ahumancenteredevalua010,"Hersch, Fred","Hersch, Fred",confirmed,Publisher-deposited DOI author list,https://api.crossref.org/works/10.1145%2F3313831.3376718,"Hersch, Fred",,Name matches an author of the externally matched publication; initial differences are compatible.
Ahumancenteredevalua010,"Iurchenko, Anna","Iurchenko, Anna",confirmed,Publisher-deposited DOI author list,https://api.crossref.org/works/10.1145%2F3313831.3376718,"Iurchenko, Anna",,Name matches an author of the externally matched publication; initial differences are compatible.
Ahumancenteredevalua010,"Wilcox, Lauren","Wilcox, Lauren",confirmed,Publisher-deposited DOI author list,https://api.crossref.org/works/10.1145%2F3313831.3376718,"Wilcox, Lauren",,Name matches an author of the externally matched publication; initial differences are compatible.
Ahumancenteredevalua010,"Ruamviboonsuk, Paisan","Ruamviboonsuk, Paisan",confirmed,Publisher-deposited DOI author list,https://api.crossref.org/works/10.1145%2F3313831.3376718,"Ruamviboonsuk, Paisan",,Name matches an author of the externally matched publication; initial differences are compatible.
Ahumancenteredevalua010,"Vardoulakis, Laura M.","Vardoulakis, Laura M.",confirmed,Publisher-deposited DOI author list,https://api.crossref.org/works/10.1145%2F3313831.3376718,"Vardoulakis, Laura M.",,Name matches an author of the externally matched publication; initial differences are compatible.
ALifeCycleforTrustwo011,"Levene, M.","Levene, M.",confirmed,Publisher-deposited DOI author list,https://api.crossref.org/works/10.47120%2Fnpl.MS57,"Levene, M.",,Name matches an author of the externally matched publication; initial differences are compatible.
ALifeCycleforTrustwo011,"Adel, T.","Adel, T.",confirmed,Publisher-deposited DOI author list,https://api.crossref.org/works/10.47120%2Fnpl.MS57,"Adel, T.",,Name matches an author of the externally matched publication; initial differences are compatible.
ALifeCycleforTrustwo011,"Alsuleman, M.","Alsuleman, M.",confirmed,Publisher-deposited DOI author list,https://api.crossref.org/works/10.47120%2Fnpl.MS57,"Alsuleman, M.",,Name matches an author of the externally matched publication; initial differences are compatible.
ALifeCycleforTrustwo011,"George, I.","George, I.",confirmed,Publisher-deposited DOI author list,https://api.crossref.org/works/10.47120%2Fnpl.MS57,"George, I.",,Name matches an author of the externally matched publication; initial differences are compatible.
ALifeCycleforTrustwo011,"Krishnadas, P.","Krishnadas, P.",confirmed,Publisher-deposited DOI author list,https://api.crossref.org/works/10.47120%2Fnpl.MS57,"Krishnadas, P.",,Name matches an author of the externally matched publication; initial differences are compatible.
ALifeCycleforTrustwo011,"Lines, K.","Lines, K.",confirmed,Publisher-deposited DOI author list,https://api.crossref.org/works/10.47120%2Fnpl.MS57,"Lines, K.",,Name matches an author of the externally matched publication; initial differences are compatible.
ALifeCycleforTrustwo011,"Luo, Y.","Luo, Y.",confirmed,Publisher-deposited DOI author list,https://api.crossref.org/works/10.47120%2Fnpl.MS57,"Luo, Y.",,Name matches an author of the externally matched publication; initial differences are compatible.
ALifeCycleforTrustwo011,"Smith, I.","Smith, I.",confirmed,Publisher-deposited DOI author list,https://api.crossref.org/works/10.47120%2Fnpl.MS57,"Smith, I.",,Name matches an author of the externally matched publication; initial differences are compatible.
ALifeCycleforTrustwo011,"Duncan, P.","Duncan, P.",confirmed,Publisher-deposited DOI author list,https://api.crossref.org/works/10.47120%2Fnpl.MS57,"Duncan, P.",,Name matches an author of the externally matched publication; initial differences are compatible.
AMaraudersMapofSecur012,"Papernot, Nicolas","Papernot, Nicolas",confirmed,Publication opening-page author block,https://arxiv.org/pdf/1811.01134,,,Full given name and surname occur together in the matched publication author block.
Ametrologicalframewo013,"Bilson, Samuel","Bilson, Samuel",confirmed,Publication page author metadata,https://arxiv.org/abs/2504.03359,"Bilson, Samuel",,Name matches an author of the externally matched publication; initial differences are compatible.
Ametrologicalframewo013,"Cox, Maurice","Cox, Maurice",confirmed,Publication page author metadata,https://arxiv.org/abs/2504.03359,"Cox, Maurice",,Name matches an author of the externally matched publication; initial differences are compatible.
Ametrologicalframewo013,"Pustogvar, Anna","Pustogvar, Anna",confirmed,Publication page author metadata,https://arxiv.org/abs/2504.03359,"Pustogvar, Anna",,Name matches an author of the externally matched publication; initial differences are compatible.
Ametrologicalframewo013,"Thompson, Andrew","Thompson, Andrew",confirmed,Publication page author metadata,https://arxiv.org/abs/2504.03359,"Thompson, Andrew",,Name matches an author of the externally matched publication; initial differences are compatible.
APowerPrimer014,"Cohen, Jacob","Cohen, Jacob",confirmed,Publisher-deposited DOI author list,https://api.crossref.org/works/10.1037%2F0033-2909.112.1.155,"Cohen, Jacob",,Name matches an author of the externally matched publication; initial differences are compatible.
AResponsibleMachineL015,"Gill, Navdeep","Gill, Navdeep",confirmed,Publisher-deposited DOI author list,https://api.crossref.org/works/10.3390%2Finfo11030137,"Gill, Navdeep",,Name matches an author of the externally matched publication; initial differences are compatible.
AResponsibleMachineL015,"Hall, Patrick","Hall, Patrick",confirmed,Publisher-deposited DOI author list,https://api.crossref.org/works/10.3390%2Finfo11030137,"Hall, Patrick",,Name matches an author of the externally matched publication; initial differences are compatible.
AResponsibleMachineL015,"Montgomery, Kim","Montgomery, Kim",confirmed,Publisher-deposited DOI author list,https://api.crossref.org/works/10.3390%2Finfo11030137,"Montgomery, Kim",,Name matches an author of the externally matched publication; initial differences are compatible.
AResponsibleMachineL015,"Schmidt, Nicholas","Schmidt, Nicholas",confirmed,Publisher-deposited DOI author list,https://api.crossref.org/works/10.3390%2Finfo11030137,"Schmidt, Nicholas",https://orcid.org/0000-0002-8340-8145,Name matches an author of the externally matched publication; initial differences are compatible.
Areviewofsociotechni016,"Walker, Guy H.","Walker, Guy H.",confirmed,Publisher-deposited DOI author list,https://api.crossref.org/works/10.1080%2F14639220701635470,"Walker, Guy H.",,Name matches an author of the externally matched publication; initial differences are compatible.
Areviewofsociotechni016,"Stanton, Neville A.","Stanton, Neville A.",confirmed,Publisher-deposited DOI author list,https://api.crossref.org/works/10.1080%2F14639220701635470,"Stanton, Neville A.",,Name matches an author of the externally matched publication; initial differences are compatible.
Areviewofsociotechni016,"Salmon, Paul M.","Salmon, Paul M.",confirmed,Publisher-deposited DOI author list,https://api.crossref.org/works/10.1080%2F14639220701635470,"Salmon, Paul M.",,Name matches an author of the externally matched publication; initial differences are compatible.
Areviewofsociotechni016,"Jenkins, Daniel P.","Jenkins, Daniel P.",confirmed,Publisher-deposited DOI author list,https://api.crossref.org/works/10.1080%2F14639220701635470,"Jenkins, Daniel P.",,Name matches an author of the externally matched publication; initial differences are compatible.
Ascalableframeworkfo017,"Park, Sunghyun","Park, Sunghyun",confirmed,Publication page author metadata,https://arxiv.org/abs/2010.12251,"Park, Sunghyun",,Name matches an author of the externally matched publication; initial differences are compatible.
Ascalableframeworkfo017,"Li, Han","Li, Han",confirmed,Publication page author metadata,https://arxiv.org/abs/2010.12251,"Li, Han",,Name matches an author of the externally matched publication; initial differences are compatible.
Ascalableframeworkfo017,"Patel, Ameen","Patel, Ameen",confirmed,Publication page author metadata,https://arxiv.org/abs/2010.12251,"Patel, Ameen",,Name matches an author of the externally matched publication; initial differences are compatible.
Ascalableframeworkfo017,"Mudgal, Sidharth","Mudgal, Sidharth",confirmed,Publication page author metadata,https://arxiv.org/abs/2010.12251,"Mudgal, Sidharth",,Name matches an author of the externally matched publication; initial differences are compatible.
Ascalableframeworkfo017,"Lee, Sungjin","Lee, Sungjin",confirmed,Publication page author metadata,https://arxiv.org/abs/2010.12251,"Lee, Sungjin",,Name matches an author of the externally matched publication; initial differences are compatible.
Ascalableframeworkfo017,"Kim, Young, Bum","Kim, Young-Bum",corrected,Reviewed publication-specific name evidence,https://arxiv.org/abs/2010.12251,"Kim, Young-Bum",,Exact publication metadata prints Young-Bum Kim; repair misplaced comma and hyphen.
Ascalableframeworkfo017,"Matsoukas, Spyros","Matsoukas, Spyros",confirmed,Publication page author metadata,https://arxiv.org/abs/2010.12251,"Matsoukas, Spyros",,Name matches an author of the externally matched publication; initial differences are compatible.
Ascalableframeworkfo017,"Sarikaya, Ruhi","Sarikaya, Ruhi",confirmed,Publication page author metadata,https://arxiv.org/abs/2010.12251,"Sarikaya, Ruhi",,Name matches an author of the externally matched publication; initial differences are compatible.
ASharedStandardforVa018,"Chouldechova, Alexandra","Chouldechova, Alexandra",confirmed,Publication page author metadata,https://arxiv.org/abs/2412.01934,"Chouldechova, Alexandra",,Name matches an author of the externally matched publication; initial differences are compatible.
ASharedStandardforVa018,"Atalla, Chad","Atalla, Chad",confirmed,Publication page author metadata,https://arxiv.org/abs/2412.01934,"Atalla, Chad",,Name matches an author of the externally matched publication; initial differences are compatible.
ASharedStandardforVa018,"Barocas, Solon","Barocas, Solon",confirmed,Publication page author metadata,https://arxiv.org/abs/2412.01934,"Barocas, Solon",,Name matches an author of the externally matched publication; initial differences are compatible.
ASharedStandardforVa018,"Cooper, A. Feder","Cooper, A. Feder",confirmed,Publication page author metadata,https://arxiv.org/abs/2412.01934,"Cooper, A. Feder",,Name matches an author of the externally matched publication; initial differences are compatible.
ASharedStandardforVa018,"Corvi, Emily","Corvi, Emily",confirmed,Publication page author metadata,https://arxiv.org/abs/2412.01934,"Corvi, Emily",,Name matches an author of the externally matched publication; initial differences are compatible.
ASharedStandardforVa018,"Dow, P. Alex","Dow, P. Alex",confirmed,Publication page author metadata,https://arxiv.org/abs/2412.01934,"Dow, P. Alex",,Name matches an author of the externally matched publication; initial differences are compatible.
ASharedStandardforVa018,"Garcia-Gathright, Jean","Garcia-Gathright, Jean",confirmed,Publication page author metadata,https://arxiv.org/abs/2412.01934,"Garcia-Gathright, Jean",,Name matches an author of the externally matched publication; initial differences are compatible.
ASharedStandardforVa018,"Pangakis, Nicholas","Pangakis, Nicholas",confirmed,Publication page author metadata,https://arxiv.org/abs/2412.01934,"Pangakis, Nicholas",,Name matches an author of the externally matched publication; initial differences are compatible.
ASharedStandardforVa018,"Reed, Stefanie","Reed, Stefanie",confirmed,Publication page author metadata,https://arxiv.org/abs/2412.01934,"Reed, Stefanie",,Name matches an author of the externally matched publication; initial differences are compatible.
ASharedStandardforVa018,"Sheng, Emily","Sheng, Emily",confirmed,Publication page author metadata,https://arxiv.org/abs/2412.01934,"Sheng, Emily",,Name matches an author of the externally matched publication; initial differences are compatible.
ASharedStandardforVa018,"Vann, Dan","Vann, Dan",confirmed,Publication page author metadata,https://arxiv.org/abs/2412.01934,"Vann, Dan",,Name matches an author of the externally matched publication; initial differences are compatible.
ASharedStandardforVa018,"Vogel, Matthew","Vogel, Matthew",confirmed,Publication page author metadata,https://arxiv.org/abs/2412.01934,"Vogel, Matthew",,Name matches an author of the externally matched publication; initial differences are compatible.
ASharedStandardforVa018,"Washington, Hannah","Washington, Hannah",confirmed,Publication page author metadata,https://arxiv.org/abs/2412.01934,"Washington, Hannah",,Name matches an author of the externally matched publication; initial differences are compatible.
ASharedStandardforVa018,"Wallach, Hanna","Wallach, Hanna",confirmed,Publication page author metadata,https://arxiv.org/abs/2412.01934,"Wallach, Hanna",,Name matches an author of the externally matched publication; initial differences are compatible.
ASummaryReportontheM019,"Pellegrino, Joan","Pellegrino, Joan",confirmed,Publisher-deposited DOI author list,https://api.crossref.org/works/10.6028%2FNIST.AMS.100-1,"Pellegrino, Joan",,Name matches an author of the externally matched publication; initial differences are compatible.
ASurveyofMethodsforE020,"Guidotti, Riccardo","Guidotti, Riccardo",confirmed,Publication page author metadata,https://arxiv.org/abs/1802.01933,"Guidotti, Riccardo",,Name matches an author of the externally matched publication; initial differences are compatible.
ASurveyofMethodsforE020,"Monreale, Anna","Monreale, Anna",confirmed,Publication page author metadata,https://arxiv.org/abs/1802.01933,"Monreale, Anna",,Name matches an author of the externally matched publication; initial differences are compatible.
ASurveyofMethodsforE020,"Ruggieri, Salvatore","Ruggieri, Salvatore",confirmed,Publication page author metadata,https://arxiv.org/abs/1802.01933,"Ruggieri, Salvatore",,Name matches an author of the externally matched publication; initial differences are compatible.
ASurveyofMethodsforE020,"Turini, Franco","Turini, Franco",confirmed,Publication page author metadata,https://arxiv.org/abs/1802.01933,"Turini, Franco",,Name matches an author of the externally matched publication; initial differences are compatible.
ASurveyofMethodsforE020,"Giannotti, Fosca","Giannotti, Fosca",confirmed,Publication page author metadata,https://arxiv.org/abs/1802.01933,"Giannotti, Fosca",,Name matches an author of the externally matched publication; initial differences are compatible.
ASurveyofMethodsforE020,"Pedreschi, Dino","Pedreschi, Dino",confirmed,Publication page author metadata,https://arxiv.org/abs/1802.01933,"Pedreschi, Dino",,Name matches an author of the externally matched publication; initial differences are compatible.
ASurveyofMultimodelL021,"Liang, Zijing","Liang, Zijing",confirmed,Publisher-deposited DOI author list,https://api.crossref.org/works/10.1145%2F3672758.3672824,"Liang, Zijing",https://orcid.org/0009-0000-7311-6563,Name matches an author of the externally matched publication; initial differences are compatible.
ASurveyofMultimodelL021,"Xu, Yanjie","Xu, Yanjie",confirmed,Publisher-deposited DOI author list,https://api.crossref.org/works/10.1145%2F3672758.3672824,"Xu, Yanjie",https://orcid.org/0000-0002-3473-0912,Name matches an author of the externally matched publication; initial differences are compatible.
ASurveyofMultimodelL021,"Hong, Yifan","Hong, Yifan",confirmed,Publisher-deposited DOI author list,https://api.crossref.org/works/10.1145%2F3672758.3672824,"Hong, Yifan",https://orcid.org/0009-0000-7274-0436,Name matches an author of the externally matched publication; initial differences are compatible.
ASurveyofMultimodelL021,"Shang, Penghui","Shang, Penghui",confirmed,Publisher-deposited DOI author list,https://api.crossref.org/works/10.1145%2F3672758.3672824,"Shang, Penghui",https://orcid.org/0009-0001-8431-4247,Name matches an author of the externally matched publication; initial differences are compatible.
ASurveyofMultimodelL021,"Wang, Qi","Wang, Qi",confirmed,Publisher-deposited DOI author list,https://api.crossref.org/works/10.1145%2F3672758.3672824,"Wang, Qi",https://orcid.org/0009-0004-4442-4478,Name matches an author of the externally matched publication; initial differences are compatible.
ASurveyofMultimodelL021,"Fu, Qiang","Fu, Qiang",confirmed,Publisher-deposited DOI author list,https://api.crossref.org/works/10.1145%2F3672758.3672824,"Fu, Qiang",https://orcid.org/0009-0001-9852-3760,Name matches an author of the externally matched publication; initial differences are compatible.
ASurveyofMultimodelL021,"Liu, Ke","Liu, Ke",confirmed,Publisher-deposited DOI author list,https://api.crossref.org/works/10.1145%2F3672758.3672824,"Liu, Ke",https://orcid.org/0009-0003-0165-6423,Name matches an author of the externally matched publication; initial differences are compatible.
ASurveyonBiasandFair022,"Mehrabi, Ninareh","Mehrabi, Ninareh",confirmed,Publisher-deposited DOI author list,https://api.crossref.org/works/10.1145%2F3457607,"Mehrabi, Ninareh",,Name matches an author of the externally matched publication; initial differences are compatible.
ASurveyonBiasandFair022,"Morstatter, Fred","Morstatter, Fred",confirmed,Publisher-deposited DOI author list,https://api.crossref.org/works/10.1145%2F3457607,"Morstatter, Fred",,Name matches an author of the externally matched publication; initial differences are compatible.
ASurveyonBiasandFair022,"Saxena, Nripsuta","Saxena, Nripsuta",confirmed,Publisher-deposited DOI author list,https://api.crossref.org/works/10.1145%2F3457607,"Saxena, Nripsuta",,Name matches an author of the externally matched publication; initial differences are compatible.
ASurveyonBiasandFair022,"Lerman, Kristina","Lerman, Kristina",confirmed,Publisher-deposited DOI author list,https://api.crossref.org/works/10.1145%2F3457607,"Lerman, Kristina",,Name matches an author of the externally matched publication; initial differences are compatible.
ASurveyonBiasandFair022,"Galstyan, Aram","Galstyan, Aram",confirmed,Publisher-deposited DOI author list,https://api.crossref.org/works/10.1145%2F3457607,"Galstyan, Aram",,Name matches an author of the externally matched publication; initial differences are compatible.
Asurveyonevaluationo023,"Chang, Yupeng","Chang, Yupeng",confirmed,Publisher-deposited DOI author list,https://api.crossref.org/works/10.1145%2F3641289,"Chang, Yupeng",https://orcid.org/0000-0001-7178-6088,Complete authoritative author list matches all previously listed authors; restore omitted authors in source order.
Asurveyonevaluationo023,"Wang, Xu","Wang, Xu",confirmed,Publisher-deposited DOI author list,https://api.crossref.org/works/10.1145%2F3641289,"Wang, Xu",https://orcid.org/0009-0001-5904-5313,Complete authoritative author list matches all previously listed authors; restore omitted authors in source order.
Asurveyonevaluationo023,"Wang, Jindong","Wang, Jindong",confirmed,Publisher-deposited DOI author list,https://api.crossref.org/works/10.1145%2F3641289,"Wang, Jindong",https://orcid.org/0000-0002-4833-0880,Complete authoritative author list matches all previously listed authors; restore omitted authors in source order.
Asurveyonevaluationo023,"Wu, Yuan","Wu, Yuan",confirmed,Publisher-deposited DOI author list,https://api.crossref.org/works/10.1145%2F3641289,"Wu, Yuan",https://orcid.org/0000-0001-6289-5872,Complete authoritative author list matches all previously listed authors; restore omitted authors in source order.
Asurveyonevaluationo023,"Yang, Linyi","Yang, Linyi",confirmed,Publisher-deposited DOI author list,https://api.crossref.org/works/10.1145%2F3641289,"Yang, Linyi",https://orcid.org/0000-0003-0667-7349,Complete authoritative author list matches all previously listed authors; restore omitted authors in source order.
Asurveyonevaluationo023,"Zhu, Kaijie","Zhu, Kaijie",confirmed,Publisher-deposited DOI author list,https://api.crossref.org/works/10.1145%2F3641289,"Zhu, Kaijie",https://orcid.org/0009-0002-6220-1476,Complete authoritative author list matches all previously listed authors; restore omitted authors in source order.
Asurveyonevaluationo023,"Chen, Hao","Chen, Hao",confirmed,Publisher-deposited DOI author list,https://api.crossref.org/works/10.1145%2F3641289,"Chen, Hao",https://orcid.org/0000-0002-1960-4803,Complete authoritative author list matches all previously listed authors; restore omitted authors in source order.
Asurveyonevaluationo023,"Yi, Xiaoyuan","Yi, Xiaoyuan",confirmed,Publisher-deposited DOI author list,https://api.crossref.org/works/10.1145%2F3641289,"Yi, Xiaoyuan",https://orcid.org/0000-0003-2710-1613,Complete authoritative author list matches all previously listed authors; restore omitted authors in source order.
Asurveyonevaluationo023,"Wang, Cunxiang","Wang, Cunxiang",confirmed,Publisher-deposited DOI author list,https://api.crossref.org/works/10.1145%2F3641289,"Wang, Cunxiang",https://orcid.org/0000-0002-3023-8082,Complete authoritative author list matches all previously listed authors; restore omitted authors in source order.
Asurveyonevaluationo023,"Wang, Yidong","Wang, Yidong",confirmed,Publisher-deposited DOI author list,https://api.crossref.org/works/10.1145%2F3641289,"Wang, Yidong",https://orcid.org/0009-0007-9969-8259,Complete authoritative author list matches all previously listed authors; restore omitted authors in source order.
Asurveyonevaluationo023,,"Ye, Wei",corrected,Publisher-deposited DOI author list,https://api.crossref.org/works/10.1145%2F3641289,"Ye, Wei",https://orcid.org/0000-0002-9331-4716,Complete authoritative author list matches all previously listed authors; restore omitted authors in source order.
Asurveyonevaluationo023,,"Zhang, Yue",corrected,Publisher-deposited DOI author list,https://api.crossref.org/works/10.1145%2F3641289,"Zhang, Yue",https://orcid.org/0000-0002-5214-2268,Complete authoritative author list matches all previously listed authors; restore omitted authors in source order.
Asurveyonevaluationo023,,"Chang, Yi",corrected,Publisher-deposited DOI author list,https://api.crossref.org/works/10.1145%2F3641289,"Chang, Yi",https://orcid.org/0000-0003-2697-8093,Complete authoritative author list matches all previously listed authors; restore omitted authors in source order.
Asurveyonevaluationo023,,"Yu, Philip S.",corrected,Publisher-deposited DOI author list,https://api.crossref.org/works/10.1145%2F3641289,"Yu, Philip S.",https://orcid.org/0000-0002-3491-5968,Complete authoritative author list matches all previously listed authors; restore omitted authors in source order.
Asurveyonevaluationo023,,"Yang, Qiang",corrected,Publisher-deposited DOI author list,https://api.crossref.org/works/10.1145%2F3641289,"Yang, Qiang",https://orcid.org/0000-0001-5059-8360,Complete authoritative author list matches all previously listed authors; restore omitted authors in source order.
Asurveyonevaluationo023,,"Xie, Xing",corrected,Publisher-deposited DOI author list,https://api.crossref.org/works/10.1145%2F3641289,"Xie, Xing",https://orcid.org/0000-0002-8608-8482,Complete authoritative author list matches all previously listed authors; restore omitted authors in source order.
ASurveyonHallucinati024,"Huang, Lei","Huang, Lei",confirmed,Publisher-deposited DOI author list,https://api.crossref.org/works/10.1145%2F3703155,"Huang, Lei",https://orcid.org/0009-0002-9650-8353,Complete authoritative author list matches all previously listed authors; restore omitted authors in source order.
ASurveyonHallucinati024,"Yu, Weijiang","Yu, Weijiang",confirmed,Publisher-deposited DOI author list,https://api.crossref.org/works/10.1145%2F3703155,"Yu, Weijiang",https://orcid.org/0000-0002-7449-3093,Complete authoritative author list matches all previously listed authors; restore omitted authors in source order.
ASurveyonHallucinati024,"Ma, Weitao","Ma, Weitao",confirmed,Publisher-deposited DOI author list,https://api.crossref.org/works/10.1145%2F3703155,"Ma, Weitao",https://orcid.org/0009-0007-8631-3858,Complete authoritative author list matches all previously listed authors; restore omitted authors in source order.
ASurveyonHallucinati024,"Zhong, Weihong","Zhong, Weihong",confirmed,Publisher-deposited DOI author list,https://api.crossref.org/works/10.1145%2F3703155,"Zhong, Weihong",https://orcid.org/0009-0002-4063-668X,Complete authoritative author list matches all previously listed authors; restore omitted authors in source order.
ASurveyonHallucinati024,"Feng, Zhangyin","Feng, Zhangyin",confirmed,Publisher-deposited DOI author list,https://api.crossref.org/works/10.1145%2F3703155,"Feng, Zhangyin",https://orcid.org/0000-0001-5909-1339,Complete authoritative author list matches all previously listed authors; restore omitted authors in source order.
ASurveyonHallucinati024,"Wang, Haotian","Wang, Haotian",confirmed,Publisher-deposited DOI author list,https://api.crossref.org/works/10.1145%2F3703155,"Wang, Haotian",https://orcid.org/0009-0001-5363-3886,Complete authoritative author list matches all previously listed authors; restore omitted authors in source order.
ASurveyonHallucinati024,"Chen, Qianglong","Chen, Qianglong",confirmed,Publisher-deposited DOI author list,https://api.crossref.org/works/10.1145%2F3703155,"Chen, Qianglong",https://orcid.org/0000-0002-7845-1544,Complete authoritative author list matches all previously listed authors; restore omitted authors in source order.
ASurveyonHallucinati024,"Peng, Weihua","Peng, Weihua",confirmed,Publisher-deposited DOI author list,https://api.crossref.org/works/10.1145%2F3703155,"Peng, Weihua",https://orcid.org/0000-0003-3380-6409,Complete authoritative author list matches all previously listed authors; restore omitted authors in source order.
ASurveyonHallucinati024,"Feng, Xiaocheng","Feng, Xiaocheng",confirmed,Publisher-deposited DOI author list,https://api.crossref.org/works/10.1145%2F3703155,"Feng, Xiaocheng",https://orcid.org/0000-0001-6011-0496,Complete authoritative author list matches all previously listed authors; restore omitted authors in source order.
ASurveyonHallucinati024,"Qin, Bing","Qin, Bing",confirmed,Publisher-deposited DOI author list,https://api.crossref.org/works/10.1145%2F3703155,"Qin, Bing",https://orcid.org/0000-0002-2543-5604,Complete authoritative author list matches all previously listed authors; restore omitted authors in source order.
ASurveyonHallucinati024,,"Liu, Ting",corrected,Publisher-deposited DOI author list,https://api.crossref.org/works/10.1145%2F3703155,"Liu, Ting",https://orcid.org/0009-0007-1999-2600,Complete authoritative author list matches all previously listed authors; restore omitted authors in source order.
Asurveyonsentimentan025,"Hussein, Doaa Mohey El-Din Mohamed","Hussein, Doaa Mohey El-Din Mohamed",confirmed,Publisher-deposited DOI author list,https://api.crossref.org/works/10.1016%2Fj.jksues.2016.04.002,"Hussein, Doaa Mohey El-Din Mohamed",,Name matches an author of the externally matched publication; initial differences are compatible.
ATreestructuredAppro026,"Friedman, Jerome H.","Friedman, Jerome H.",unverified,,,,,No sufficient publication-specific author evidence found.
AUnifiedApproachtoIn027,"Lundberg, Scott M","Lundberg, Scott M",confirmed,Publication opening-page author block,https://proceedings.neurips.cc/paper_files/paper/2017/file/8a20a8621978632d76c43dfd28b67767-Paper.pdf,,,Full given name and surname occur together in the matched publication author block.
AUnifiedApproachtoIn027,"Lee, Su-In","Lee, Su-In",confirmed,Publication opening-page author block,https://proceedings.neurips.cc/paper_files/paper/2017/file/8a20a8621978632d76c43dfd28b67767-Paper.pdf,,,Full given name and surname occur together in the matched publication author block.
AUnitedStatesFairLen028,"Hall, Patrick","Hall, Patrick",confirmed,Publication page author metadata,https://www.frontiersin.org/journals/artificial-intelligence/articles/10.3389/frai.2021.695301/full,"Hall, Patrick",,Name matches an author of the externally matched publication; initial differences are compatible.
AUnitedStatesFairLen028,"Cox, Benjamin","Cox, Benjamin",confirmed,Publication page author metadata,https://www.frontiersin.org/journals/artificial-intelligence/articles/10.3389/frai.2021.695301/full,"Cox, Benjamin",,Name matches an author of the externally matched publication; initial differences are compatible.
AUnitedStatesFairLen028,"Dickerson, Steven","Dickerson, Steven",confirmed,Publication page author metadata,https://www.frontiersin.org/journals/artificial-intelligence/articles/10.3389/frai.2021.695301/full,"Dickerson, Steven",,Name matches an author of the externally matched publication; initial differences are compatible.
AUnitedStatesFairLen028,"Kannan, Arjun Ravi","Kannan, Arjun Ravi",confirmed,Publication page author metadata,https://www.frontiersin.org/journals/artificial-intelligence/articles/10.3389/frai.2021.695301/full,"Kannan, Arjun Ravi",,Name matches an author of the externally matched publication; initial differences are compatible.
AUnitedStatesFairLen028,"Kulkarni, Raghu","Kulkarni, Raghu",confirmed,Publication page author metadata,https://www.frontiersin.org/journals/artificial-intelligence/articles/10.3389/frai.2021.695301/full,"Kulkarni, Raghu",,Name matches an author of the externally matched publication; initial differences are compatible.
AUnitedStatesFairLen028,"Schmidt, Nicholas","Schmidt, Nicholas",confirmed,Publication page author metadata,https://www.frontiersin.org/journals/artificial-intelligence/articles/10.3389/frai.2021.695301/full,"Schmidt, Nicholas",,Name matches an author of the externally matched publication; initial differences are compatible.
AValueforNPersonGame029,"Shapley, Lloyd S.","Shapley, Lloyd S.",confirmed,Publisher-deposited DOI author list,https://api.crossref.org/works/10.1017%2Fcbo9780511528446.003,"Shapley, Lloyd S.",,Name matches an author of the externally matched publication; initial differences are compatible.
AWorkingGuidetoBoost030,"Elith, Jane","Elith, Jane",confirmed,Publisher-deposited DOI author list,https://api.crossref.org/works/10.1111%2Fj.1365-2656.2008.01390.x,"Elith, J.",,Name matches an author of the externally matched publication; initial differences are compatible.
AWorkingGuidetoBoost030,"Leathwick, John R.","Leathwick, John R.",confirmed,Publisher-deposited DOI author list,https://api.crossref.org/works/10.1111%2Fj.1365-2656.2008.01390.x,"Leathwick, J. R.",,Name matches an author of the externally matched publication; initial differences are compatible.
AWorkingGuidetoBoost030,"Hastie, Trevor","Hastie, Trevor",confirmed,Publisher-deposited DOI author list,https://api.crossref.org/works/10.1111%2Fj.1365-2656.2008.01390.x,"Hastie, T.",,Name matches an author of the externally matched publication; initial differences are compatible.
AccurateIntelligible031,"Lou, Yin","Lou, Yin",confirmed,Publisher-deposited DOI author list,https://api.crossref.org/works/10.1145%2F2487575.2487579,"Lou, Yin",,Name matches an author of the externally matched publication; initial differences are compatible.
AccurateIntelligible031,"Caruana, Rich","Caruana, Rich",confirmed,Publisher-deposited DOI author list,https://api.crossref.org/works/10.1145%2F2487575.2487579,"Caruana, Rich",,Name matches an author of the externally matched publication; initial differences are compatible.
AccurateIntelligible031,"Gehrke, Johannes","Gehrke, Johannes",confirmed,Publisher-deposited DOI author list,https://api.crossref.org/works/10.1145%2F2487575.2487579,"Gehrke, Johannes",,Name matches an author of the externally matched publication; initial differences are compatible.
AccurateIntelligible031,"Hooker, Giles","Hooker, Giles",confirmed,Publisher-deposited DOI author list,https://api.crossref.org/works/10.1145%2F2487575.2487579,"Hooker, Giles",,Name matches an author of the externally matched publication; initial differences are compatible.
ActionableAuditingIn032,"Raji, Inioluwa Deborah","Raji, Inioluwa Deborah",confirmed,Publisher-deposited DOI author list,https://api.crossref.org/works/10.1145%2F3306618.3314244,"Raji, Inioluwa Deborah",,Name matches an author of the externally matched publication; initial differences are compatible.
ActionableAuditingIn032,"Buolamwini, Joy","Buolamwini, Joy",confirmed,Publisher-deposited DOI author list,https://api.crossref.org/works/10.1145%2F3306618.3314244,"Buolamwini, Joy",,Name matches an author of the externally matched publication; initial differences are compatible.
ADADELTAAnAdaptiveLe033,"Zeiler, Matthew D.","Zeiler, Matthew D.",confirmed,Publication page author metadata,https://arxiv.org/abs/1212.5701v1,"Zeiler, Matthew D.",,Name matches an author of the externally matched publication; initial differences are compatible.
AddingStructuretoAIH034,"Hoffmann, M.","Hoffmann, Mia",corrected,Reviewed publication-specific name evidence,https://cset.georgetown.edu/wp-content/uploads/20230022-Adding-structure-to-AI-Harm-FINAL.pdf,"Hoffmann, Mia",,CSET report cover explicitly prints Mia Hoffmann.
AddingStructuretoAIH034,"Frase, H.","Frase, Heather",corrected,Full author name in matched publication PDF,https://cset.georgetown.edu/wp-content/uploads/20230022-Adding-structure-to-AI-Harm-FINAL.pdf,"Frase, Heather",,Initials expand to the unique compatible full name printed in this publication.
AdditiveLogisticRegr035,"Friedman, Jerome","Friedman, Jerome",unverified,,,,,No sufficient publication-specific author evidence found.
AdditiveLogisticRegr035,"Hastie, Trevor","Hastie, Trevor",unverified,,,,,No sufficient publication-specific author evidence found.
AdditiveLogisticRegr035,"Tibshirani, Robert","Tibshirani, Robert",unverified,,,,,No sufficient publication-specific author evidence found.
AdverseActionNotific036,{CFPB},{CFPB},unverified,,,,,No sufficient publication-specific author evidence found.
AdvisoryBulletin2022037,{FHFA},{FHFA},unverified,,,,,No sufficient publication-specific author evidence found.
Aggregatedindividual038,"Dai, Jessica","Dai, Jessica",confirmed,Publication page author metadata,https://arxiv.org/abs/2506.18133,"Dai, Jessica",,Name matches an author of the externally matched publication; initial differences are compatible.
Aggregatedindividual038,"Raji, Inioluwa Deborah","Raji, Inioluwa Deborah",confirmed,Publication page author metadata,https://arxiv.org/abs/2506.18133,"Raji, Inioluwa Deborah",,Name matches an author of the externally matched publication; initial differences are compatible.
Aggregatedindividual038,"Recht, Benjamin","Recht, Benjamin",confirmed,Publication page author metadata,https://arxiv.org/abs/2506.18133,"Recht, Benjamin",,Name matches an author of the externally matched publication; initial differences are compatible.
Aggregatedindividual038,"Chen, Irene Y.","Chen, Irene Y.",confirmed,Publication page author metadata,https://arxiv.org/abs/2506.18133,"Chen, Irene Y.",,Name matches an author of the externally matched publication; initial differences are compatible.
AI6001GenerativeAIRi039,{National Institute of Standards and Technology},{National Institute of Standards and Technology},confirmed,Publisher-deposited DOI corporate author,https://api.crossref.org/works/10.6028%2FNIST.AI.600-1,{National Institute of Standards and Technology (US)},,DOI metadata identifies National Institute of Standards and Technology (US) as the corporate author of this exact report.
AIAgentGovernanceAFi040,"Kraprayoon, Jam","Kraprayoon, Jam",confirmed,Publication page author metadata,https://arxiv.org/abs/2505.21808,"Kraprayoon, Jam",,Name matches an author of the externally matched publication; initial differences are compatible.
AIAgentGovernanceAFi040,"Williams, Zoe","Williams, Zoe",confirmed,Publication page author metadata,https://arxiv.org/abs/2505.21808,"Williams, Zoe",,Name matches an author of the externally matched publication; initial differences are compatible.
AIAgentGovernanceAFi040,"Fayyaz, Rida","Fayyaz, Rida",confirmed,Publication page author metadata,https://arxiv.org/abs/2505.21808,"Fayyaz, Rida",,Name matches an author of the externally matched publication; initial differences are compatible.
AIandtheEverythingin041,"Raji, Deborah","Raji, Deborah",confirmed,Publication opening-page author block,https://datasets-benchmarks-proceedings.neurips.cc/paper_files/paper/2021/file/084b6fbb10729ed4da8c3d3f5a3ae7c9-Paper-round2.pdf,,,Full given name and surname occur together in the matched publication author block.
AIandtheEverythingin041,"Denton, Emily","Denton, Emily",confirmed,Publication opening-page author block,https://datasets-benchmarks-proceedings.neurips.cc/paper_files/paper/2021/file/084b6fbb10729ed4da8c3d3f5a3ae7c9-Paper-round2.pdf,,,Full given name and surname occur together in the matched publication author block.
AIandtheEverythingin041,"Bender, Emily M.","Bender, Emily M.",confirmed,Publication opening-page author block,https://datasets-benchmarks-proceedings.neurips.cc/paper_files/paper/2021/file/084b6fbb10729ed4da8c3d3f5a3ae7c9-Paper-round2.pdf,,,Full given name and surname occur together in the matched publication author block.
AIandtheEverythingin041,"Hanna, Alex","Hanna, Alex",confirmed,Publication opening-page author block,https://datasets-benchmarks-proceedings.neurips.cc/paper_files/paper/2021/file/084b6fbb10729ed4da8c3d3f5a3ae7c9-Paper-round2.pdf,,,Full given name and surname occur together in the matched publication author block.
AIandtheEverythingin041,"Paullada, Amandalynne","Paullada, Amandalynne",confirmed,Publication opening-page author block,https://datasets-benchmarks-proceedings.neurips.cc/paper_files/paper/2021/file/084b6fbb10729ed4da8c3d3f5a3ae7c9-Paper-round2.pdf,,,Full given name and surname occur together in the matched publication author block.
AIAssuranceAuditofRo042,"Brennen, Andrea","Brennen, Andrea",unverified,,,,,No sufficient publication-specific author evidence found.
AIAssuranceAuditofRo042,"Ashley, Ryan","Ashley, Ryan",unverified,,,,,No sufficient publication-specific author evidence found.
AIAssuranceAuditofRo042,"Calix, Ricardo","Calix, Ricardo",unverified,,,,,No sufficient publication-specific author evidence found.
AIAssuranceAuditofRo042,"Ben-Joseph, JJ","Ben-Joseph, JJ",unverified,,,,,No sufficient publication-specific author evidence found.
AIAssuranceAuditofRo042,"Sieniawski, George","Sieniawski, George",unverified,,,,,No sufficient publication-specific author evidence found.
AIAssuranceAuditofRo042,"Gogia, Mona","Gogia, Mona",unverified,,,,,No sufficient publication-specific author evidence found.
AIAssuranceAuditofRo042,BNH.AI,BNH.AI,unverified,,,,,No sufficient publication-specific author evidence found.
AIFairness360AnExten043,"Bellamy, Rachel K. E.","Bellamy, Rachel K. E.",confirmed,Publication page author metadata,https://arxiv.org/abs/1810.01943,"Bellamy, Rachel K. E.",,Name matches an author of the externally matched publication; initial differences are compatible.
AIFairness360AnExten043,"Dey, Kuntal","Dey, Kuntal",confirmed,Publication page author metadata,https://arxiv.org/abs/1810.01943,"Dey, Kuntal",,Name matches an author of the externally matched publication; initial differences are compatible.
AIFairness360AnExten043,"Hind, Michael","Hind, Michael",confirmed,Publication page author metadata,https://arxiv.org/abs/1810.01943,"Hind, Michael",,Name matches an author of the externally matched publication; initial differences are compatible.
AIFairness360AnExten043,"Hoffman, Samuel C.","Hoffman, Samuel C.",confirmed,Publication page author metadata,https://arxiv.org/abs/1810.01943,"Hoffman, Samuel C.",,Name matches an author of the externally matched publication; initial differences are compatible.
AIFairness360AnExten043,"Houde, Stephanie","Houde, Stephanie",confirmed,Publication page author metadata,https://arxiv.org/abs/1810.01943,"Houde, Stephanie",,Name matches an author of the externally matched publication; initial differences are compatible.
AIFairness360AnExten043,"Kannan, Kalapriya","Kannan, Kalapriya",confirmed,Publication page author metadata,https://arxiv.org/abs/1810.01943,"Kannan, Kalapriya",,Name matches an author of the externally matched publication; initial differences are compatible.
AIFairness360AnExten043,"Lohia, Pranay","Lohia, Pranay",confirmed,Publication page author metadata,https://arxiv.org/abs/1810.01943,"Lohia, Pranay",,Name matches an author of the externally matched publication; initial differences are compatible.
AIFairness360AnExten043,"Martino, Jacquelyn","Martino, Jacquelyn",confirmed,Publication page author metadata,https://arxiv.org/abs/1810.01943,"Martino, Jacquelyn",,Name matches an author of the externally matched publication; initial differences are compatible.
AIFairness360AnExten043,"Mehta, Sameep","Mehta, Sameep",confirmed,Publication page author metadata,https://arxiv.org/abs/1810.01943,"Mehta, Sameep",,Name matches an author of the externally matched publication; initial differences are compatible.
AIFairness360AnExten043,"Mojsilovic, Aleksandra","Mojsilovic, Aleksandra",confirmed,Publication page author metadata,https://arxiv.org/abs/1810.01943,"Mojsilovic, Aleksandra",,Name matches an author of the externally matched publication; initial differences are compatible.
AIFairness360AnExten043,"Nagar, Seema","Nagar, Seema",confirmed,Publication page author metadata,https://arxiv.org/abs/1810.01943,"Nagar, Seema",,Name matches an author of the externally matched publication; initial differences are compatible.
AIFairness360AnExten043,"Ramamurthy, Karthikeyan Natesan","Ramamurthy, Karthikeyan Natesan",confirmed,Publication page author metadata,https://arxiv.org/abs/1810.01943,"Ramamurthy, Karthikeyan Natesan",,Name matches an author of the externally matched publication; initial differences are compatible.
AIFairness360AnExten043,"Richards, John","Richards, John",confirmed,Publication page author metadata,https://arxiv.org/abs/1810.01943,"Richards, John",,Name matches an author of the externally matched publication; initial differences are compatible.
AIFairness360AnExten043,"Saha, Diptikalyan","Saha, Diptikalyan",confirmed,Publication page author metadata,https://arxiv.org/abs/1810.01943,"Saha, Diptikalyan",,Name matches an author of the externally matched publication; initial differences are compatible.
AIFairness360AnExten043,"Sattigeri, Prasanna","Sattigeri, Prasanna",confirmed,Publication page author metadata,https://arxiv.org/abs/1810.01943,"Sattigeri, Prasanna",,Name matches an author of the externally matched publication; initial differences are compatible.
AIFairness360AnExten043,"Singh, Moninder","Singh, Moninder",confirmed,Publication page author metadata,https://arxiv.org/abs/1810.01943,"Singh, Moninder",,Name matches an author of the externally matched publication; initial differences are compatible.
AIFairness360AnExten043,"Varshney, Kush R.","Varshney, Kush R.",confirmed,Publication page author metadata,https://arxiv.org/abs/1810.01943,"Varshney, Kush R.",,Name matches an author of the externally matched publication; initial differences are compatible.
AIFairness360AnExten043,"Zhang, Yunfeng","Zhang, Yunfeng",confirmed,Publication page author metadata,https://arxiv.org/abs/1810.01943,"Zhang, Yunfeng",,Name matches an author of the externally matched publication; initial differences are compatible.
AIgeneratescovertlyr044,"Hofmann, Valentin","Hofmann, Valentin",confirmed,Publication page author metadata,https://www.nature.com/articles/s41586-024-07856-5?error=cookies_not_supported&code=9b63b6e7-8b9b-4299-aecd-c1e44fc22515,"Hofmann, Valentin",,Name matches an author of the externally matched publication; initial differences are compatible.
AIgeneratescovertlyr044,"Kalluri, Pratyusha Ria","Kalluri, Pratyusha Ria",confirmed,Publication page author metadata,https://www.nature.com/articles/s41586-024-07856-5?error=cookies_not_supported&code=9b63b6e7-8b9b-4299-aecd-c1e44fc22515,"Kalluri, Pratyusha Ria",,Name matches an author of the externally matched publication; initial differences are compatible.
AIgeneratescovertlyr044,"Jurafsky, Dan","Jurafsky, Dan",confirmed,Publication page author metadata,https://www.nature.com/articles/s41586-024-07856-5?error=cookies_not_supported&code=9b63b6e7-8b9b-4299-aecd-c1e44fc22515,"Jurafsky, Dan",,Name matches an author of the externally matched publication; initial differences are compatible.
AIgeneratescovertlyr044,"King, Sharese","King, Sharese",confirmed,Publication page author metadata,https://www.nature.com/articles/s41586-024-07856-5?error=cookies_not_supported&code=9b63b6e7-8b9b-4299-aecd-c1e44fc22515,"King, Sharese",,Name matches an author of the externally matched publication; initial differences are compatible.
AIIncidentDatabase045,{Responsible AI Collaborative},{Responsible AI Collaborative},unverified,,,,,No sufficient publication-specific author evidence found.
AIsafetyisanarrative047,"Coldicutt, Rachel","Coldicutt, Rachel",unverified,,,,,No sufficient publication-specific author evidence found.
AISustainabilityinPr048,"Leslie, David","Leslie, David",confirmed,Publisher-deposited DOI author list,https://api.crossref.org/works/10.2139%2Fssrn.4731832,"Leslie, David",,Complete authoritative author list matches all previously listed authors; restore omitted authors in source order.
AISustainabilityinPr048,"Rincon, Cami","Rincon, Cami",confirmed,Publisher-deposited DOI author list,https://api.crossref.org/works/10.2139%2Fssrn.4731832,"Rincon, Cami",,Complete authoritative author list matches all previously listed authors; restore omitted authors in source order.
AISustainabilityinPr048,"Briggs, Morgan","Briggs, Morgan",confirmed,Publisher-deposited DOI author list,https://api.crossref.org/works/10.2139%2Fssrn.4731832,"Briggs, Morgan",,Complete authoritative author list matches all previously listed authors; restore omitted authors in source order.
AISustainabilityinPr048,,"Perini, Antonella",corrected,Publisher-deposited DOI author list,https://api.crossref.org/works/10.2139%2Fssrn.4731832,"Perini, Antonella",,Complete authoritative author list matches all previously listed authors; restore omitted authors in source order.
AISustainabilityinPr048,,"Jayadeva, Smera",corrected,Publisher-deposited DOI author list,https://api.crossref.org/works/10.2139%2Fssrn.4731832,"Jayadeva, Smera",,Complete authoritative author list matches all previously listed authors; restore omitted authors in source order.
AISustainabilityinPr048,,"Borda, Ann",corrected,Publisher-deposited DOI author list,https://api.crossref.org/works/10.2139%2Fssrn.4731832,"Borda, Ann",,Complete authoritative author list matches all previously listed authors; restore omitted authors in source order.
AISustainabilityinPr048,,"Bennett, SJ",corrected,Publisher-deposited DOI author list,https://api.crossref.org/works/10.2139%2Fssrn.4731832,"Bennett, SJ",,Complete authoritative author list matches all previously listed authors; restore omitted authors in source order.
AISustainabilityinPr048,,"Burr, Christopher",corrected,Publisher-deposited DOI author list,https://api.crossref.org/works/10.2139%2Fssrn.4731832,"Burr, Christopher",https://orcid.org/0000-0003-0386-8182,Complete authoritative author list matches all previously listed authors; restore omitted authors in source order.
AISustainabilityinPr048,,"Aitken, Mhairi",corrected,Publisher-deposited DOI author list,https://api.crossref.org/works/10.2139%2Fssrn.4731832,"Aitken, Mhairi",,Complete authoritative author list matches all previously listed authors; restore omitted authors in source order.
AISustainabilityinPr048,,"Katell, Michael",corrected,Publisher-deposited DOI author list,https://api.crossref.org/works/10.2139%2Fssrn.4731832,"Katell, Michael",https://orcid.org/0000-0003-2200-6246,Complete authoritative author list matches all previously listed authors; restore omitted authors in source order.
AISustainabilityinPr048,,"Fischer, Claudia",corrected,Publisher-deposited DOI author list,https://api.crossref.org/works/10.2139%2Fssrn.4731832,"Fischer, Claudia",,Complete authoritative author list matches all previously listed authors; restore omitted authors in source order.
AISustainabilityinPr048,,"Wong, Janis",corrected,Publisher-deposited DOI author list,https://api.crossref.org/works/10.2139%2Fssrn.4731832,"Wong, Janis",,Complete authoritative author list matches all previously listed authors; restore omitted authors in source order.
AISustainabilityinPr048,,"Kherroubi Garcia, Ismael",corrected,Publisher-deposited DOI author list,https://api.crossref.org/works/10.2139%2Fssrn.4731832,"Kherroubi Garcia, Ismael",https://orcid.org/0000-0002-6850-8375,Complete authoritative author list matches all previously listed authors; restore omitted authors in source order.
AIUseTaxonomyAHumanC049,"Theofanos, M.","Theofanos, Mary",corrected,Reviewed publication-specific name evidence,https://nvlpubs.nist.gov/nistpubs/ai/NIST.AI.200-1.pdf,"Theofanos, Mary",,NIST report cover explicitly prints Mary Theofanos; DOI list omits her.
AIUseTaxonomyAHumanC049,"Choong, Y.","Choong, Yee-Yin",corrected,Publisher-deposited DOI author list,https://api.crossref.org/works/10.6028%2FNIST.AI.200-1,"Choong, Yee-Yin",https://orcid.org/0000-0002-3889-6047,Name matches an author of the externally matched publication; initial differences are compatible.
AIUseTaxonomyAHumanC049,"Jensen, T.","Jensen, Theodore",corrected,Publisher-deposited DOI author list,https://api.crossref.org/works/10.6028%2FNIST.AI.200-1,"Jensen, Theodore",https://orcid.org/0000-0003-4969-4456,Name matches an author of the externally matched publication; initial differences are compatible.
AILIEDARExaminethetr050,"Su, Zhe","Su, Zhe",confirmed,Publication opening-page author block,https://aclanthology.org/2025.naacl-long.595.pdf,,,Full given name and surname occur together in the matched publication author block.
AILIEDARExaminethetr050,"Zhou, Xuhui","Zhou, Xuhui",confirmed,Publication opening-page author block,https://aclanthology.org/2025.naacl-long.595.pdf,,,Full given name and surname occur together in the matched publication author block.
AILIEDARExaminethetr050,"Rangreji, Sanketh","Rangreji, Sanketh",confirmed,Publication opening-page author block,https://aclanthology.org/2025.naacl-long.595.pdf,,,Full given name and surname occur together in the matched publication author block.
AILIEDARExaminethetr050,"Kabra, Anubha","Kabra, Anubha",confirmed,Publication opening-page author block,https://aclanthology.org/2025.naacl-long.595.pdf,,,Full given name and surname occur together in the matched publication author block.
AILIEDARExaminethetr050,"Mendelsohn, Julia","Mendelsohn, Julia",confirmed,Publication opening-page author block,https://aclanthology.org/2025.naacl-long.595.pdf,,,Full given name and surname occur together in the matched publication author block.
AILIEDARExaminethetr050,"Brahman, Faeze","Brahman, Faeze",confirmed,Publication opening-page author block,https://aclanthology.org/2025.naacl-long.595.pdf,,,Full given name and surname occur together in the matched publication author block.
AILIEDARExaminethetr050,"Sap, Maarten","Sap, Maarten",confirmed,Publication opening-page author block,https://aclanthology.org/2025.naacl-long.595.pdf,,,Full given name and surname occur together in the matched publication author block.
AlgorithmicBiasandRi051,"Hasan, Ali","Hasan, Ali",unverified,,,,,No sufficient publication-specific author evidence found.
AlgorithmicBiasandRi051,"Brown, Shea","Brown, Shea",unverified,,,,,No sufficient publication-specific author evidence found.
AlgorithmicBiasandRi051,"Davidovic, Jovana","Davidovic, Jovana",unverified,,,,,No sufficient publication-specific author evidence found.
AlgorithmicBiasandRi051,"Lange, Benjamin","Lange, Benjamin",unverified,,,,,No sufficient publication-specific author evidence found.
AlgorithmicBiasandRi051,"Regan, Mitt","Regan, Mitt",unverified,,,,,No sufficient publication-specific author evidence found.
AlgorithmicImpactAss052,"Reisman, Dillon","Reisman, Dillon",confirmed,Publication opening-page author block,https://www.nist.gov/system/files/documents/2021/10/04/aiareport2018.pdf,,,Full given name and surname occur together in the matched publication author block.
AlgorithmicImpactAss052,"Schultz, Jason","Schultz, Jason",confirmed,Publication opening-page author block,https://www.nist.gov/system/files/documents/2021/10/04/aiareport2018.pdf,,,Full given name and surname occur together in the matched publication author block.
AlgorithmicImpactAss052,"Crawford, Kate","Crawford, Kate",confirmed,Publication opening-page author block,https://www.nist.gov/system/files/documents/2021/10/04/aiareport2018.pdf,,,Full given name and surname occur together in the matched publication author block.
AlgorithmicImpactAss052,"Whittaker, Meredith","Whittaker, Meredith",confirmed,Publication opening-page author block,https://www.nist.gov/system/files/documents/2021/10/04/aiareport2018.pdf,,,Full given name and surname occur together in the matched publication author block.
AllenNLPInterpretAFr053,"Wallace, Eric","Wallace, Eric",confirmed,Publication page author metadata,https://arxiv.org/abs/1909.09251,"Wallace, Eric",,Name matches an author of the externally matched publication; initial differences are compatible.
AllenNLPInterpretAFr053,"Tuyls, Jens","Tuyls, Jens",confirmed,Publication page author metadata,https://arxiv.org/abs/1909.09251,"Tuyls, Jens",,Name matches an author of the externally matched publication; initial differences are compatible.
AllenNLPInterpretAFr053,"Wang, Junlin","Wang, Junlin",confirmed,Publication page author metadata,https://arxiv.org/abs/1909.09251,"Wang, Junlin",,Name matches an author of the externally matched publication; initial differences are compatible.
AllenNLPInterpretAFr053,"Subramanian, Sanjay","Subramanian, Sanjay",confirmed,Publication page author metadata,https://arxiv.org/abs/1909.09251,"Subramanian, Sanjay",,Name matches an author of the externally matched publication; initial differences are compatible.
AllenNLPInterpretAFr053,"Gardner, Matt","Gardner, Matt",confirmed,Publication page author metadata,https://arxiv.org/abs/1909.09251,"Gardner, Matt",,Name matches an author of the externally matched publication; initial differences are compatible.
AllenNLPInterpretAFr053,"Singh, Sameer","Singh, Sameer",confirmed,Publication page author metadata,https://arxiv.org/abs/1909.09251,"Singh, Sameer",,Name matches an author of the externally matched publication; initial differences are compatible.
AmericansUseAIinEver054,{Gallup},{Gallup},unverified,,,,,No sufficient publication-specific author evidence found.
AmericansUseAIinEver054,{Telescope Foundation},{Telescope Foundation},unverified,,,,,No sufficient publication-specific author evidence found.
AnEfficientExplanati055,"Kononenko, Igor","Kononenko, Igor",confirmed,Publication opening-page author block,https://www.jmlr.org/papers/volume11/strumbelj10a/strumbelj10a.pdf,,,Full given name and surname occur together in the matched publication author block.
AnEfficientExplanati055,others,others,unverified,,,,,No sufficient publication-specific author evidence found.
AnEfficientPatternRe056,"Hall, Patrick","Hall, Patrick",confirmed,Publication opening-page author block,https://support.sas.com/resources/papers/proceedings16/SAS3100-2016.pdf,,,Full given name and surname occur together in the matched publication author block.
AnEfficientPatternRe056,"Silva, Jorge","Silva, Jorge",confirmed,Publication opening-page author block,https://support.sas.com/resources/papers/proceedings16/SAS3100-2016.pdf,,,Full given name and surname occur together in the matched publication author block.
AnEfficientPatternRe056,"Kabul, Ilknur Kaynar","Kabul, Ilknur Kaynar",confirmed,Publication opening-page author block,https://support.sas.com/resources/papers/proceedings16/SAS3100-2016.pdf,,,Full given name and surname occur together in the matched publication author block.
AnEfficientPatternRe056,"Holdaway, Keith","Holdaway, Keith",confirmed,Publication opening-page author block,https://support.sas.com/resources/papers/proceedings16/SAS3100-2016.pdf,,,Full given name and surname occur together in the matched publication author block.
AnEfficientPatternRe056,"Chien, Alex","Chien, Alex",confirmed,Publication opening-page author block,https://support.sas.com/resources/papers/proceedings16/SAS3100-2016.pdf,,,Full given name and surname occur together in the matched publication author block.
AnEmpiricalCompariso057,"Lamba, Hemank","Lamba, Hemank",unverified,,,,,No sufficient publication-specific author evidence found.
AnEmpiricalCompariso057,"Rodolfa, Kit T.","Rodolfa, Kit T.",unverified,,,,,No sufficient publication-specific author evidence found.
AnEmpiricalCompariso057,"Ghani, Rayid","Ghani, Rayid",unverified,,,,,No sufficient publication-specific author evidence found.
Anevaluationonlargel058,"de Wynter, A.","de Wynter, A.",unverified,,,,,No sufficient publication-specific author evidence found.
Anevaluationonlargel058,others,others,unverified,,,,,No sufficient publication-specific author evidence found.
AnIntroductiontoArti059,"Schmidt, Nicholas","Schmidt, Nicholas",confirmed,Publication page author metadata,https://arxiv.org/abs/1911.05755,"Schmidt, Nicholas",,Name matches an author of the externally matched publication; initial differences are compatible.
AnIntroductiontoArti059,"Stephens, Bryce","Stephens, Bryce",confirmed,Publication page author metadata,https://arxiv.org/abs/1911.05755,"Stephens, Bryce",,Name matches an author of the externally matched publication; initial differences are compatible.
AnIntroductiontoMach060,"Hall, Patrick","Hall, Patrick",confirmed,Reviewed full publication author list,https://h2o.ai/content/dam/h2o/en/marketing/documents/2019/08/An-Introduction-to-Machine-Learning-Interpretability-Second-Edition.pdf,"Hall, Patrick",,Original second-edition cover was visually reviewed during title verification and explicitly prints Patrick Hall and Navdeep Gill.
AnIntroductiontoMach060,"Gill, Navdeep","Gill, Navdeep",confirmed,Reviewed full publication author list,https://h2o.ai/content/dam/h2o/en/marketing/documents/2019/08/An-Introduction-to-Machine-Learning-Interpretability-Second-Edition.pdf,"Gill, Navdeep",,Original second-edition cover was visually reviewed during title verification and explicitly prints Patrick Hall and Navdeep Gill.
AnOverviewofMachineL061,"Hall, Patrick","Hall, Patrick",confirmed,Publication opening-page author block,https://support.sas.com/resources/papers/proceedings14/SAS313-2014.pdf,,,Full given name and surname occur together in the matched publication author block.
AnOverviewofMachineL061,"Dean, Jared","Dean, Jared",confirmed,Publication opening-page author block,https://support.sas.com/resources/papers/proceedings14/SAS313-2014.pdf,,,Full given name and surname occur together in the matched publication author block.
AnOverviewofMachineL061,"Kabul, Ilknur Kaynar","Kabul, Ilknur Kaynar",confirmed,Publication opening-page author block,https://support.sas.com/resources/papers/proceedings14/SAS313-2014.pdf,,,Full given name and surname occur together in the matched publication author block.
AnOverviewofMachineL061,"Silva, Jorge","Silva, Jorge",confirmed,Publication opening-page author block,https://support.sas.com/resources/papers/proceedings14/SAS313-2014.pdf,,,Full given name and surname occur together in the matched publication author block.
AnalysisofRegression062,"Lipovetsky, Stan","Lipovetsky, Stan",unverified,,,,,No sufficient publication-specific author evidence found.
AnalysisofRegression062,"Conklin, Michael","Conklin, Michael",unverified,,,,,No sufficient publication-specific author evidence found.
Analyticalresultsfor063,"Thompson, Andrew","Thompson, Andrew",confirmed,Publication page author metadata,https://arxiv.org/abs/2404.11224,"Thompson, Andrew",,Name matches an author of the externally matched publication; initial differences are compatible.
Analyzingdigitaldisc064,"Bou-Franch, Patricia","Bou-Franch, Patricia",unverified,,,,,No sufficient publication-specific author evidence found.
Analyzingdigitaldisc064,"Blitvich, Pilar Garc{\'e}s-Conejos","Blitvich, Pilar Garc{\'e}s-Conejos",unverified,,,,,No sufficient publication-specific author evidence found.
AnchorsHighPrecision065,"Ribeiro, Marco Tulio","Ribeiro, Marco Tulio",confirmed,Publication opening-page author block,https://homes.cs.washington.edu/~marcotcr/aaai18.pdf,,,Full given name and surname occur together in the matched publication author block.
AnchorsHighPrecision065,"Singh, Sameer","Singh, Sameer",confirmed,Publication opening-page author block,https://homes.cs.washington.edu/~marcotcr/aaai18.pdf,,,Full given name and surname occur together in the matched publication author block.
AnchorsHighPrecision065,"Guestrin, Carlos","Guestrin, Carlos",confirmed,Publication opening-page author block,https://homes.cs.washington.edu/~marcotcr/aaai18.pdf,,,Full given name and surname occur together in the matched publication author block.
Answeringthecallfora066,"Hayes, Andrew F.","Hayes, Andrew F.",unverified,,,,,No sufficient publication-specific author evidence found.
Answeringthecallfora066,"Krippendorff, Klaus","Krippendorff, Klaus",unverified,,,,,No sufficient publication-specific author evidence found.
AnthropicResponsible067,"Hubinger, Evan","Hubinger, Evan",unverified,,,,,No sufficient publication-specific author evidence found.
AreEmilyandGregmoree068,"Bertrand, M.","Bertrand, Marianne",corrected,Publisher-deposited DOI author list,https://api.crossref.org/works/10.1257%2F0002828042002561,"Bertrand, Marianne",,Name matches an author of the externally matched publication; initial differences are compatible.
AreEmilyandGregmoree068,"Mullainathan, S.","Mullainathan, Sendhil",corrected,Publisher-deposited DOI author list,https://api.crossref.org/works/10.1257%2F0002828042002561,"Mullainathan, Sendhil",,Name matches an author of the externally matched publication; initial differences are compatible.
AreLanguageModelsWor069,"Webson, Albert","Webson, Albert",confirmed,Publication page author metadata,https://arxiv.org/abs/2301.07085,"Webson, Albert",,Name matches an author of the externally matched publication; initial differences are compatible.
AreLanguageModelsWor069,"Loo, Alyssa Marie","Loo, Alyssa Marie",confirmed,Publication page author metadata,https://arxiv.org/abs/2301.07085,"Loo, Alyssa Marie",,Name matches an author of the externally matched publication; initial differences are compatible.
AreLanguageModelsWor069,"Yu, Qinan","Yu, Qinan",confirmed,Publication page author metadata,https://arxiv.org/abs/2301.07085,"Yu, Qinan",,Name matches an author of the externally matched publication; initial differences are compatible.
AreLanguageModelsWor069,"Pavlick, Ellie","Pavlick, Ellie",confirmed,Publication page author metadata,https://arxiv.org/abs/2301.07085,"Pavlick, Ellie",,Name matches an author of the externally matched publication; initial differences are compatible.
AreWeLearningYetAMet070,"Liao, Thomas","Liao, Thomas",confirmed,Publication opening-page author block,https://datasets-benchmarks-proceedings.neurips.cc/paper_files/paper/2021/file/757b505cfd34c64c85ca5b5690ee5293-Paper-round2.pdf,,,Full given name and surname occur together in the matched publication author block.
AreWeLearningYetAMet070,"Taori, Rohan","Taori, Rohan",confirmed,Publication opening-page author block,https://datasets-benchmarks-proceedings.neurips.cc/paper_files/paper/2021/file/757b505cfd34c64c85ca5b5690ee5293-Paper-round2.pdf,,,Full given name and surname occur together in the matched publication author block.
AreWeLearningYetAMet070,"Raji, Deborah","Raji, Deborah",confirmed,Publication opening-page author block,https://datasets-benchmarks-proceedings.neurips.cc/paper_files/paper/2021/file/757b505cfd34c64c85ca5b5690ee5293-Paper-round2.pdf,,,Full given name and surname occur together in the matched publication author block.
AreWeLearningYetAMet070,"Schmidt, Ludwig","Schmidt, Ludwig",confirmed,Publication opening-page author block,https://datasets-benchmarks-proceedings.neurips.cc/paper_files/paper/2021/file/757b505cfd34c64c85ca5b5690ee5293-Paper-round2.pdf,,,Full given name and surname occur together in the matched publication author block.
ArtificialHallucinat071,"Alkaissi, Hussam","Alkaissi, Hussam",confirmed,Publisher-deposited DOI author list,https://api.crossref.org/works/10.7759%2Fcureus.35179,"Alkaissi, Hussam",,Name matches an author of the externally matched publication; initial differences are compatible.
ArtificialHallucinat071,"McFarlane, Samy I.","McFarlane, Samy I.",confirmed,Publisher-deposited DOI author list,https://api.crossref.org/works/10.7759%2Fcureus.35179,"McFarlane, Samy I.",,Name matches an author of the externally matched publication; initial differences are compatible.
ArtificialIntelligen072,"Russell, Stuart J.","Russell, Stuart J.",unverified,,,,,No sufficient publication-specific author evidence found.
ArtificialIntelligen073,{EU},{EU},unverified,,,,,No sufficient publication-specific author evidence found.
Artificialintelligen074,"McGenity, Clare","McGenity, Clare",confirmed,Publisher-deposited DOI author list,https://api.crossref.org/works/10.1038%2Fs41746-024-01106-8,"McGenity, Clare",https://orcid.org/0000-0002-0224-2340,Name matches an author of the externally matched publication; initial differences are compatible.
Artificialintelligen074,"Clarke, Emily L.","Clarke, Emily L.",confirmed,Publisher-deposited DOI author list,https://api.crossref.org/works/10.1038%2Fs41746-024-01106-8,"Clarke, Emily L.",,Name matches an author of the externally matched publication; initial differences are compatible.
Artificialintelligen074,"Jennings, Charlotte","Jennings, Charlotte",confirmed,Publisher-deposited DOI author list,https://api.crossref.org/works/10.1038%2Fs41746-024-01106-8,"Jennings, Charlotte",https://orcid.org/0000-0003-1584-4057,Name matches an author of the externally matched publication; initial differences are compatible.
Artificialintelligen074,"Matthews, Gillian","Matthews, Gillian",confirmed,Publisher-deposited DOI author list,https://api.crossref.org/works/10.1038%2Fs41746-024-01106-8,"Matthews, Gillian",https://orcid.org/0000-0001-6754-0333,Name matches an author of the externally matched publication; initial differences are compatible.
Artificialintelligen074,"Cartlidge, Caroline","Cartlidge, Caroline",confirmed,Publisher-deposited DOI author list,https://api.crossref.org/works/10.1038%2Fs41746-024-01106-8,"Cartlidge, Caroline",https://orcid.org/0000-0002-8366-4528,Name matches an author of the externally matched publication; initial differences are compatible.
Artificialintelligen074,"Freduah-Agyemang, Henschel","Freduah-Agyemang, Henschel",confirmed,Publisher-deposited DOI author list,https://api.crossref.org/works/10.1038%2Fs41746-024-01106-8,"Freduah-Agyemang, Henschel",https://orcid.org/0009-0007-4910-5013,Name matches an author of the externally matched publication; initial differences are compatible.
Artificialintelligen074,"Stocken, Deborah D.","Stocken, Deborah D.",confirmed,Publisher-deposited DOI author list,https://api.crossref.org/works/10.1038%2Fs41746-024-01106-8,"Stocken, Deborah D.",,Name matches an author of the externally matched publication; initial differences are compatible.
Artificialintelligen074,"Treanor, Darren","Treanor, Darren",confirmed,Publisher-deposited DOI author list,https://api.crossref.org/works/10.1038%2Fs41746-024-01106-8,"Treanor, Darren",https://orcid.org/0000-0002-4579-484X,Name matches an author of the externally matched publication; initial differences are compatible.
ArtificialIntelligen075,{FINRA},{FINRA},unverified,,,,,No sufficient publication-specific author evidence found.
ArtificialIntelligen076,"Mugdal, Yogesh et al.","Mugdal, Yogesh et al.",unverified,,,,,No sufficient publication-specific author evidence found.
ArtificialIntelligen077,{National Institute of Standards and Technology},{National Institute of Standards and Technology},unverified,,,,,No sufficient publication-specific author evidence found.
ArtificialIntelligen078,"Autio, Chloe","Autio, Chloe",confirmed,Reviewed full publication author list,https://www.nist.gov/people/chloe-autio,"Autio, Chloe",,"NIST author profile lists this exact 2024 publication and all eight individual authors, supplementing corporate-only DOI metadata."
ArtificialIntelligen078,"Schwartz, Reva","Schwartz, Reva",confirmed,Reviewed full publication author list,https://www.nist.gov/people/chloe-autio,"Schwartz, Reva",,"NIST author profile lists this exact 2024 publication and all eight individual authors, supplementing corporate-only DOI metadata."
ArtificialIntelligen078,"Dunietz, Jesse","Dunietz, Jesse",confirmed,Reviewed full publication author list,https://www.nist.gov/people/chloe-autio,"Dunietz, Jesse",,"NIST author profile lists this exact 2024 publication and all eight individual authors, supplementing corporate-only DOI metadata."
ArtificialIntelligen078,"Jain, Shomik","Jain, Shomik",confirmed,Reviewed full publication author list,https://www.nist.gov/people/chloe-autio,"Jain, Shomik",,"NIST author profile lists this exact 2024 publication and all eight individual authors, supplementing corporate-only DOI metadata."
ArtificialIntelligen078,"Stanley, Martin","Stanley, Martin",confirmed,Reviewed full publication author list,https://www.nist.gov/people/chloe-autio,"Stanley, Martin",,"NIST author profile lists this exact 2024 publication and all eight individual authors, supplementing corporate-only DOI metadata."
ArtificialIntelligen078,"Tabassi, Elham","Tabassi, Elham",confirmed,Reviewed full publication author list,https://www.nist.gov/people/chloe-autio,"Tabassi, Elham",,"NIST author profile lists this exact 2024 publication and all eight individual authors, supplementing corporate-only DOI metadata."
ArtificialIntelligen078,"Hall, Patrick","Hall, Patrick",confirmed,Reviewed full publication author list,https://www.nist.gov/people/chloe-autio,"Hall, Patrick",,"NIST author profile lists this exact 2024 publication and all eight individual authors, supplementing corporate-only DOI metadata."
ArtificialIntelligen078,"Roberts, Kamie","Roberts, Kamie",confirmed,Reviewed full publication author list,https://www.nist.gov/people/chloe-autio,"Roberts, Kamie",,"NIST author profile lists this exact 2024 publication and all eight individual authors, supplementing corporate-only DOI metadata."
ArtificialIntelligen079,"Russell, Stuart","Russell, Stuart",unverified,,,,,No sufficient publication-specific author evidence found.
ArtificialIntelligen079,"Norvig, Peter","Norvig, Peter",unverified,,,,,No sufficient publication-specific author evidence found.
AssessingImageQualit080,"Chiu, Tai-Yin","Chiu, Tai-Yin",confirmed,Publication opening-page author block,https://openaccess.thecvf.com/content_CVPR_2020/papers/Chiu_Assessing_Image_Quality_Issues_for_Real-World_Problems_CVPR_2020_paper.pdf,,,Full given name and surname occur together in the matched publication author block.
AssessingImageQualit080,"Zhao, Yinan","Zhao, Yinan",confirmed,Publication opening-page author block,https://openaccess.thecvf.com/content_CVPR_2020/papers/Chiu_Assessing_Image_Quality_Issues_for_Real-World_Problems_CVPR_2020_paper.pdf,,,Full given name and surname occur together in the matched publication author block.
AssessingImageQualit080,"Gurari, Danna","Gurari, Danna",confirmed,Publication opening-page author block,https://openaccess.thecvf.com/content_CVPR_2020/papers/Chiu_Assessing_Image_Quality_Issues_for_Real-World_Problems_CVPR_2020_paper.pdf,,,Full given name and surname occur together in the matched publication author block.
AssessingRisksandImp081,"Amironesei, Razvan","Amironesei, Razvan",confirmed,Publication opening-page author block,https://nvlpubs.nist.gov/nistpubs/ai/NIST.AI.700-2.pdf,,,Full given name and surname occur together in the matched publication author block.
AssessingRisksandImp081,"Godil, Afzal","Godil, Afzal",confirmed,Publication opening-page author block,https://nvlpubs.nist.gov/nistpubs/ai/NIST.AI.700-2.pdf,,,Full given name and surname occur together in the matched publication author block.
AssessingRisksandImp081,"Greenberg, Craig","Greenberg, Craig",confirmed,Publication opening-page author block,https://nvlpubs.nist.gov/nistpubs/ai/NIST.AI.700-2.pdf,,,Full given name and surname occur together in the matched publication author block.
AssessingRisksandImp081,"Greene, Kristen","Greene, Kristen",confirmed,Publication opening-page author block,https://nvlpubs.nist.gov/nistpubs/ai/NIST.AI.700-2.pdf,,,Full given name and surname occur together in the matched publication author block.
AssessingRisksandImp081,"Hall, Patrick","Hall, Patrick",confirmed,Publication opening-page author block,https://nvlpubs.nist.gov/nistpubs/ai/NIST.AI.700-2.pdf,,,Full given name and surname occur together in the matched publication author block.
AssessingRisksandImp081,"Jensen, Theodore","Jensen, Theodore",confirmed,Publication opening-page author block,https://nvlpubs.nist.gov/nistpubs/ai/NIST.AI.700-2.pdf,,,Full given name and surname occur together in the matched publication author block.
AssessingRisksandImp081,"Fiscus, Jonathan","Fiscus, Jonathan",confirmed,Publication opening-page author block,https://nvlpubs.nist.gov/nistpubs/ai/NIST.AI.700-2.pdf,,,Full given name and surname occur together in the matched publication author block.
AssessingRisksandImp081,"Schulman, Noah","Schulman, Noah",confirmed,Publication opening-page author block,https://nvlpubs.nist.gov/nistpubs/ai/NIST.AI.700-2.pdf,,,Full given name and surname occur together in the matched publication author block.
AssessingtheLocalInt082,"Friedler, Sorelle A.","Friedler, Sorelle A.",confirmed,Publication page author metadata,https://arxiv.org/abs/1902.03501,"Friedler, Sorelle A.",,Name matches an author of the externally matched publication; initial differences are compatible.
AssessingtheLocalInt082,"Roy, Chitradeep Dutta","Roy, Chitradeep Dutta",confirmed,Publication page author metadata,https://arxiv.org/abs/1902.03501,"Roy, Chitradeep Dutta",,Name matches an author of the externally matched publication; initial differences are compatible.
AssessingtheLocalInt082,"Scheidegger, Carlos","Scheidegger, Carlos",confirmed,Publication page author metadata,https://arxiv.org/abs/1902.03501,"Scheidegger, Carlos",,Name matches an author of the externally matched publication; initial differences are compatible.
AssessingtheLocalInt082,"Slack, Dylan","Slack, Dylan",confirmed,Publication page author metadata,https://arxiv.org/abs/1902.03501,"Slack, Dylan",,Name matches an author of the externally matched publication; initial differences are compatible.
ASTME301216StandardG083,{ASTM International},{ASTM International},unverified,,,,,No sufficient publication-specific author evidence found.
AsymmetricShapleyVal084,"Frye, Christopher","Frye, Christopher",confirmed,Publication page author metadata,https://arxiv.org/abs/1910.06358,"Frye, Christopher",,Name matches an author of the externally matched publication; initial differences are compatible.
AsymmetricShapleyVal084,"Rowat, Colin","Rowat, Colin",confirmed,Publication page author metadata,https://arxiv.org/abs/1910.06358,"Rowat, Colin",,Name matches an author of the externally matched publication; initial differences are compatible.
AsymmetricShapleyVal084,"Feige, Ilya","Feige, Ilya",confirmed,Publication page author metadata,https://arxiv.org/abs/1910.06358,"Feige, Ilya",,Name matches an author of the externally matched publication; initial differences are compatible.
AtlasofAIRisksEnhanc085,"Bogucka, Edyta","Bogucka, Edyta",confirmed,Publisher-deposited DOI author list,https://api.crossref.org/works/10.1609%2Fhcomp.v12i1.31598,"Bogucka, Edyta",,Name matches an author of the externally matched publication; initial differences are compatible.
AtlasofAIRisksEnhanc085,"{\v{S}}{\'c}epanovi{\'c}, Sanja","{\v{S}}{\'c}epanovi{\'c}, Sanja",confirmed,Publisher-deposited DOI author list,https://api.crossref.org/works/10.1609%2Fhcomp.v12i1.31598,"Šćepanović, Sanja",,Name matches an author of the externally matched publication; initial differences are compatible.
AtlasofAIRisksEnhanc085,"Quercia, Daniele","Quercia, Daniele",confirmed,Publisher-deposited DOI author list,https://api.crossref.org/works/10.1609%2Fhcomp.v12i1.31598,"Quercia, Daniele",,Name matches an author of the externally matched publication; initial differences are compatible.
AttentionisAllyouNee086,"Vaswani, Ashish","Vaswani, Ashish",confirmed,Publication opening-page author block,https://proceedings.neurips.cc/paper_files/paper/2017/file/3f5ee243547dee91fbd053c1c4a845aa-Paper.pdf,,,Full given name and surname occur together in the matched publication author block.
AttentionisAllyouNee086,"Shazeer, Noam","Shazeer, Noam",confirmed,Publication opening-page author block,https://proceedings.neurips.cc/paper_files/paper/2017/file/3f5ee243547dee91fbd053c1c4a845aa-Paper.pdf,,,Full given name and surname occur together in the matched publication author block.
AttentionisAllyouNee086,"Parmar, Niki","Parmar, Niki",confirmed,Publication opening-page author block,https://proceedings.neurips.cc/paper_files/paper/2017/file/3f5ee243547dee91fbd053c1c4a845aa-Paper.pdf,,,Full given name and surname occur together in the matched publication author block.
AttentionisAllyouNee086,"Uszkoreit, Jakob","Uszkoreit, Jakob",confirmed,Publication opening-page author block,https://proceedings.neurips.cc/paper_files/paper/2017/file/3f5ee243547dee91fbd053c1c4a845aa-Paper.pdf,,,Full given name and surname occur together in the matched publication author block.
AttentionisAllyouNee086,"Jones, Llion","Jones, Llion",confirmed,Publication opening-page author block,https://proceedings.neurips.cc/paper_files/paper/2017/file/3f5ee243547dee91fbd053c1c4a845aa-Paper.pdf,,,Full given name and surname occur together in the matched publication author block.
AttentionisAllyouNee086,"Gomez, Aidan N.","Gomez, Aidan N.",confirmed,Publication opening-page author block,https://proceedings.neurips.cc/paper_files/paper/2017/file/3f5ee243547dee91fbd053c1c4a845aa-Paper.pdf,,,Full given name and surname occur together in the matched publication author block.
AttentionisAllyouNee086,"Kaiser, \L ukasz","Kaiser, \L ukasz",confirmed,Publication opening-page author block,https://proceedings.neurips.cc/paper_files/paper/2017/file/3f5ee243547dee91fbd053c1c4a845aa-Paper.pdf,,,Full given name and surname occur together in the matched publication author block.
AttentionisAllyouNee086,"Polosukhin, Illia","Polosukhin, Illia",confirmed,Publication opening-page author block,https://proceedings.neurips.cc/paper_files/paper/2017/file/3f5ee243547dee91fbd053c1c4a845aa-Paper.pdf,,,Full given name and surname occur together in the matched publication author block.
AudioCapsGeneratingC087,"Kim, Chris Dongjoo","Kim, Chris Dongjoo",confirmed,Publisher-deposited DOI author list,https://api.crossref.org/works/10.18653%2Fv1%2Fn19-1011,"Kim, Chris Dongjoo",,Name matches an author of the externally matched publication; initial differences are compatible.
AudioCapsGeneratingC087,"Kim, Byeongchang","Kim, Byeongchang",confirmed,Publisher-deposited DOI author list,https://api.crossref.org/works/10.18653%2Fv1%2Fn19-1011,"Kim, Byeongchang",,Name matches an author of the externally matched publication; initial differences are compatible.
AudioCapsGeneratingC087,"Lee, Hyunmin","Lee, Hyunmin",confirmed,Publisher-deposited DOI author list,https://api.crossref.org/works/10.18653%2Fv1%2Fn19-1011,"Lee, Hyunmin",,Name matches an author of the externally matched publication; initial differences are compatible.
AudioCapsGeneratingC087,"Kim, Gunhee","Kim, Gunhee",confirmed,Publisher-deposited DOI author list,https://api.crossref.org/works/10.18653%2Fv1%2Fn19-1011,"Kim, Gunhee",,Name matches an author of the externally matched publication; initial differences are compatible.
AwesomeMachineLearni088,"Hall, Patrick","Hall, Patrick",normalized_by_user,User-approved canonical name,Explicit user normalization of Patrick Hall,,,"Retain the user-approved Hall, Patrick normalization and black marking."
AwesomeMachineLearni088,"Atherton, D.","Atherton, D.",unverified,,,,,No sufficient publication-specific author evidence found.
BatchNormalizationAc089,"Ioffe, Sergey","Ioffe, Sergey",confirmed,Publication page author metadata,https://arxiv.org/abs/1502.03167,"Ioffe, Sergey",,Name matches an author of the externally matched publication; initial differences are compatible.
BatchNormalizationAc089,"Szegedy, Christian","Szegedy, Christian",confirmed,Publication page author metadata,https://arxiv.org/abs/1502.03167,"Szegedy, Christian",,Name matches an author of the externally matched publication; initial differences are compatible.
BayesianNetworks090,"Pearl, Judea","Pearl, Judea",unverified,,,,,No sufficient publication-specific author evidence found.
BBQAHandBuiltBiasBen091,"Parrish, Alicia","Parrish, Alicia",confirmed,Publication page author metadata,https://arxiv.org/abs/2110.08193,"Parrish, Alicia",,Name matches an author of the externally matched publication; initial differences are compatible.
BBQAHandBuiltBiasBen091,"Chen, Angelica","Chen, Angelica",confirmed,Publication page author metadata,https://arxiv.org/abs/2110.08193,"Chen, Angelica",,Name matches an author of the externally matched publication; initial differences are compatible.
BBQAHandBuiltBiasBen091,"Nangia, Nikita","Nangia, Nikita",confirmed,Publication page author metadata,https://arxiv.org/abs/2110.08193,"Nangia, Nikita",,Name matches an author of the externally matched publication; initial differences are compatible.
BBQAHandBuiltBiasBen091,"Padmakumar, Vishakh","Padmakumar, Vishakh",confirmed,Publication page author metadata,https://arxiv.org/abs/2110.08193,"Padmakumar, Vishakh",,Name matches an author of the externally matched publication; initial differences are compatible.
BBQAHandBuiltBiasBen091,"Phang, Jason","Phang, Jason",confirmed,Publication page author metadata,https://arxiv.org/abs/2110.08193,"Phang, Jason",,Name matches an author of the externally matched publication; initial differences are compatible.
BBQAHandBuiltBiasBen091,"Thompson, Jana","Thompson, Jana",confirmed,Publication page author metadata,https://arxiv.org/abs/2110.08193,"Thompson, Jana",,Name matches an author of the externally matched publication; initial differences are compatible.
BBQAHandBuiltBiasBen091,"Htut, Phu Mon","Htut, Phu Mon",confirmed,Publication page author metadata,https://arxiv.org/abs/2110.08193,"Htut, Phu Mon",,Name matches an author of the externally matched publication; initial differences are compatible.
BBQAHandBuiltBiasBen091,"Bowman, Samuel R.","Bowman, Samuel R.",confirmed,Publication page author metadata,https://arxiv.org/abs/2110.08193,"Bowman, Samuel R.",,Name matches an author of the externally matched publication; initial differences are compatible.
BeliefintheLawofSmal092,"Tversky, Amos","Tversky, Amos",confirmed,Publisher-deposited DOI author list,https://api.crossref.org/works/10.1037%2Fh0031322,"Tversky, Amos",,Name matches an author of the externally matched publication; initial differences are compatible.
BeliefintheLawofSmal092,"Kahneman, Daniel","Kahneman, Daniel",confirmed,Publisher-deposited DOI author list,https://api.crossref.org/works/10.1037%2Fh0031322,"Kahneman, Daniel",,Name matches an author of the externally matched publication; initial differences are compatible.
BERTPreTrainingofDee093,"Devlin, Jacob","Devlin, Jacob",confirmed,Publication opening-page author block,https://aclanthology.org/N19-1423.pdf,,,Full given name and surname occur together in the matched publication author block.
BERTPreTrainingofDee093,"Chang, Ming-Wei","Chang, Ming-Wei",confirmed,Publication opening-page author block,https://aclanthology.org/N19-1423.pdf,,,Full given name and surname occur together in the matched publication author block.
BERTPreTrainingofDee093,"Lee, Kenton","Lee, Kenton",confirmed,Publication opening-page author block,https://aclanthology.org/N19-1423.pdf,,,Full given name and surname occur together in the matched publication author block.
BERTPreTrainingofDee093,"Toutanova, Kristina","Toutanova, Kristina",confirmed,Publication opening-page author block,https://aclanthology.org/N19-1423.pdf,,,Full given name and surname occur together in the matched publication author block.
BestPracticesforMach094,"Wujek, Brett","Wujek, Brett",confirmed,Publication opening-page author block,https://support.sas.com/resources/papers/proceedings16/SAS2360-2016.pdf,,,Full given name and surname occur together in the matched publication author block.
BestPracticesforMach094,"Hall, Patrick","Hall, Patrick",confirmed,Publication opening-page author block,https://support.sas.com/resources/papers/proceedings16/SAS2360-2016.pdf,,,Full given name and surname occur together in the matched publication author block.
BestPracticesforMach094,"G{\""u}nes, Funda","G{\""u}nes, Funda",confirmed,Publication opening-page author block,https://support.sas.com/resources/papers/proceedings16/SAS2360-2016.pdf,,,Full given name and surname occur together in the matched publication author block.
BeyondMemorizationVi095,"Staab, Robin","Staab, Robin",confirmed,Publication page author metadata,https://arxiv.org/abs/2310.07298,"Staab, Robin",,Name matches an author of the externally matched publication; initial differences are compatible.
BeyondMemorizationVi095,"Vero, Mark","Vero, Mark",confirmed,Publication page author metadata,https://arxiv.org/abs/2310.07298,"Vero, Mark",,Name matches an author of the externally matched publication; initial differences are compatible.
BeyondMemorizationVi095,"Balunović, Mislav","Balunović, Mislav",confirmed,Publication page author metadata,https://arxiv.org/abs/2310.07298,"Balunović, Mislav",,Name matches an author of the externally matched publication; initial differences are compatible.
BeyondMemorizationVi095,"Vechev, Martin","Vechev, Martin",confirmed,Publication page author metadata,https://arxiv.org/abs/2310.07298,"Vechev, Martin",,Name matches an author of the externally matched publication; initial differences are compatible.
BeyondMetricsACritic096,"Pimentel, Marco AF","Pimentel, Marco AF",confirmed,Publication page author metadata,https://arxiv.org/abs/2407.21072,"Pimentel, Marco AF",,Name matches an author of the externally matched publication; initial differences are compatible.
BeyondMetricsACritic096,"Christophe, Clément","Christophe, Clément",confirmed,Publication page author metadata,https://arxiv.org/abs/2407.21072,"Christophe, Clément",,Name matches an author of the externally matched publication; initial differences are compatible.
BeyondMetricsACritic096,"Raha, Tathagata","Raha, Tathagata",confirmed,Publication page author metadata,https://arxiv.org/abs/2407.21072,"Raha, Tathagata",,Name matches an author of the externally matched publication; initial differences are compatible.
BeyondMetricsACritic096,"Munjal, Prateek","Munjal, Prateek",confirmed,Publication page author metadata,https://arxiv.org/abs/2407.21072,"Munjal, Prateek",,Name matches an author of the externally matched publication; initial differences are compatible.
BeyondMetricsACritic096,"Kanithi, Praveen K","Kanithi, Praveen K",confirmed,Publication page author metadata,https://arxiv.org/abs/2407.21072,"Kanithi, Praveen K.",,Name matches an author of the externally matched publication; initial differences are compatible.
BeyondMetricsACritic096,"Khan, Shadab","Khan, Shadab",confirmed,Publication page author metadata,https://arxiv.org/abs/2407.21072,"Khan, Shadab",,Name matches an author of the externally matched publication; initial differences are compatible.
BeyondPreferencesinA097,"Zhi-Xuan, Tan","Zhi-Xuan, Tan",confirmed,Publisher-deposited DOI author list,https://api.crossref.org/works/10.1007%2Fs11098-024-02249-w,"Zhi-Xuan, Tan",https://orcid.org/0000-0002-1549-8492,Name matches an author of the externally matched publication; initial differences are compatible.
BeyondPreferencesinA097,"Carroll, Micah","Carroll, Micah",confirmed,Publisher-deposited DOI author list,https://api.crossref.org/works/10.1007%2Fs11098-024-02249-w,"Carroll, Micah",,Name matches an author of the externally matched publication; initial differences are compatible.
BeyondPreferencesinA097,"Franklin, Matija","Franklin, Matija",confirmed,Publisher-deposited DOI author list,https://api.crossref.org/works/10.1007%2Fs11098-024-02249-w,"Franklin, Matija",,Name matches an author of the externally matched publication; initial differences are compatible.
BeyondPreferencesinA097,"Ashton, Hal","Ashton, Hal",confirmed,Publisher-deposited DOI author list,https://api.crossref.org/works/10.1007%2Fs11098-024-02249-w,"Ashton, Hal",,Name matches an author of the externally matched publication; initial differences are compatible.
BeyondtheImitationGa098,"Srivastava, A.","Srivastava, Aarohi",corrected,Publication page author metadata,https://arxiv.org/abs/2206.04615,"Srivastava, Aarohi",,Name matches an author of the externally matched publication; initial differences are compatible.
BeyondtheImitationGa098,others,others,unverified,,,,,No sufficient publication-specific author evidence found.
BiasandFairnessinLar099,"Gallegos, Isabel O.","Gallegos, Isabel O.",confirmed,Publisher-deposited DOI author list,https://api.crossref.org/works/10.1162%2Fcoli_a_00524,"Gallegos, Isabel O.",,Name matches an author of the externally matched publication; initial differences are compatible.
BiasandFairnessinLar099,"Rossi, Ryan A.","Rossi, Ryan A.",confirmed,Publisher-deposited DOI author list,https://api.crossref.org/works/10.1162%2Fcoli_a_00524,"Rossi, Ryan A.",,Name matches an author of the externally matched publication; initial differences are compatible.
BiasandFairnessinLar099,"Barrow, Joe","Barrow, Joe",confirmed,Publisher-deposited DOI author list,https://api.crossref.org/works/10.1162%2Fcoli_a_00524,"Barrow, Joe",,Name matches an author of the externally matched publication; initial differences are compatible.
BiasandFairnessinLar099,"Tanjim, Md Mehrab","Tanjim, Md Mehrab",confirmed,Publisher-deposited DOI author list,https://api.crossref.org/works/10.1162%2Fcoli_a_00524,"Tanjim, Md Mehrab",,Name matches an author of the externally matched publication; initial differences are compatible.
BiasandFairnessinLar099,"Kim, Sungchul","Kim, Sungchul",confirmed,Publisher-deposited DOI author list,https://api.crossref.org/works/10.1162%2Fcoli_a_00524,"Kim, Sungchul",,Name matches an author of the externally matched publication; initial differences are compatible.
BiasandFairnessinLar099,"Dernoncourt, Franck","Dernoncourt, Franck",confirmed,Publisher-deposited DOI author list,https://api.crossref.org/works/10.1162%2Fcoli_a_00524,"Dernoncourt, Franck",,Name matches an author of the externally matched publication; initial differences are compatible.
BiasandFairnessinLar099,"Yu, Tong","Yu, Tong",confirmed,Publisher-deposited DOI author list,https://api.crossref.org/works/10.1162%2Fcoli_a_00524,"Yu, Tong",,Name matches an author of the externally matched publication; initial differences are compatible.
BiasandFairnessinLar099,"Zhang, Ruiyi","Zhang, Ruiyi",confirmed,Publisher-deposited DOI author list,https://api.crossref.org/works/10.1162%2Fcoli_a_00524,"Zhang, Ruiyi",,Name matches an author of the externally matched publication; initial differences are compatible.
BiasandFairnessinLar099,"Ahmed, Nesreen K.","Ahmed, Nesreen K.",confirmed,Publisher-deposited DOI author list,https://api.crossref.org/works/10.1162%2Fcoli_a_00524,"Ahmed, Nesreen K.",,Name matches an author of the externally matched publication; initial differences are compatible.
BingChatDataExfiltra100,{Embrace The Red},{Embrace The Red},unverified,,,,,No sufficient publication-specific author evidence found.
BLEUAmethodforautoma101,"Papineni, Kishore","Papineni, Kishore",confirmed,Publication page author metadata,https://aclanthology.org/P02-1040/,"Papineni, Kishore",,Name matches an author of the externally matched publication; initial differences are compatible.
BLEUAmethodforautoma101,"Roukos, Salim","Roukos, Salim",confirmed,Publication page author metadata,https://aclanthology.org/P02-1040/,"Roukos, Salim",,Name matches an author of the externally matched publication; initial differences are compatible.
BLEUAmethodforautoma101,"Ward, Todd","Ward, Todd",confirmed,Publication page author metadata,https://aclanthology.org/P02-1040/,"Ward, Todd",,Name matches an author of the externally matched publication; initial differences are compatible.
BLEUAmethodforautoma101,"Zhu, Wei-Jing","Zhu, Wei-Jing",confirmed,Publication page author metadata,https://aclanthology.org/P02-1040/,"Zhu, Wei-Jing",,Name matches an author of the externally matched publication; initial differences are compatible.
BOLDDatasetandMetric102,"Dhamala, Jwala","Dhamala, Jwala",confirmed,Publisher-deposited DOI author list,https://api.crossref.org/works/10.1145%2F3442188.3445924,"Dhamala, Jwala",,Name matches an author of the externally matched publication; initial differences are compatible.
BOLDDatasetandMetric102,"Sun, Tony","Sun, Tony",confirmed,Publisher-deposited DOI author list,https://api.crossref.org/works/10.1145%2F3442188.3445924,"Sun, Tony",,Name matches an author of the externally matched publication; initial differences are compatible.
BOLDDatasetandMetric102,"Kumar, Varun","Kumar, Varun",confirmed,Publisher-deposited DOI author list,https://api.crossref.org/works/10.1145%2F3442188.3445924,"Kumar, Varun",,Name matches an author of the externally matched publication; initial differences are compatible.
BOLDDatasetandMetric102,"Krishna, Satyapriya","Krishna, Satyapriya",confirmed,Publisher-deposited DOI author list,https://api.crossref.org/works/10.1145%2F3442188.3445924,"Krishna, Satyapriya",,Name matches an author of the externally matched publication; initial differences are compatible.
BOLDDatasetandMetric102,"Pruksachatkun, Yada","Pruksachatkun, Yada",confirmed,Publisher-deposited DOI author list,https://api.crossref.org/works/10.1145%2F3442188.3445924,"Pruksachatkun, Yada",,Name matches an author of the externally matched publication; initial differences are compatible.
BOLDDatasetandMetric102,"Chang, Kai-Wei","Chang, Kai-Wei",confirmed,Publisher-deposited DOI author list,https://api.crossref.org/works/10.1145%2F3442188.3445924,"Chang, Kai-Wei",,Name matches an author of the externally matched publication; initial differences are compatible.
BOLDDatasetandMetric102,"Gupta, Rahul","Gupta, Rahul",confirmed,Publisher-deposited DOI author list,https://api.crossref.org/works/10.1145%2F3442188.3445924,"Gupta, Rahul",,Name matches an author of the externally matched publication; initial differences are compatible.
BranchingOutBroadeni103,"Greenberg, Craig","Greenberg, Craig",confirmed,Publication page author metadata,https://arxiv.org/abs/2509.26632,"Greenberg, Craig",,Name matches an author of the externally matched publication; initial differences are compatible.
BranchingOutBroadeni103,"Hall, Patrick","Hall, Patrick",confirmed,Publication page author metadata,https://arxiv.org/abs/2509.26632,"Hall, Patrick",,Name matches an author of the externally matched publication; initial differences are compatible.
BranchingOutBroadeni103,"Jensen, Theodore","Jensen, Theodore",confirmed,Publication page author metadata,https://arxiv.org/abs/2509.26632,"Jensen, Theodore",,Name matches an author of the externally matched publication; initial differences are compatible.
BranchingOutBroadeni103,"Greene, Kristen","Greene, Kristen",confirmed,Publication page author metadata,https://arxiv.org/abs/2509.26632,"Greene, Kristen",,Name matches an author of the externally matched publication; initial differences are compatible.
BranchingOutBroadeni103,"Amironesei, Razvan","Amironesei, Razvan",confirmed,Publication page author metadata,https://arxiv.org/abs/2509.26632,"Amironesei, Razvan",,Name matches an author of the externally matched publication; initial differences are compatible.
BuildYourAIIncidentR104,"Hall, Patrick","Hall, Patrick",normalized_by_user,User-approved canonical name,Explicit user normalization of Patrick Hall,,,"Retain the user-approved Hall, Patrick normalization and black marking."
BuildYourAIIncidentR104,"Burt, Andrew","Burt, Andrew",unverified,,,,,No sufficient publication-specific author evidence found.
BuildingaDistributed105,"Click, Cliff","Click, Cliff",unverified,,,,,No sufficient publication-specific author evidence found.
CevalAmultilevelmult106,"Huang, Y.","Huang, Yuzhen",corrected,Publication page author metadata,https://arxiv.org/abs/2305.08322,"Huang, Yuzhen",,Complete authoritative author list matches all previously listed authors; restore omitted authors in source order.
CevalAmultilevelmult106,,"Bai, Yuzhuo",corrected,Publication page author metadata,https://arxiv.org/abs/2305.08322,"Bai, Yuzhuo",,Complete authoritative author list matches all previously listed authors; restore omitted authors in source order.
CevalAmultilevelmult106,,"Zhu, Zhihao",corrected,Publication page author metadata,https://arxiv.org/abs/2305.08322,"Zhu, Zhihao",,Complete authoritative author list matches all previously listed authors; restore omitted authors in source order.
CevalAmultilevelmult106,,"Zhang, Junlei",corrected,Publication page author metadata,https://arxiv.org/abs/2305.08322,"Zhang, Junlei",,Complete authoritative author list matches all previously listed authors; restore omitted authors in source order.
CevalAmultilevelmult106,,"Zhang, Jinghan",corrected,Publication page author metadata,https://arxiv.org/abs/2305.08322,"Zhang, Jinghan",,Complete authoritative author list matches all previously listed authors; restore omitted authors in source order.
CevalAmultilevelmult106,,"Su, Tangjun",corrected,Publication page author metadata,https://arxiv.org/abs/2305.08322,"Su, Tangjun",,Complete authoritative author list matches all previously listed authors; restore omitted authors in source order.
CevalAmultilevelmult106,,"Liu, Junteng",corrected,Publication page author metadata,https://arxiv.org/abs/2305.08322,"Liu, Junteng",,Complete authoritative author list matches all previously listed authors; restore omitted authors in source order.
CevalAmultilevelmult106,,"Lv, Chuancheng",corrected,Publication page author metadata,https://arxiv.org/abs/2305.08322,"Lv, Chuancheng",,Complete authoritative author list matches all previously listed authors; restore omitted authors in source order.
CevalAmultilevelmult106,,"Zhang, Yikai",corrected,Publication page author metadata,https://arxiv.org/abs/2305.08322,"Zhang, Yikai",,Complete authoritative author list matches all previously listed authors; restore omitted authors in source order.
CevalAmultilevelmult106,,"Lei, Jiayi",corrected,Publication page author metadata,https://arxiv.org/abs/2305.08322,"Lei, Jiayi",,Complete authoritative author list matches all previously listed authors; restore omitted authors in source order.
CevalAmultilevelmult106,,"Fu, Yao",corrected,Publication page author metadata,https://arxiv.org/abs/2305.08322,"Fu, Yao",,Complete authoritative author list matches all previously listed authors; restore omitted authors in source order.
CevalAmultilevelmult106,,"Sun, Maosong",corrected,Publication page author metadata,https://arxiv.org/abs/2305.08322,"Sun, Maosong",,Complete authoritative author list matches all previously listed authors; restore omitted authors in source order.
CevalAmultilevelmult106,,"He, Junxian",corrected,Publication page author metadata,https://arxiv.org/abs/2305.08322,"He, Junxian",,Complete authoritative author list matches all previously listed authors; restore omitted authors in source order.
CalibrationinDeepLea107,"Wang, Cheng","Wang, Cheng",confirmed,Publication page author metadata,https://arxiv.org/abs/2308.01222,"Wang, Cheng",,Name matches an author of the externally matched publication; initial differences are compatible.
CamerasandSystemsAHi108,"Roberts, L. J.","Roberts, Laurence J.",corrected,Publisher-deposited DOI author list,https://api.crossref.org/works/10.5594%2FJ00229,"Roberts, Laurence J.",,Name matches an author of the externally matched publication; initial differences are compatible.
CanLLMsPlanPathsinth109,"Chen, Wanyi","Chen, Wanyi",confirmed,Publication page author metadata,https://arxiv.org/abs/2411.17912,"Chen, Wanyi",,Name matches an author of the externally matched publication; initial differences are compatible.
CanLLMsPlanPathsinth109,"Su, Meng-Wen","Su, Meng-Wen",confirmed,Publication page author metadata,https://arxiv.org/abs/2411.17912,"Su, Meng-Wen",,Name matches an author of the externally matched publication; initial differences are compatible.
CanLLMsPlanPathsinth109,"Mehjabin, Nafisa","Mehjabin, Nafisa",confirmed,Publication page author metadata,https://arxiv.org/abs/2411.17912,"Mehjabin, Nafisa",,Name matches an author of the externally matched publication; initial differences are compatible.
CanLLMsPlanPathsinth109,"Cummings, Mary L.","Cummings, Mary L.",confirmed,Publication page author metadata,https://arxiv.org/abs/2411.17912,"Cummings, Mary L.",,Name matches an author of the externally matched publication; initial differences are compatible.
CanWeTrustAIBenchmar110,"Eriksson, Maria","Eriksson, Maria",confirmed,Publication page author metadata,https://arxiv.org/abs/2502.06559,"Eriksson, Maria",,Name matches an author of the externally matched publication; initial differences are compatible.
CanWeTrustAIBenchmar110,"Purificato, Erasmo","Purificato, Erasmo",confirmed,Publication page author metadata,https://arxiv.org/abs/2502.06559,"Purificato, Erasmo",,Name matches an author of the externally matched publication; initial differences are compatible.
CanWeTrustAIBenchmar110,"Noroozian, Arman","Noroozian, Arman",confirmed,Publication page author metadata,https://arxiv.org/abs/2502.06559,"Noroozian, Arman",,Name matches an author of the externally matched publication; initial differences are compatible.
CanWeTrustAIBenchmar110,"Vinagre, Joao","Vinagre, Joao",confirmed,Publication page author metadata,https://arxiv.org/abs/2502.06559,"Vinagre, Joao",,Name matches an author of the externally matched publication; initial differences are compatible.
CanWeTrustAIBenchmar110,"Chaslot, Guillaume","Chaslot, Guillaume",confirmed,Publication page author metadata,https://arxiv.org/abs/2502.06559,"Chaslot, Guillaume",,Name matches an author of the externally matched publication; initial differences are compatible.
CanWeTrustAIBenchmar110,"Gomez, Emilia","Gomez, Emilia",confirmed,Publication page author metadata,https://arxiv.org/abs/2502.06559,"Gomez, Emilia",,Name matches an author of the externally matched publication; initial differences are compatible.
CanWeTrustAIBenchmar110,"Fernandez-Llorca, David","Fernandez-Llorca, David",confirmed,Publication page author metadata,https://arxiv.org/abs/2502.06559,"Fernandez-Llorca, David",,Name matches an author of the externally matched publication; initial differences are compatible.
CatastrophicJailbrea111,"Huang, Yangsibo","Huang, Yangsibo",confirmed,Publication page author metadata,https://arxiv.org/abs/2310.06987,"Huang, Yangsibo",,Name matches an author of the externally matched publication; initial differences are compatible.
CatastrophicJailbrea111,"Gupta, Samyak","Gupta, Samyak",confirmed,Publication page author metadata,https://arxiv.org/abs/2310.06987,"Gupta, Samyak",,Name matches an author of the externally matched publication; initial differences are compatible.
CatastrophicJailbrea111,"Xia, Mengzhou","Xia, Mengzhou",confirmed,Publication page author metadata,https://arxiv.org/abs/2310.06987,"Xia, Mengzhou",,Name matches an author of the externally matched publication; initial differences are compatible.
CatastrophicJailbrea111,"Li, Kai","Li, Kai",confirmed,Publication page author metadata,https://arxiv.org/abs/2310.06987,"Li, Kai",,Name matches an author of the externally matched publication; initial differences are compatible.
CatastrophicJailbrea111,"Chen, Danqi","Chen, Danqi",confirmed,Publication page author metadata,https://arxiv.org/abs/2310.06987,"Chen, Danqi",,Name matches an author of the externally matched publication; initial differences are compatible.
CertifyingandRemovin112,"Feldman, Michael","Feldman, Michael",confirmed,Publication page author metadata,https://arxiv.org/abs/1412.3756,"Feldman, Michael",,Name matches an author of the externally matched publication; initial differences are compatible.
CertifyingandRemovin112,"Friedler, Sorelle A.","Friedler, Sorelle A.",confirmed,Publication page author metadata,https://arxiv.org/abs/1412.3756,"Friedler, Sorelle",,Name matches an author of the externally matched publication; initial differences are compatible.
CertifyingandRemovin112,"Moeller, John","Moeller, John",confirmed,Publication page author metadata,https://arxiv.org/abs/1412.3756,"Moeller, John",,Name matches an author of the externally matched publication; initial differences are compatible.
CertifyingandRemovin112,"Scheidegger, Carlos","Scheidegger, Carlos",confirmed,Publication page author metadata,https://arxiv.org/abs/1412.3756,"Scheidegger, Carlos",,Name matches an author of the externally matched publication; initial differences are compatible.
CertifyingandRemovin112,"Venkatasubramanian, Suresh","Venkatasubramanian, Suresh",confirmed,Publication page author metadata,https://arxiv.org/abs/1412.3756,"Venkatasubramanian, Suresh",,Name matches an author of the externally matched publication; initial differences are compatible.
ChainofthoughtPrompt113,"Wei, Jason","Wei, Jason",confirmed,Reviewed cited-year PDF author list,https://arxiv.org/pdf/2201.11903v3,"Wei, Jason",,2022 v3 PDF author block confirms the complete nine-person author list.
ChainofthoughtPrompt113,"Wang, Xuezhi","Wang, Xuezhi",confirmed,Reviewed cited-year PDF author list,https://arxiv.org/pdf/2201.11903v3,"Wang, Xuezhi",,2022 v3 PDF author block confirms the complete nine-person author list.
ChainofthoughtPrompt113,"Schuurmans, Dale","Schuurmans, Dale",confirmed,Reviewed cited-year PDF author list,https://arxiv.org/pdf/2201.11903v3,"Schuurmans, Dale",,2022 v3 PDF author block confirms the complete nine-person author list.
ChainofthoughtPrompt113,"Bosma, Maarten","Bosma, Maarten",confirmed,Reviewed cited-year PDF author list,https://arxiv.org/pdf/2201.11903v3,"Bosma, Maarten",,2022 v3 PDF author block confirms the complete nine-person author list.
ChainofthoughtPrompt113,,"Ichter, Brian",corrected,Reviewed cited-year PDF author list,https://arxiv.org/pdf/2201.11903v3,"Ichter, Brian",,2022 v3 PDF author block confirms the complete nine-person author list.
ChainofthoughtPrompt113,"Xia, Fei","Xia, Fei",confirmed,Reviewed cited-year PDF author list,https://arxiv.org/pdf/2201.11903v3,"Xia, Fei",,2022 v3 PDF author block confirms the complete nine-person author list.
ChainofthoughtPrompt113,"Chi, Ed","Chi, Ed",confirmed,Reviewed cited-year PDF author list,https://arxiv.org/pdf/2201.11903v3,"Chi, Ed",,2022 v3 PDF author block confirms the complete nine-person author list.
ChainofthoughtPrompt113,"Le, Quoc V.","Le, Quoc V.",confirmed,Reviewed cited-year PDF author list,https://arxiv.org/pdf/2201.11903v3,"Le, Quoc",,2022 v3 PDF author block confirms the complete nine-person author list.
ChainofthoughtPrompt113,"Zhou, Denny","Zhou, Denny",confirmed,Reviewed cited-year PDF author list,https://arxiv.org/pdf/2201.11903v3,"Zhou, Denny",,2022 v3 PDF author block confirms the complete nine-person author list.
ChallengesforTranspa114,"Weller, Adrian","Weller, Adrian",confirmed,Publication opening-page author block,https://arxiv.org/pdf/1708.01870v1,,,Full given name and surname occur together in the matched publication author block.
Challengesinsentimen115,"Mohammad, Saif M","Mohammad, Saif M",confirmed,Publisher-deposited DOI author list,https://api.crossref.org/works/10.1007%2F978-3-319-55394-8_4,"Mohammad, Saif M.",,Name matches an author of the externally matched publication; initial differences are compatible.
ChallengingtheMachin116,"Landau, Susan","Landau, Susan",confirmed,Publication page author metadata,https://arxiv.org/abs/2406.10430,"Landau, Susan",,Name matches an author of the externally matched publication; initial differences are compatible.
ChallengingtheMachin116,"Dempsey, James X.","Dempsey, James X.",confirmed,Publication page author metadata,https://arxiv.org/abs/2406.10430,"Dempsey, James X.",,Name matches an author of the externally matched publication; initial differences are compatible.
ChallengingtheMachin116,"Kamar, Ece","Kamar, Ece",confirmed,Publication page author metadata,https://arxiv.org/abs/2406.10430,"Kamar, Ece",,Name matches an author of the externally matched publication; initial differences are compatible.
ChallengingtheMachin116,"Bellovin, Steven M.","Bellovin, Steven M.",confirmed,Publication page author metadata,https://arxiv.org/abs/2406.10430,"Bellovin, Steven M.",,Name matches an author of the externally matched publication; initial differences are compatible.
ChallengingtheMachin116,"Pool, Robert","Pool, Robert",confirmed,Publication page author metadata,https://arxiv.org/abs/2406.10430,"Pool, Robert",,Name matches an author of the externally matched publication; initial differences are compatible.
ChatbotsinConsumerFi117,{CFPB},{CFPB},unverified,,,,,No sufficient publication-specific author evidence found.
ClioPrivacyPreservin118,"Tamkin, Alex","Tamkin, Alex",confirmed,Publication page author metadata,https://arxiv.org/abs/2412.13678,"Tamkin, Alex",,Name matches an author of the externally matched publication; initial differences are compatible.
ClioPrivacyPreservin118,"McCain, Miles","McCain, Miles",confirmed,Publication page author metadata,https://arxiv.org/abs/2412.13678,"McCain, Miles",,Name matches an author of the externally matched publication; initial differences are compatible.
ClioPrivacyPreservin118,"Handa, Kunal","Handa, Kunal",confirmed,Publication page author metadata,https://arxiv.org/abs/2412.13678,"Handa, Kunal",,Name matches an author of the externally matched publication; initial differences are compatible.
ClioPrivacyPreservin118,"Durmus, Esin","Durmus, Esin",confirmed,Publication page author metadata,https://arxiv.org/abs/2412.13678,"Durmus, Esin",,Name matches an author of the externally matched publication; initial differences are compatible.
ClioPrivacyPreservin118,"Lovitt, Liane","Lovitt, Liane",confirmed,Publication page author metadata,https://arxiv.org/abs/2412.13678,"Lovitt, Liane",,Name matches an author of the externally matched publication; initial differences are compatible.
ClioPrivacyPreservin118,"Rathi, Ankur","Rathi, Ankur",confirmed,Publication page author metadata,https://arxiv.org/abs/2412.13678,"Rathi, Ankur",,Name matches an author of the externally matched publication; initial differences are compatible.
ClioPrivacyPreservin118,"Huang, Saffron","Huang, Saffron",confirmed,Publication page author metadata,https://arxiv.org/abs/2412.13678,"Huang, Saffron",,Name matches an author of the externally matched publication; initial differences are compatible.
ClioPrivacyPreservin118,"Mountfield, Alfred","Mountfield, Alfred",confirmed,Publication page author metadata,https://arxiv.org/abs/2412.13678,"Mountfield, Alfred",,Name matches an author of the externally matched publication; initial differences are compatible.
ClioPrivacyPreservin118,"Hong, Jerry","Hong, Jerry",confirmed,Publication page author metadata,https://arxiv.org/abs/2412.13678,"Hong, Jerry",,Name matches an author of the externally matched publication; initial differences are compatible.
ClioPrivacyPreservin118,"Ritchie, Stuart","Ritchie, Stuart",confirmed,Publication page author metadata,https://arxiv.org/abs/2412.13678,"Ritchie, Stuart",,Name matches an author of the externally matched publication; initial differences are compatible.
ClioPrivacyPreservin118,"Stern, Michael","Stern, Michael",confirmed,Publication page author metadata,https://arxiv.org/abs/2412.13678,"Stern, Michael",,Name matches an author of the externally matched publication; initial differences are compatible.
ClioPrivacyPreservin118,"Clarke, Brian","Clarke, Brian",confirmed,Publication page author metadata,https://arxiv.org/abs/2412.13678,"Clarke, Brian",,Name matches an author of the externally matched publication; initial differences are compatible.
ClioPrivacyPreservin118,"Goldberg, Landon","Goldberg, Landon",confirmed,Publication page author metadata,https://arxiv.org/abs/2412.13678,"Goldberg, Landon",,Name matches an author of the externally matched publication; initial differences are compatible.
ClioPrivacyPreservin118,"Sumers, Theodore R.","Sumers, Theodore R.",confirmed,Publication page author metadata,https://arxiv.org/abs/2412.13678,"Sumers, Theodore R.",,Name matches an author of the externally matched publication; initial differences are compatible.
ClioPrivacyPreservin118,"Mueller, Jared","Mueller, Jared",confirmed,Publication page author metadata,https://arxiv.org/abs/2412.13678,"Mueller, Jared",,Name matches an author of the externally matched publication; initial differences are compatible.
ClioPrivacyPreservin118,"McEachen, William","McEachen, William",confirmed,Publication page author metadata,https://arxiv.org/abs/2412.13678,"McEachen, William",,Name matches an author of the externally matched publication; initial differences are compatible.
ClioPrivacyPreservin118,"Mitchell, Wes","Mitchell, Wes",confirmed,Publication page author metadata,https://arxiv.org/abs/2412.13678,"Mitchell, Wes",,Name matches an author of the externally matched publication; initial differences are compatible.
ClioPrivacyPreservin118,"Carter, Shan","Carter, Shan",confirmed,Publication page author metadata,https://arxiv.org/abs/2412.13678,"Carter, Shan",,Name matches an author of the externally matched publication; initial differences are compatible.
ClioPrivacyPreservin118,"Clark, Jack","Clark, Jack",confirmed,Publication page author metadata,https://arxiv.org/abs/2412.13678,"Clark, Jack",,Name matches an author of the externally matched publication; initial differences are compatible.
ClioPrivacyPreservin118,"Kaplan, Jared","Kaplan, Jared",confirmed,Publication page author metadata,https://arxiv.org/abs/2412.13678,"Kaplan, Jared",,Name matches an author of the externally matched publication; initial differences are compatible.
ClioPrivacyPreservin118,"Ganguli, Deep","Ganguli, Deep",confirmed,Publication page author metadata,https://arxiv.org/abs/2412.13678,"Ganguli, Deep",,Name matches an author of the externally matched publication; initial differences are compatible.
CocreationforpolicyP119,"Matti, Cristian","Matti, Cristian",confirmed,Publication opening-page author block,https://www.eit.europa.eu/sites/default/files/jrc128771_01.pdf,,,Full given name and surname occur together in the matched publication author block.
CocreationforpolicyP119,"Rissola, Gabriel","Rissola, Gabriel",confirmed,Publication opening-page author block,https://www.eit.europa.eu/sites/default/files/jrc128771_01.pdf,,,Full given name and surname occur together in the matched publication author block.
Cocreationinsupporto120,"Jansma, Sikke R.","Jansma, Sikke R.",confirmed,Publisher-deposited DOI author list,https://api.crossref.org/works/10.1080%2F23299460.2021.1994195,"Jansma, Sikke R.",https://orcid.org/0000-0001-8366-407X,Name matches an author of the externally matched publication; initial differences are compatible.
Cocreationinsupporto120,"Dijkstra, Anne M.","Dijkstra, Anne M.",confirmed,Publisher-deposited DOI author list,https://api.crossref.org/works/10.1080%2F23299460.2021.1994195,"Dijkstra, Anne M.",https://orcid.org/0000-0002-1699-5087,Name matches an author of the externally matched publication; initial differences are compatible.
Cocreationinsupporto120,"de Jong, Menno D.T.","de Jong, Menno D.T.",confirmed,Publisher-deposited DOI author list,https://api.crossref.org/works/10.1080%2F23299460.2021.1994195,"de Jong, Menno D.T.",https://orcid.org/0000-0001-7128-6016,Name matches an author of the externally matched publication; initial differences are compatible.
Codesignandethicalar121,"Donia, Joseph","Donia, Joseph",confirmed,Publisher-deposited DOI author list,https://api.crossref.org/works/10.1177%2F20539517211065248,"Donia, Joseph",,Name matches an author of the externally matched publication; initial differences are compatible.
Codesignandethicalar121,"Shaw, James A.","Shaw, James A.",confirmed,Publisher-deposited DOI author list,https://api.crossref.org/works/10.1177%2F20539517211065248,"Shaw, James A.",,Name matches an author of the externally matched publication; initial differences are compatible.
CodeifyingtheLawHowD122,"Escher, Nel","Escher, Nel",confirmed,Publisher-deposited DOI author list,https://api.crossref.org/works/10.1145%2F3686937,"Escher, Nel",https://orcid.org/0009-0009-5044-3276,Name matches an author of the externally matched publication; initial differences are compatible.
CodeifyingtheLawHowD122,"Bilik, Jeffrey","Bilik, Jeffrey",confirmed,Publisher-deposited DOI author list,https://api.crossref.org/works/10.1145%2F3686937,"Bilik, Jeffrey",https://orcid.org/0009-0004-3600-4932,Name matches an author of the externally matched publication; initial differences are compatible.
CodeifyingtheLawHowD122,"Banovic, Nikola","Banovic, Nikola",confirmed,Publisher-deposited DOI author list,https://api.crossref.org/works/10.1145%2F3686937,"Banovic, Nikola",https://orcid.org/0000-0002-2790-3264,Name matches an author of the externally matched publication; initial differences are compatible.
CodeifyingtheLawHowD122,"Green, Ben","Green, Ben",confirmed,Publisher-deposited DOI author list,https://api.crossref.org/works/10.1145%2F3686937,"Green, Ben",https://orcid.org/0000-0002-0332-4110,Name matches an author of the externally matched publication; initial differences are compatible.
Collaborativelearnin123,"Mason, W.","Mason, Winter",corrected,Publisher-deposited DOI author list,https://api.crossref.org/works/10.1073%2Fpnas.1110069108,"Mason, Winter",,Name matches an author of the externally matched publication; initial differences are compatible.
Collaborativelearnin123,"Watts, D. J.","Watts, Duncan J.",corrected,Publisher-deposited DOI author list,https://api.crossref.org/works/10.1073%2Fpnas.1110069108,"Watts, Duncan J.",,Name matches an author of the externally matched publication; initial differences are compatible.
Collectiveintelligen124,"Woolley, A. W.","Woolley, Anita Williams",corrected,Publisher-deposited DOI author list,https://api.crossref.org/works/10.1177%2F0963721415599543,"Woolley, Anita Williams",,Name matches an author of the externally matched publication; initial differences are compatible.
Collectiveintelligen124,"Aggarwal, I.","Aggarwal, Ishani",corrected,Publisher-deposited DOI author list,https://api.crossref.org/works/10.1177%2F0963721415599543,"Aggarwal, Ishani",,Name matches an author of the externally matched publication; initial differences are compatible.
Collectiveintelligen124,"Malone, T. W.","Malone, Thomas W.",corrected,Publisher-deposited DOI author list,https://api.crossref.org/works/10.1177%2F0963721415599543,"Malone, Thomas W.",,Name matches an author of the externally matched publication; initial differences are compatible.
ComparingFairRanking125,"Raj, Amifa","Raj, Amifa",confirmed,Publication page author metadata,https://arxiv.org/abs/2009.01311,"Raj, Amifa",,Name matches an author of the externally matched publication; initial differences are compatible.
ComparingFairRanking125,"Ekstrand, Michael D.","Ekstrand, Michael D.",confirmed,Publication page author metadata,https://arxiv.org/abs/2009.01311,"Ekstrand, Michael D.",,Name matches an author of the externally matched publication; initial differences are compatible.
ComptrollersHandbook126,{OCC},{OCC},unverified,,,,,No sufficient publication-specific author evidence found.
ComptrollersHandbook127,{OCC},{OCC},unverified,,,,,No sufficient publication-specific author evidence found.
Computationalgraphsa128,"Bauer, Friedrich L","Bauer, Friedrich L",confirmed,Publisher-deposited DOI author list,https://api.crossref.org/works/10.1137%2F0711010,"Bauer, F. L.",,Name matches an author of the externally matched publication; initial differences are compatible.
ConcreteProblemsinAI129,"Raji, Inioluwa Deborah","Raji, Inioluwa Deborah",confirmed,Publication page author metadata,https://arxiv.org/abs/2401.10899,"Raji, Inioluwa Deborah",,Name matches an author of the externally matched publication; initial differences are compatible.
ConcreteProblemsinAI129,"Dobbe, Roel","Dobbe, Roel",confirmed,Publication page author metadata,https://arxiv.org/abs/2401.10899,"Dobbe, Roel",,Name matches an author of the externally matched publication; initial differences are compatible.
ConductorAIBiasBount130,{Bugcrowd},{Bugcrowd},unverified,,,,,No sufficient publication-specific author evidence found.
ConsistentIndividual131,"Lundberg, Scott M.","Lundberg, Scott M.",unverified,,,,,No sufficient publication-specific author evidence found.
ConsistentIndividual131,"Erion, Gabriel G.","Erion, Gabriel G.",unverified,,,,,No sufficient publication-specific author evidence found.
ConsistentIndividual131,"Lee, Su-In","Lee, Su-In",unverified,,,,,No sufficient publication-specific author evidence found.
ConstitutionalAIHarm132,"Bai, Yuntao","Bai, Yuntao",confirmed,Publication page author metadata,https://arxiv.org/abs/2212.08073,"Bai, Yuntao",,Complete authoritative author list matches all previously listed authors; restore omitted authors in source order.
ConstitutionalAIHarm132,"Kadavath, Saurav","Kadavath, Saurav",confirmed,Publication page author metadata,https://arxiv.org/abs/2212.08073,"Kadavath, Saurav",,Complete authoritative author list matches all previously listed authors; restore omitted authors in source order.
ConstitutionalAIHarm132,"Kundu, Sandipan","Kundu, Sandipan",confirmed,Publication page author metadata,https://arxiv.org/abs/2212.08073,"Kundu, Sandipan",,Complete authoritative author list matches all previously listed authors; restore omitted authors in source order.
ConstitutionalAIHarm132,"Askell, Amanda","Askell, Amanda",confirmed,Publication page author metadata,https://arxiv.org/abs/2212.08073,"Askell, Amanda",,Complete authoritative author list matches all previously listed authors; restore omitted authors in source order.
ConstitutionalAIHarm132,"Kernion, Jackson","Kernion, Jackson",confirmed,Publication page author metadata,https://arxiv.org/abs/2212.08073,"Kernion, Jackson",,Complete authoritative author list matches all previously listed authors; restore omitted authors in source order.
ConstitutionalAIHarm132,"Jones, Andy","Jones, Andy",confirmed,Publication page author metadata,https://arxiv.org/abs/2212.08073,"Jones, Andy",,Complete authoritative author list matches all previously listed authors; restore omitted authors in source order.
ConstitutionalAIHarm132,"Chen, Anna","Chen, Anna",confirmed,Publication page author metadata,https://arxiv.org/abs/2212.08073,"Chen, Anna",,Complete authoritative author list matches all previously listed authors; restore omitted authors in source order.
ConstitutionalAIHarm132,"Goldie, Anna","Goldie, Anna",confirmed,Publication page author metadata,https://arxiv.org/abs/2212.08073,"Goldie, Anna",,Complete authoritative author list matches all previously listed authors; restore omitted authors in source order.
ConstitutionalAIHarm132,"Mirhoseini, Azalia","Mirhoseini, Azalia",confirmed,Publication page author metadata,https://arxiv.org/abs/2212.08073,"Mirhoseini, Azalia",,Complete authoritative author list matches all previously listed authors; restore omitted authors in source order.
ConstitutionalAIHarm132,"McKinnon, Cameron","McKinnon, Cameron",confirmed,Publication page author metadata,https://arxiv.org/abs/2212.08073,"McKinnon, Cameron",,Complete authoritative author list matches all previously listed authors; restore omitted authors in source order.
ConstitutionalAIHarm132,,"Chen, Carol",corrected,Publication page author metadata,https://arxiv.org/abs/2212.08073,"Chen, Carol",,Complete authoritative author list matches all previously listed authors; restore omitted authors in source order.
ConstitutionalAIHarm132,,"Olsson, Catherine",corrected,Publication page author metadata,https://arxiv.org/abs/2212.08073,"Olsson, Catherine",,Complete authoritative author list matches all previously listed authors; restore omitted authors in source order.
ConstitutionalAIHarm132,,"Olah, Christopher",corrected,Publication page author metadata,https://arxiv.org/abs/2212.08073,"Olah, Christopher",,Complete authoritative author list matches all previously listed authors; restore omitted authors in source order.
ConstitutionalAIHarm132,,"Hernandez, Danny",corrected,Publication page author metadata,https://arxiv.org/abs/2212.08073,"Hernandez, Danny",,Complete authoritative author list matches all previously listed authors; restore omitted authors in source order.
ConstitutionalAIHarm132,,"Drain, Dawn",corrected,Publication page author metadata,https://arxiv.org/abs/2212.08073,"Drain, Dawn",,Complete authoritative author list matches all previously listed authors; restore omitted authors in source order.
ConstitutionalAIHarm132,,"Ganguli, Deep",corrected,Publication page author metadata,https://arxiv.org/abs/2212.08073,"Ganguli, Deep",,Complete authoritative author list matches all previously listed authors; restore omitted authors in source order.
ConstitutionalAIHarm132,,"Li, Dustin",corrected,Publication page author metadata,https://arxiv.org/abs/2212.08073,"Li, Dustin",,Complete authoritative author list matches all previously listed authors; restore omitted authors in source order.
ConstitutionalAIHarm132,,"Tran-Johnson, Eli",corrected,Publication page author metadata,https://arxiv.org/abs/2212.08073,"Tran-Johnson, Eli",,Complete authoritative author list matches all previously listed authors; restore omitted authors in source order.
ConstitutionalAIHarm132,,"Perez, Ethan",corrected,Publication page author metadata,https://arxiv.org/abs/2212.08073,"Perez, Ethan",,Complete authoritative author list matches all previously listed authors; restore omitted authors in source order.
ConstitutionalAIHarm132,,"Kerr, Jamie",corrected,Publication page author metadata,https://arxiv.org/abs/2212.08073,"Kerr, Jamie",,Complete authoritative author list matches all previously listed authors; restore omitted authors in source order.
ConstitutionalAIHarm132,,"Mueller, Jared",corrected,Publication page author metadata,https://arxiv.org/abs/2212.08073,"Mueller, Jared",,Complete authoritative author list matches all previously listed authors; restore omitted authors in source order.
ConstitutionalAIHarm132,,"Ladish, Jeffrey",corrected,Publication page author metadata,https://arxiv.org/abs/2212.08073,"Ladish, Jeffrey",,Complete authoritative author list matches all previously listed authors; restore omitted authors in source order.
ConstitutionalAIHarm132,,"Landau, Joshua",corrected,Publication page author metadata,https://arxiv.org/abs/2212.08073,"Landau, Joshua",,Complete authoritative author list matches all previously listed authors; restore omitted authors in source order.
ConstitutionalAIHarm132,,"Ndousse, Kamal",corrected,Publication page author metadata,https://arxiv.org/abs/2212.08073,"Ndousse, Kamal",,Complete authoritative author list matches all previously listed authors; restore omitted authors in source order.
ConstitutionalAIHarm132,,"Lukosuite, Kamile",corrected,Publication page author metadata,https://arxiv.org/abs/2212.08073,"Lukosuite, Kamile",,Complete authoritative author list matches all previously listed authors; restore omitted authors in source order.
ConstitutionalAIHarm132,,"Lovitt, Liane",corrected,Publication page author metadata,https://arxiv.org/abs/2212.08073,"Lovitt, Liane",,Complete authoritative author list matches all previously listed authors; restore omitted authors in source order.
ConstitutionalAIHarm132,,"Sellitto, Michael",corrected,Publication page author metadata,https://arxiv.org/abs/2212.08073,"Sellitto, Michael",,Complete authoritative author list matches all previously listed authors; restore omitted authors in source order.
ConstitutionalAIHarm132,,"Elhage, Nelson",corrected,Publication page author metadata,https://arxiv.org/abs/2212.08073,"Elhage, Nelson",,Complete authoritative author list matches all previously listed authors; restore omitted authors in source order.
ConstitutionalAIHarm132,,"Schiefer, Nicholas",corrected,Publication page author metadata,https://arxiv.org/abs/2212.08073,"Schiefer, Nicholas",,Complete authoritative author list matches all previously listed authors; restore omitted authors in source order.
ConstitutionalAIHarm132,,"Mercado, Noemi",corrected,Publication page author metadata,https://arxiv.org/abs/2212.08073,"Mercado, Noemi",,Complete authoritative author list matches all previously listed authors; restore omitted authors in source order.
ConstitutionalAIHarm132,,"DasSarma, Nova",corrected,Publication page author metadata,https://arxiv.org/abs/2212.08073,"DasSarma, Nova",,Complete authoritative author list matches all previously listed authors; restore omitted authors in source order.
ConstitutionalAIHarm132,,"Lasenby, Robert",corrected,Publication page author metadata,https://arxiv.org/abs/2212.08073,"Lasenby, Robert",,Complete authoritative author list matches all previously listed authors; restore omitted authors in source order.
ConstitutionalAIHarm132,,"Larson, Robin",corrected,Publication page author metadata,https://arxiv.org/abs/2212.08073,"Larson, Robin",,Complete authoritative author list matches all previously listed authors; restore omitted authors in source order.
ConstitutionalAIHarm132,,"Ringer, Sam",corrected,Publication page author metadata,https://arxiv.org/abs/2212.08073,"Ringer, Sam",,Complete authoritative author list matches all previously listed authors; restore omitted authors in source order.
ConstitutionalAIHarm132,,"Johnston, Scott",corrected,Publication page author metadata,https://arxiv.org/abs/2212.08073,"Johnston, Scott",,Complete authoritative author list matches all previously listed authors; restore omitted authors in source order.
ConstitutionalAIHarm132,,"Kravec, Shauna",corrected,Publication page author metadata,https://arxiv.org/abs/2212.08073,"Kravec, Shauna",,Complete authoritative author list matches all previously listed authors; restore omitted authors in source order.
ConstitutionalAIHarm132,,"Showk, Sheer El",corrected,Publication page author metadata,https://arxiv.org/abs/2212.08073,"Showk, Sheer El",,Complete authoritative author list matches all previously listed authors; restore omitted authors in source order.
ConstitutionalAIHarm132,,"Fort, Stanislav",corrected,Publication page author metadata,https://arxiv.org/abs/2212.08073,"Fort, Stanislav",,Complete authoritative author list matches all previously listed authors; restore omitted authors in source order.
ConstitutionalAIHarm132,,"Lanham, Tamera",corrected,Publication page author metadata,https://arxiv.org/abs/2212.08073,"Lanham, Tamera",,Complete authoritative author list matches all previously listed authors; restore omitted authors in source order.
ConstitutionalAIHarm132,,"Telleen-Lawton, Timothy",corrected,Publication page author metadata,https://arxiv.org/abs/2212.08073,"Telleen-Lawton, Timothy",,Complete authoritative author list matches all previously listed authors; restore omitted authors in source order.
ConstitutionalAIHarm132,,"Conerly, Tom",corrected,Publication page author metadata,https://arxiv.org/abs/2212.08073,"Conerly, Tom",,Complete authoritative author list matches all previously listed authors; restore omitted authors in source order.
ConstitutionalAIHarm132,,"Henighan, Tom",corrected,Publication page author metadata,https://arxiv.org/abs/2212.08073,"Henighan, Tom",,Complete authoritative author list matches all previously listed authors; restore omitted authors in source order.
ConstitutionalAIHarm132,,"Hume, Tristan",corrected,Publication page author metadata,https://arxiv.org/abs/2212.08073,"Hume, Tristan",,Complete authoritative author list matches all previously listed authors; restore omitted authors in source order.
ConstitutionalAIHarm132,,"Bowman, Samuel R.",corrected,Publication page author metadata,https://arxiv.org/abs/2212.08073,"Bowman, Samuel R.",,Complete authoritative author list matches all previously listed authors; restore omitted authors in source order.
ConstitutionalAIHarm132,,"Hatfield-Dodds, Zac",corrected,Publication page author metadata,https://arxiv.org/abs/2212.08073,"Hatfield-Dodds, Zac",,Complete authoritative author list matches all previously listed authors; restore omitted authors in source order.
ConstitutionalAIHarm132,,"Mann, Ben",corrected,Publication page author metadata,https://arxiv.org/abs/2212.08073,"Mann, Ben",,Complete authoritative author list matches all previously listed authors; restore omitted authors in source order.
ConstitutionalAIHarm132,,"Amodei, Dario",corrected,Publication page author metadata,https://arxiv.org/abs/2212.08073,"Amodei, Dario",,Complete authoritative author list matches all previously listed authors; restore omitted authors in source order.
ConstitutionalAIHarm132,,"Joseph, Nicholas",corrected,Publication page author metadata,https://arxiv.org/abs/2212.08073,"Joseph, Nicholas",,Complete authoritative author list matches all previously listed authors; restore omitted authors in source order.
ConstitutionalAIHarm132,,"McCandlish, Sam",corrected,Publication page author metadata,https://arxiv.org/abs/2212.08073,"McCandlish, Sam",,Complete authoritative author list matches all previously listed authors; restore omitted authors in source order.
ConstitutionalAIHarm132,,"Brown, Tom",corrected,Publication page author metadata,https://arxiv.org/abs/2212.08073,"Brown, Tom",,Complete authoritative author list matches all previously listed authors; restore omitted authors in source order.
ConstitutionalAIHarm132,,"Kaplan, Jared",corrected,Publication page author metadata,https://arxiv.org/abs/2212.08073,"Kaplan, Jared",,Complete authoritative author list matches all previously listed authors; restore omitted authors in source order.
Constructvalidityinp133,"Cronbach, Lee J","Cronbach, Lee J",confirmed,Publisher-deposited DOI author list,https://api.crossref.org/works/10.1037%2Fh0040957,"Cronbach, Lee J.",,Name matches an author of the externally matched publication; initial differences are compatible.
Constructvalidityinp133,"Meehl, Paul E","Meehl, Paul E",confirmed,Publisher-deposited DOI author list,https://api.crossref.org/works/10.1037%2Fh0040957,"Meehl, Paul E.",,Name matches an author of the externally matched publication; initial differences are compatible.
Conversationanalysis134,"Hutchby, Ian","Hutchby, Ian",unverified,,,,,No sufficient publication-specific author evidence found.
Conversationanalysis134,"Wooffitt, Robin","Wooffitt, Robin",unverified,,,,,No sufficient publication-specific author evidence found.
Conversationalanalys135,"Richards, Jack C","Richards, Jack C",confirmed,Publication page author metadata,https://www.taylorfrancis.com/chapters/edit/10.4324/9781315836027-10/conversational-analysis-jack-richards-richard-schmidt,"Richards, Jack C.",,Name matches an author of the externally matched publication; initial differences are compatible.
Conversationalanalys135,"Schmidt, Richard W","Schmidt, Richard W",confirmed,Publication page author metadata,https://www.taylorfrancis.com/chapters/edit/10.4324/9781315836027-10/conversational-analysis-jack-richards-richard-schmidt,"Schmidt, Richard W.",,Name matches an author of the externally matched publication; initial differences are compatible.
ConversationalGround136,"Mohapatra, Biswesh","Mohapatra, Biswesh",confirmed,Publication page author metadata,https://arxiv.org/abs/2403.16609,"Mohapatra, Biswesh",,Name matches an author of the externally matched publication; initial differences are compatible.
ConversationalGround136,"Hassan, Seemab","Hassan, Seemab",confirmed,Publication page author metadata,https://arxiv.org/abs/2403.16609,"Hassan, Seemab",,Name matches an author of the externally matched publication; initial differences are compatible.
ConversationalGround136,"Romary, Laurent","Romary, Laurent",confirmed,Publication page author metadata,https://arxiv.org/abs/2403.16609,"Romary, Laurent",,Name matches an author of the externally matched publication; initial differences are compatible.
ConversationalGround136,"Cassell, Justine","Cassell, Justine",confirmed,Publication page author metadata,https://arxiv.org/abs/2403.16609,"Cassell, Justine",,Name matches an author of the externally matched publication; initial differences are compatible.
CounterfactualExplan137,"Wachter, Sandra","Wachter, Sandra",confirmed,Publication page author metadata,https://arxiv.org/abs/1711.00399,"Wachter, Sandra",,Name matches an author of the externally matched publication; initial differences are compatible.
CounterfactualExplan137,"Mittelstadt, Brent","Mittelstadt, Brent",confirmed,Publication page author metadata,https://arxiv.org/abs/1711.00399,"Mittelstadt, Brent",,Name matches an author of the externally matched publication; initial differences are compatible.
CounterfactualExplan137,"Russell, Chris","Russell, Chris",confirmed,Publication page author metadata,https://arxiv.org/abs/1711.00399,"Russell, Chris",,Name matches an author of the externally matched publication; initial differences are compatible.
CreditRiskScorecards138,"Siddiqi, Naeem","Siddiqi, Naeem",unverified,,,,,No sufficient publication-specific author evidence found.
CybersecurityAttacks139,"Rehberger, J.","Rehberger, J.",unverified,,,,,No sufficient publication-specific author evidence found.
DAIRAIPromptEngineer140,"Saravia, E.","Saravia, Elvis",corrected,Reviewed full publication author list,https://github.com/dair-ai/Prompt-Engineering-Guide/blob/main/README.md?plain=1,"Saravia, Elvis",,Project README supplies the recommended citation with Elvis Saravia as author.
DataCardsPlaybook141,"Pushkarna, M.","Pushkarna, M.",unverified,,,,,No sufficient publication-specific author evidence found.
DataCardsPlaybook141,"Zaldivar, A.","Zaldivar, A.",unverified,,,,,No sufficient publication-specific author evidence found.
DataCardsPlaybook141,"Nanas, D.","Nanas, D.",unverified,,,,,No sufficient publication-specific author evidence found.
DataCardsPlaybook141,others,others,unverified,,,,,No sufficient publication-specific author evidence found.
DatacardsPurposefula142,"Pushkarna, Mahima","Pushkarna, Mahima",confirmed,Publisher-deposited DOI author list,https://api.crossref.org/works/10.1145%2F3531146.3533231,"Pushkarna, Mahima",,Name matches an author of the externally matched publication; initial differences are compatible.
DatacardsPurposefula142,"Zaldivar, Andrew","Zaldivar, Andrew",confirmed,Publisher-deposited DOI author list,https://api.crossref.org/works/10.1145%2F3531146.3533231,"Zaldivar, Andrew",,Name matches an author of the externally matched publication; initial differences are compatible.
DatacardsPurposefula142,"Kjartansson, Oddur","Kjartansson, Oddur",confirmed,Publisher-deposited DOI author list,https://api.crossref.org/works/10.1145%2F3531146.3533231,"Kjartansson, Oddur",,Name matches an author of the externally matched publication; initial differences are compatible.
DataPoisoningTheExpl143,"Lenaerts-Bergmans, B.","Lenaerts-Bergmans, B.",unverified,,,,,No sufficient publication-specific author evidence found.
DataPreprocessingTec144,"Kamiran, Faisal","Kamiran, Faisal",confirmed,Publication opening-page author block,https://link.springer.com/content/pdf/10.1007/s10115-011-0463-8.pdf?error=cookies_not_supported&code=9182b3e4-0d4c-4d95-8399-614b7b9a273d,,,Full given name and surname occur together in the matched publication author block.
DataPreprocessingTec144,"Calders, Toon","Calders, Toon",confirmed,Publication opening-page author block,https://link.springer.com/content/pdf/10.1007/s10115-011-0463-8.pdf?error=cookies_not_supported&code=9182b3e4-0d4c-4d95-8399-614b7b9a273d,,,Full given name and surname occur together in the matched publication author block.
Datastatementsfornat145,"Bender, Emily M","Bender, Emily M",confirmed,Publisher-deposited DOI author list,https://api.crossref.org/works/10.1162%2Ftacl_a_00041,"Bender, Emily M.",,Name matches an author of the externally matched publication; initial differences are compatible.
Datastatementsfornat145,"Friedman, Batya","Friedman, Batya",confirmed,Publisher-deposited DOI author list,https://api.crossref.org/works/10.1162%2Ftacl_a_00041,"Friedman, Batya",,Name matches an author of the externally matched publication; initial differences are compatible.
DatastatementsFromte146,"McMillan-Major, Angelina","McMillan-Major, Angelina",confirmed,Publisher-deposited DOI author list,https://api.crossref.org/works/10.1145%2F3594737,"McMillan-Major, Angelina",https://orcid.org/0000-0003-2257-9618,Name matches an author of the externally matched publication; initial differences are compatible.
DatastatementsFromte146,"Bender, Emily M","Bender, Emily M",confirmed,Publisher-deposited DOI author list,https://api.crossref.org/works/10.1145%2F3594737,"Bender, Emily M.",https://orcid.org/0000-0001-5384-6227,Name matches an author of the externally matched publication; initial differences are compatible.
DatastatementsFromte146,"Friedman, Batya","Friedman, Batya",confirmed,Publisher-deposited DOI author list,https://api.crossref.org/works/10.1145%2F3594737,"Friedman, Batya",https://orcid.org/0000-0002-1372-6156,Name matches an author of the externally matched publication; initial differences are compatible.
Datadrivenbusinessan147,"Schäfer, Fabian","Schäfer, Fabian",confirmed,Publisher-deposited DOI author list,https://api.crossref.org/works/10.1016%2Fj.bushor.2022.10.002,"Schäfer, Fabian",,Name matches an author of the externally matched publication; initial differences are compatible.
Datadrivenbusinessan147,"Gebauer, Heiko","Gebauer, Heiko",confirmed,Publisher-deposited DOI author list,https://api.crossref.org/works/10.1016%2Fj.bushor.2022.10.002,"Gebauer, Heiko",,Name matches an author of the externally matched publication; initial differences are compatible.
Datadrivenbusinessan147,"Gröger, Christoph","Gröger, Christoph",confirmed,Publisher-deposited DOI author list,https://api.crossref.org/works/10.1016%2Fj.bushor.2022.10.002,"Gröger, Christoph",,Name matches an author of the externally matched publication; initial differences are compatible.
Datadrivenbusinessan147,"Gassmann, Oliver","Gassmann, Oliver",confirmed,Publisher-deposited DOI author list,https://api.crossref.org/works/10.1016%2Fj.bushor.2022.10.002,"Gassmann, Oliver",,Name matches an author of the externally matched publication; initial differences are compatible.
Datadrivenbusinessan147,"Wortmann, Felix","Wortmann, Felix",confirmed,Publisher-deposited DOI author list,https://api.crossref.org/works/10.1016%2Fj.bushor.2022.10.002,"Wortmann, Felix",,Name matches an author of the externally matched publication; initial differences are compatible.
DatasheetsforDataset148,"Gebru, Timnit","Gebru, Timnit",confirmed,Publisher-deposited DOI author list,https://api.crossref.org/works/10.1145%2F3458723,"Gebru, Timnit",,Name matches an author of the externally matched publication; initial differences are compatible.
DatasheetsforDataset148,"Morgenstern, Jamie","Morgenstern, Jamie",confirmed,Publisher-deposited DOI author list,https://api.crossref.org/works/10.1145%2F3458723,"Morgenstern, Jamie",,Name matches an author of the externally matched publication; initial differences are compatible.
DatasheetsforDataset148,"Vecchione, Briana","Vecchione, Briana",confirmed,Publisher-deposited DOI author list,https://api.crossref.org/works/10.1145%2F3458723,"Vecchione, Briana",,Name matches an author of the externally matched publication; initial differences are compatible.
DatasheetsforDataset148,"Vaughan, Jennifer Wortman","Vaughan, Jennifer Wortman",confirmed,Publisher-deposited DOI author list,https://api.crossref.org/works/10.1145%2F3458723,"Vaughan, Jennifer Wortman",,Name matches an author of the externally matched publication; initial differences are compatible.
DatasheetsforDataset148,"Wallach, Hanna","Wallach, Hanna",confirmed,Publisher-deposited DOI author list,https://api.crossref.org/works/10.1145%2F3458723,"Wallach, Hanna",,Name matches an author of the externally matched publication; initial differences are compatible.
DatasheetsforDataset148,"III, Hal Daum{\'e}","III, Hal Daum{\'e}",confirmed,Publisher-deposited DOI author list,https://api.crossref.org/works/10.1145%2F3458723,"III, Hal Daumé",,Name matches an author of the externally matched publication; initial differences are compatible.
DatasheetsforDataset148,"Crawford, Kate","Crawford, Kate",confirmed,Publisher-deposited DOI author list,https://api.crossref.org/works/10.1145%2F3458723,"Crawford, Kate",,Name matches an author of the externally matched publication; initial differences are compatible.
DealingwithBiasandFa149,"Ghani, Rayid","Ghani, Rayid",unverified,,,,,No sufficient publication-specific author evidence found.
DealingwithBiasandFa149,"Rodolfa, Kit T.","Rodolfa, Kit T.",unverified,,,,,No sufficient publication-specific author evidence found.
DealingwithBiasandFa149,"Saleiro, Pedro","Saleiro, Pedro",unverified,,,,,No sufficient publication-specific author evidence found.
Dealingwithdisagreem150,"Davani, Aida Mostafazadeh","Davani, Aida Mostafazadeh",confirmed,Publisher-deposited DOI author list,https://api.crossref.org/works/10.1162%2Ftacl_a_00449,"Davani, Aida Mostafazadeh",,Name matches an author of the externally matched publication; initial differences are compatible.
Dealingwithdisagreem150,"D{\'\i}az, Mark","D{\'\i}az, Mark",confirmed,Publisher-deposited DOI author list,https://api.crossref.org/works/10.1162%2Ftacl_a_00449,"Díaz, Mark",,Name matches an author of the externally matched publication; initial differences are compatible.
Dealingwithdisagreem150,"Prabhakaran, Vinodkumar","Prabhakaran, Vinodkumar",confirmed,Publisher-deposited DOI author list,https://api.crossref.org/works/10.1162%2Ftacl_a_00449,"Prabhakaran, Vinodkumar",,Name matches an author of the externally matched publication; initial differences are compatible.
Debiasingtextsafetyc151,"Sturman, Olivia","Sturman, Olivia",confirmed,Publisher-deposited DOI author list,https://api.crossref.org/works/10.18653%2Fv1%2F2024.emnlp-industry.16,"Sturman, Olivia",,Name matches an author of the externally matched publication; initial differences are compatible.
Debiasingtextsafetyc151,"Joshi, Aparna R.","Joshi, Aparna R.",confirmed,Publisher-deposited DOI author list,https://api.crossref.org/works/10.18653%2Fv1%2F2024.emnlp-industry.16,"Joshi, Aparna R.",,Name matches an author of the externally matched publication; initial differences are compatible.
Debiasingtextsafetyc151,"Radharapu, Bhaktipriya","Radharapu, Bhaktipriya",confirmed,Publisher-deposited DOI author list,https://api.crossref.org/works/10.18653%2Fv1%2F2024.emnlp-industry.16,"Radharapu, Bhaktipriya",,Name matches an author of the externally matched publication; initial differences are compatible.
Debiasingtextsafetyc151,"Kumar, Piyush","Kumar, Piyush",confirmed,Publisher-deposited DOI author list,https://api.crossref.org/works/10.18653%2Fv1%2F2024.emnlp-industry.16,"Kumar, Piyush",,Name matches an author of the externally matched publication; initial differences are compatible.
Debiasingtextsafetyc151,"Shelby, Renee","Shelby, Renee",confirmed,Publisher-deposited DOI author list,https://api.crossref.org/works/10.18653%2Fv1%2F2024.emnlp-industry.16,"Shelby, Renee",,Name matches an author of the externally matched publication; initial differences are compatible.
DebuggingMachineLear152,"Kang, Daniel","Kang, Daniel",confirmed,Publication opening-page author block,https://debug-ml-iclr2019.github.io/cameraready/DebugML-19_paper_27.pdf,,,Full given name and surname occur together in the matched publication author block.
DebuggingMachineLear152,"Raghavan, Deepti","Raghavan, Deepti",confirmed,Publication opening-page author block,https://debug-ml-iclr2019.github.io/cameraready/DebugML-19_paper_27.pdf,,,Full given name and surname occur together in the matched publication author block.
DebuggingMachineLear152,"Bailis, Peter","Bailis, Peter",confirmed,Publication opening-page author block,https://debug-ml-iclr2019.github.io/cameraready/DebugML-19_paper_27.pdf,,,Full given name and surname occur together in the matched publication author block.
DebuggingMachineLear152,"Zaharia, Matei","Zaharia, Matei",confirmed,Publication opening-page author block,https://debug-ml-iclr2019.github.io/cameraready/DebugML-19_paper_27.pdf,,,Full given name and surname occur together in the matched publication author block.
DebuggingtheBlackBox153,"Hall, Patrick","Hall, Patrick",normalized_by_user,User-approved canonical name,Explicit user normalization of Patrick Hall,,,"Retain the user-approved Hall, Patrick normalization and black marking."
DebuggingtheBlackBox153,"Gill, Navdeep","Gill, Navdeep",unverified,,,,,No sufficient publication-specific author evidence found.
DecisionTheoryforDis154,"Kamiran, Faisal","Kamiran, Faisal",unverified,,,,,No sufficient publication-specific author evidence found.
DecisionTheoryforDis154,"Karim, Asim","Karim, Asim",unverified,,,,,No sufficient publication-specific author evidence found.
DecisionTheoryforDis154,"Zhang, Xiangliang","Zhang, Xiangliang",unverified,,,,,No sufficient publication-specific author evidence found.
DecodingTrustAcompre155,"Wang, Boxin","Wang, Boxin",confirmed,Publication page author metadata,https://arxiv.org/abs/2306.11698,"Wang, Boxin",,Complete authoritative author list matches all previously listed authors; restore omitted authors in source order.
DecodingTrustAcompre155,"Chen, Weixin","Chen, Weixin",confirmed,Publication page author metadata,https://arxiv.org/abs/2306.11698,"Chen, Weixin",,Complete authoritative author list matches all previously listed authors; restore omitted authors in source order.
DecodingTrustAcompre155,"Pei, Hengzhi","Pei, Hengzhi",confirmed,Publication page author metadata,https://arxiv.org/abs/2306.11698,"Pei, Hengzhi",,Complete authoritative author list matches all previously listed authors; restore omitted authors in source order.
DecodingTrustAcompre155,"Xie, Chulin","Xie, Chulin",confirmed,Publication page author metadata,https://arxiv.org/abs/2306.11698,"Xie, Chulin",,Complete authoritative author list matches all previously listed authors; restore omitted authors in source order.
DecodingTrustAcompre155,"Kang, Mintong","Kang, Mintong",confirmed,Publication page author metadata,https://arxiv.org/abs/2306.11698,"Kang, Mintong",,Complete authoritative author list matches all previously listed authors; restore omitted authors in source order.
DecodingTrustAcompre155,"Zhang, Chenhui","Zhang, Chenhui",confirmed,Publication page author metadata,https://arxiv.org/abs/2306.11698,"Zhang, Chenhui",,Complete authoritative author list matches all previously listed authors; restore omitted authors in source order.
DecodingTrustAcompre155,"Xu, Chejian","Xu, Chejian",confirmed,Publication page author metadata,https://arxiv.org/abs/2306.11698,"Xu, Chejian",,Complete authoritative author list matches all previously listed authors; restore omitted authors in source order.
DecodingTrustAcompre155,"Xiong, Zidi","Xiong, Zidi",confirmed,Publication page author metadata,https://arxiv.org/abs/2306.11698,"Xiong, Zidi",,Complete authoritative author list matches all previously listed authors; restore omitted authors in source order.
DecodingTrustAcompre155,"Dutta, Ritik","Dutta, Ritik",confirmed,Publication page author metadata,https://arxiv.org/abs/2306.11698,"Dutta, Ritik",,Complete authoritative author list matches all previously listed authors; restore omitted authors in source order.
DecodingTrustAcompre155,"Schaeffer, Rylan","Schaeffer, Rylan",confirmed,Publication page author metadata,https://arxiv.org/abs/2306.11698,"Schaeffer, Rylan",,Complete authoritative author list matches all previously listed authors; restore omitted authors in source order.
DecodingTrustAcompre155,,"Truong, Sang T.",corrected,Publication page author metadata,https://arxiv.org/abs/2306.11698,"Truong, Sang T.",,Complete authoritative author list matches all previously listed authors; restore omitted authors in source order.
DecodingTrustAcompre155,,"Arora, Simran",corrected,Publication page author metadata,https://arxiv.org/abs/2306.11698,"Arora, Simran",,Complete authoritative author list matches all previously listed authors; restore omitted authors in source order.
DecodingTrustAcompre155,,"Mazeika, Mantas",corrected,Publication page author metadata,https://arxiv.org/abs/2306.11698,"Mazeika, Mantas",,Complete authoritative author list matches all previously listed authors; restore omitted authors in source order.
DecodingTrustAcompre155,,"Hendrycks, Dan",corrected,Publication page author metadata,https://arxiv.org/abs/2306.11698,"Hendrycks, Dan",,Complete authoritative author list matches all previously listed authors; restore omitted authors in source order.
DecodingTrustAcompre155,,"Lin, Zinan",corrected,Publication page author metadata,https://arxiv.org/abs/2306.11698,"Lin, Zinan",,Complete authoritative author list matches all previously listed authors; restore omitted authors in source order.
DecodingTrustAcompre155,,"Cheng, Yu",corrected,Publication page author metadata,https://arxiv.org/abs/2306.11698,"Cheng, Yu",,Complete authoritative author list matches all previously listed authors; restore omitted authors in source order.
DecodingTrustAcompre155,,"Koyejo, Sanmi",corrected,Publication page author metadata,https://arxiv.org/abs/2306.11698,"Koyejo, Sanmi",,Complete authoritative author list matches all previously listed authors; restore omitted authors in source order.
DecodingTrustAcompre155,,"Song, Dawn",corrected,Publication page author metadata,https://arxiv.org/abs/2306.11698,"Song, Dawn",,Complete authoritative author list matches all previously listed authors; restore omitted authors in source order.
DecodingTrustAcompre155,,"Li, Bo",corrected,Publication page author metadata,https://arxiv.org/abs/2306.11698,"Li, Bo",,Complete authoritative author list matches all previously listed authors; restore omitted authors in source order.
DeepFeatureSynthesis156,"Kanter, James Max","Kanter, James Max",confirmed,Publication opening-page author block,https://groups.csail.mit.edu/EVO-DesignOpt/groupWebSite/uploads/Site/DSAA_DSM_2015.pdf,,,Full given name and surname occur together in the matched publication author block.
DeepFeatureSynthesis156,"Veeramachaneni, Kalyan","Veeramachaneni, Kalyan",confirmed,Publication opening-page author block,https://groups.csail.mit.edu/EVO-DesignOpt/groupWebSite/uploads/Site/DSAA_DSM_2015.pdf,,,Full given name and surname occur together in the matched publication author block.
DeepLearningwithDiff157,"Abadi, Martin","Abadi, Martin",confirmed,Publication page author metadata,https://arxiv.org/abs/1607.00133,"Abadi, Martín",,Name matches an author of the externally matched publication; initial differences are compatible.
DeepLearningwithDiff157,"Chu, Andy","Chu, Andy",confirmed,Publication page author metadata,https://arxiv.org/abs/1607.00133,"Chu, Andy",,Name matches an author of the externally matched publication; initial differences are compatible.
DeepLearningwithDiff157,"Goodfellow, Ian","Goodfellow, Ian",confirmed,Publication page author metadata,https://arxiv.org/abs/1607.00133,"Goodfellow, Ian",,Name matches an author of the externally matched publication; initial differences are compatible.
DeepLearningwithDiff157,"McMahan, H Brendan","McMahan, H Brendan",confirmed,Publication page author metadata,https://arxiv.org/abs/1607.00133,"McMahan, H. Brendan",,Name matches an author of the externally matched publication; initial differences are compatible.
DeepLearningwithDiff157,"Mironov, Ilya","Mironov, Ilya",confirmed,Publication page author metadata,https://arxiv.org/abs/1607.00133,"Mironov, Ilya",,Name matches an author of the externally matched publication; initial differences are compatible.
DeepLearningwithDiff157,"Talwar, Kunal","Talwar, Kunal",confirmed,Publication page author metadata,https://arxiv.org/abs/1607.00133,"Talwar, Kunal",,Name matches an author of the externally matched publication; initial differences are compatible.
DeepLearningwithDiff157,"Zhang, Li","Zhang, Li",confirmed,Publication page author metadata,https://arxiv.org/abs/1607.00133,"Zhang, Li",,Name matches an author of the externally matched publication; initial differences are compatible.
DeepLearningwithH2O158,"Arora, A.","Arora, Anisha",corrected,Reviewed publication-specific name evidence,https://h2o-release.s3.amazonaws.com/h2o/rel-tukey/4/docs-website/h2o-docs/booklets/DeepLearning_Vignette.pdf,"Arora, Anisha",,Official manual cover provides this full personal name; no authors from a later edition are added.
DeepLearningwithH2O158,"Candel, A.","Candel, Arno",corrected,Reviewed publication-specific name evidence,https://h2o-release.s3.amazonaws.com/h2o/rel-tukey/4/docs-website/h2o-docs/booklets/DeepLearning_Vignette.pdf,"Candel, Arno",,Official manual cover provides this full personal name; no authors from a later edition are added.
DeepLearningwithH2O158,"Lanford, J.","Lanford, J.",unverified,,https://h2o-release.s3.amazonaws.com/h2o/rel-tukey/4/docs-website/h2o-docs/booklets/DeepLearning_Vignette.pdf,,,"Later official cover lists Jessica Lanford as editor, not author; cited-edition author/editor role remains unconfirmed."
DeepLearningwithH2O158,"LeDell, E.","LeDell, Erin",corrected,Reviewed publication-specific name evidence,https://h2o-release.s3.amazonaws.com/h2o/rel-tukey/4/docs-website/h2o-docs/booklets/DeepLearning_Vignette.pdf,"LeDell, Erin",,Official manual cover provides this full personal name; no authors from a later edition are added.
DeepLearningwithH2O158,"and Parmar, V.","Parmar, Viraj",corrected,Reviewed publication-specific name evidence,https://h2o-release.s3.amazonaws.com/h2o/rel-tukey/4/docs-website/h2o-docs/booklets/DeepLearning_Vignette.pdf,"Parmar, Viraj",,Official manual cover provides this full personal name; no authors from a later edition are added.
DeepNeuralNetworksar159,"Nguyen, Anh","Nguyen, Anh",confirmed,Publication opening-page author block,https://www.cv-foundation.org/openaccess/content_cvpr_2015/papers/Nguyen_Deep_Neural_Networks_2015_CVPR_paper.pdf,,,Full given name and surname occur together in the matched publication author block.
DeepNeuralNetworksar159,"Yosinski, Jason","Yosinski, Jason",confirmed,Publication opening-page author block,https://www.cv-foundation.org/openaccess/content_cvpr_2015/papers/Nguyen_Deep_Neural_Networks_2015_CVPR_paper.pdf,,,Full given name and surname occur together in the matched publication author block.
DeepNeuralNetworksar159,"Clune, Jeff","Clune, Jeff",confirmed,Publication opening-page author block,https://www.cv-foundation.org/openaccess/content_cvpr_2015/papers/Nguyen_Deep_Neural_Networks_2015_CVPR_paper.pdf,,,Full given name and surname occur together in the matched publication author block.
DeepReinforcementLea160,"Henderson, Peter","Henderson, Peter",confirmed,Publication opening-page author block,https://ojs.aaai.org/index.php/AAAI/article/download/11694/11553,,,Full given name and surname occur together in the matched publication author block.
DeepReinforcementLea160,"Islam, Riashat","Islam, Riashat",confirmed,Publication opening-page author block,https://ojs.aaai.org/index.php/AAAI/article/download/11694/11553,,,Full given name and surname occur together in the matched publication author block.
DeepReinforcementLea160,"Bachman, Philip","Bachman, Philip",confirmed,Publication opening-page author block,https://ojs.aaai.org/index.php/AAAI/article/download/11694/11553,,,Full given name and surname occur together in the matched publication author block.
DeepReinforcementLea160,"Pineau, Joelle","Pineau, Joelle",confirmed,Publication opening-page author block,https://ojs.aaai.org/index.php/AAAI/article/download/11694/11553,,,Full given name and surname occur together in the matched publication author block.
DeepReinforcementLea160,"Precup, Doina","Precup, Doina",confirmed,Publication opening-page author block,https://ojs.aaai.org/index.php/AAAI/article/download/11694/11553,,,Full given name and surname occur together in the matched publication author block.
DeepReinforcementLea160,"Meger, David","Meger, David",confirmed,Publication opening-page author block,https://ojs.aaai.org/index.php/AAAI/article/download/11694/11553,,,Full given name and surname occur together in the matched publication author block.
DeepResidualLearning161,"He, Kaiming","He, Kaiming",confirmed,Publication page author metadata,https://arxiv.org/abs/1512.03385,"He, Kaiming",,Name matches an author of the externally matched publication; initial differences are compatible.
DeepResidualLearning161,"Zhang, Xiangyu","Zhang, Xiangyu",confirmed,Publication page author metadata,https://arxiv.org/abs/1512.03385,"Zhang, Xiangyu",,Name matches an author of the externally matched publication; initial differences are compatible.
DeepResidualLearning161,"Ren, Shaoqing","Ren, Shaoqing",confirmed,Publication page author metadata,https://arxiv.org/abs/1512.03385,"Ren, Shaoqing",,Name matches an author of the externally matched publication; initial differences are compatible.
DeepResidualLearning161,"Sun, Jian","Sun, Jian",confirmed,Publication page author metadata,https://arxiv.org/abs/1512.03385,"Sun, Jian",,Name matches an author of the externally matched publication; initial differences are compatible.
DeepfakesandChildSaf162,"Atherton, D.","Atherton, Daniel",corrected,Reviewed publication-specific name evidence,https://incidentdatabase.ai/about/?lang=en,"Atherton, Daniel",,Official AI Incident Database collaborator profile explicitly attributes this named 2024 report to Daniel Atherton.
DefinitivePerformanc163,"Candel, Arno","Candel, Arno",unverified,,,,,No sufficient publication-specific author evidence found.
DemocraticInputstoAI164,{OpenAI},{OpenAI},unverified,,,,,No sufficient publication-specific author evidence found.
Designandanalysisofe165,"Montgomery, Douglas C","Montgomery, Douglas C",unverified,,,,,No sufficient publication-specific author evidence found.
DesigningInherentlyI166,"Sudjianto, Agus","Sudjianto, Agus",confirmed,Publication page author metadata,https://arxiv.org/abs/2111.01743,"Sudjianto, Agus",,Name matches an author of the externally matched publication; initial differences are compatible.
DesigningInherentlyI166,"Zhang, Aijun","Zhang, Aijun",confirmed,Publication page author metadata,https://arxiv.org/abs/2111.01743,"Zhang, Aijun",,Name matches an author of the externally matched publication; initial differences are compatible.
DetectingPretraining167,"Shi, Weijia","Shi, Weijia",confirmed,Publication page author metadata,https://arxiv.org/abs/2310.16789,"Shi, Weijia",,Name matches an author of the externally matched publication; initial differences are compatible.
DetectingPretraining167,"Ajith, Anirudh","Ajith, Anirudh",confirmed,Publication page author metadata,https://arxiv.org/abs/2310.16789,"Ajith, Anirudh",,Name matches an author of the externally matched publication; initial differences are compatible.
DetectingPretraining167,"Xia, Mengzhou","Xia, Mengzhou",confirmed,Publication page author metadata,https://arxiv.org/abs/2310.16789,"Xia, Mengzhou",,Name matches an author of the externally matched publication; initial differences are compatible.
DetectingPretraining167,"Huang, Yangsibo","Huang, Yangsibo",confirmed,Publication page author metadata,https://arxiv.org/abs/2310.16789,"Huang, Yangsibo",,Name matches an author of the externally matched publication; initial differences are compatible.
DetectingPretraining167,"Liu, Daogao","Liu, Daogao",confirmed,Publication page author metadata,https://arxiv.org/abs/2310.16789,"Liu, Daogao",,Name matches an author of the externally matched publication; initial differences are compatible.
DetectingPretraining167,"Blevins, Terra","Blevins, Terra",confirmed,Publication page author metadata,https://arxiv.org/abs/2310.16789,"Blevins, Terra",,Name matches an author of the externally matched publication; initial differences are compatible.
DetectingPretraining167,"Chen, Danqi","Chen, Danqi",confirmed,Publication page author metadata,https://arxiv.org/abs/2310.16789,"Chen, Danqi",,Name matches an author of the externally matched publication; initial differences are compatible.
DetectingPretraining167,"Zettlemoyer, Luke","Zettlemoyer, Luke",confirmed,Publication page author metadata,https://arxiv.org/abs/2310.16789,"Zettlemoyer, Luke",,Name matches an author of the externally matched publication; initial differences are compatible.
Detectingsentimentto168,"Lee, Sanguk","Lee, Sanguk",confirmed,Publisher-deposited DOI author list,https://api.crossref.org/works/10.3390%2Fijerph19116759,"Lee, Sanguk",,Name matches an author of the externally matched publication; initial differences are compatible.
Detectingsentimentto168,"Ma, Siyuan","Ma, Siyuan",confirmed,Publisher-deposited DOI author list,https://api.crossref.org/works/10.3390%2Fijerph19116759,"Ma, Siyuan",,Name matches an author of the externally matched publication; initial differences are compatible.
Detectingsentimentto168,"Meng, Jingbo","Meng, Jingbo",confirmed,Publisher-deposited DOI author list,https://api.crossref.org/works/10.3390%2Fijerph19116759,"Meng, Jingbo",,Name matches an author of the externally matched publication; initial differences are compatible.
Detectingsentimentto168,"Zhuang, Jie","Zhuang, Jie",confirmed,Publisher-deposited DOI author list,https://api.crossref.org/works/10.3390%2Fijerph19116759,"Zhuang, Jie",,Name matches an author of the externally matched publication; initial differences are compatible.
Detectingsentimentto168,"Peng, Tai-Quan","Peng, Tai-Quan",confirmed,Publisher-deposited DOI author list,https://api.crossref.org/works/10.3390%2Fijerph19116759,"Peng, Tai-Quan",https://orcid.org/0000-0002-2588-7491,Name matches an author of the externally matched publication; initial differences are compatible.
Detoxify169,"Hanu, Laura","Hanu, Laura",unverified,,,,,No sufficient publication-specific author evidence found.
Detoxify169,{Unitary team},{Unitary team},unverified,,,,,No sufficient publication-specific author evidence found.
DifferentialPrivacya170,"Ji, Zhanglong","Ji, Zhanglong",confirmed,Publication page author metadata,https://arxiv.org/abs/1412.7584,"Ji, Zhanglong",,Name matches an author of the externally matched publication; initial differences are compatible.
DifferentialPrivacya170,"Lipton, Zachary C.","Lipton, Zachary C.",confirmed,Publication page author metadata,https://arxiv.org/abs/1412.7584,"Lipton, Zachary C.",,Name matches an author of the externally matched publication; initial differences are compatible.
DifferentialPrivacya170,"Elkan, Charles","Elkan, Charles",confirmed,Publication page author metadata,https://arxiv.org/abs/1412.7584,"Elkan, Charles",,Name matches an author of the externally matched publication; initial differences are compatible.
DiffprivlibTheIBMDif171,"Holohan, Naoise","Holohan, Naoise",confirmed,Publication page author metadata,https://arxiv.org/abs/1907.02444,"Holohan, Naoise",,Name matches an author of the externally matched publication; initial differences are compatible.
DiffprivlibTheIBMDif171,"Braghin, Stefano","Braghin, Stefano",confirmed,Publication page author metadata,https://arxiv.org/abs/1907.02444,"Braghin, Stefano",,Name matches an author of the externally matched publication; initial differences are compatible.
DiffprivlibTheIBMDif171,"Mac Aonghusa, P{\'o}l","Mac Aonghusa, P{\'o}l",confirmed,Publication page author metadata,https://arxiv.org/abs/1907.02444,"Mac Aonghusa, Pól",,Name matches an author of the externally matched publication; initial differences are compatible.
DiffprivlibTheIBMDif171,"Levacher, Killian","Levacher, Killian",confirmed,Publication page author metadata,https://arxiv.org/abs/1907.02444,"Levacher, Killian",,Name matches an author of the externally matched publication; initial differences are compatible.
Discourseanddigitalp172,"Jones, Rodney H","Jones, Rodney H",unverified,,,,,No sufficient publication-specific author evidence found.
Discourseanddigitalp172,"Chik, Alice","Chik, Alice",unverified,,,,,No sufficient publication-specific author evidence found.
Discourseanddigitalp172,"Hafner, Christoph A","Hafner, Christoph A",unverified,,,,,No sufficient publication-specific author evidence found.
DiscussionofBoosting173,"Friedman, Jerome","Friedman, Jerome",unverified,,,,,No sufficient publication-specific author evidence found.
DiscussionofBoosting173,"Hastie, Trevor","Hastie, Trevor",unverified,,,,,No sufficient publication-specific author evidence found.
DiscussionofBoosting173,"Tibshirani, Robert","Tibshirani, Robert",unverified,,,,,No sufficient publication-specific author evidence found.
DissectingRacialBias174,"Obermeyer, Ziad","Obermeyer, Ziad",confirmed,Publisher-deposited DOI author list,https://api.crossref.org/works/10.1126%2Fscience.aax2342,"Obermeyer, Ziad",https://orcid.org/0000-0002-4563-5849,Name matches an author of the externally matched publication; initial differences are compatible.
DissectingRacialBias174,"Powers, Brian","Powers, Brian",confirmed,Publisher-deposited DOI author list,https://api.crossref.org/works/10.1126%2Fscience.aax2342,"Powers, Brian",,Name matches an author of the externally matched publication; initial differences are compatible.
DissectingRacialBias174,"Vogeli, Christine","Vogeli, Christine",confirmed,Publisher-deposited DOI author list,https://api.crossref.org/works/10.1126%2Fscience.aax2342,"Vogeli, Christine",,Name matches an author of the externally matched publication; initial differences are compatible.
DissectingRacialBias174,"Mullainathan, Sendhil","Mullainathan, Sendhil",confirmed,Publisher-deposited DOI author list,https://api.crossref.org/works/10.1126%2Fscience.aax2342,"Mullainathan, Sendhil",https://orcid.org/0000-0001-8508-4052,Name matches an author of the externally matched publication; initial differences are compatible.
DistributedOptimizat175,"Boyd, Stephen","Boyd, Stephen",confirmed,Publication opening-page author block,https://web.stanford.edu/~boyd/papers/pdf/admm_distr_stats.pdf,,,Full given name and surname occur together in the matched publication author block.
DistributedOptimizat175,"Parikh, Neal","Parikh, Neal",confirmed,Publication opening-page author block,https://web.stanford.edu/~boyd/papers/pdf/admm_distr_stats.pdf,,,Full given name and surname occur together in the matched publication author block.
DistributedOptimizat175,"Chu, Eric","Chu, Eric",confirmed,Publication opening-page author block,https://web.stanford.edu/~boyd/papers/pdf/admm_distr_stats.pdf,,,Full given name and surname occur together in the matched publication author block.
DistributedOptimizat175,"Peleato, Borja","Peleato, Borja",confirmed,Publication opening-page author block,https://web.stanford.edu/~boyd/papers/pdf/admm_distr_stats.pdf,,,Full given name and surname occur together in the matched publication author block.
DistributedOptimizat175,"Eckstein, Jonahtan","Eckstein, Jonathan",corrected,Reviewed publication-specific name evidence,https://web.stanford.edu/~boyd/papers/pdf/admm_distr_stats.pdf,"Eckstein, Jonathan",,Publication title page prints Jonathan Eckstein; correct transposed letters in the given name.
DistributedRepresent176,"Mikolov, Tomas","Mikolov, Tomas",confirmed,Publication opening-page author block,https://proceedings.neurips.cc/paper_files/paper/2013/file/9aa42b31882ec039965f3c4923ce901b-Paper.pdf,,,Full given name and surname occur together in the matched publication author block.
DistributedRepresent176,"Sutskever, Ilya","Sutskever, Ilya",confirmed,Publication opening-page author block,https://proceedings.neurips.cc/paper_files/paper/2013/file/9aa42b31882ec039965f3c4923ce901b-Paper.pdf,,,Full given name and surname occur together in the matched publication author block.
DistributedRepresent176,"Chen, Kai","Chen, Kai",confirmed,Publication opening-page author block,https://proceedings.neurips.cc/paper_files/paper/2013/file/9aa42b31882ec039965f3c4923ce901b-Paper.pdf,,,Full given name and surname occur together in the matched publication author block.
DistributedRepresent176,"Corrado, Greg S.","Corrado, Greg S.",confirmed,Publication opening-page author block,https://proceedings.neurips.cc/paper_files/paper/2013/file/9aa42b31882ec039965f3c4923ce901b-Paper.pdf,,,Full given name and surname occur together in the matched publication author block.
DistributedRepresent176,"Dean, Jeff","Dean, Jeff",confirmed,Publication opening-page author block,https://proceedings.neurips.cc/paper_files/paper/2013/file/9aa42b31882ec039965f3c4923ce901b-Paper.pdf,,,Full given name and surname occur together in the matched publication author block.
DistributionFreePred177,"Lei, Jing","Lei, Jing",confirmed,Publication opening-page author block,https://www.stat.cmu.edu/~ryantibs/papers/conformal.pdf,,,Full given name and surname occur together in the matched publication author block.
DistributionFreePred177,"G'Sell, Max","G'Sell, Max",confirmed,Publication opening-page author block,https://www.stat.cmu.edu/~ryantibs/papers/conformal.pdf,,,Full given name and surname occur together in the matched publication author block.
DistributionFreePred177,"Rinaldo, Alessandro","Rinaldo, Alessandro",confirmed,Publication opening-page author block,https://www.stat.cmu.edu/~ryantibs/papers/conformal.pdf,,,Full given name and surname occur together in the matched publication author block.
DistributionFreePred177,"Tibshirani, Ryan J.","Tibshirani, Ryan J.",confirmed,Publication opening-page author block,https://www.stat.cmu.edu/~ryantibs/papers/conformal.pdf,,,Full given name and surname occur together in the matched publication author block.
DistributionFreePred177,"Wasserman, Larry","Wasserman, Larry",confirmed,Publication opening-page author block,https://www.stat.cmu.edu/~ryantibs/papers/conformal.pdf,,,Full given name and surname occur together in the matched publication author block.
DoanythingnowCharact178,"Shen, X.","Shen, Xinyue",corrected,Publication page author metadata,https://arxiv.org/abs/2308.03825,"Shen, Xinyue",,Complete authoritative author list matches all previously listed authors; restore omitted authors in source order.
DoanythingnowCharact178,,"Chen, Zeyuan",corrected,Publication page author metadata,https://arxiv.org/abs/2308.03825,"Chen, Zeyuan",,Complete authoritative author list matches all previously listed authors; restore omitted authors in source order.
DoanythingnowCharact178,,"Backes, Michael",corrected,Publication page author metadata,https://arxiv.org/abs/2308.03825,"Backes, Michael",,Complete authoritative author list matches all previously listed authors; restore omitted authors in source order.
DoanythingnowCharact178,,"Shen, Yun",corrected,Publication page author metadata,https://arxiv.org/abs/2308.03825,"Shen, Yun",,Complete authoritative author list matches all previously listed authors; restore omitted authors in source order.
DoanythingnowCharact178,,"Zhang, Yang",corrected,Publication page author metadata,https://arxiv.org/abs/2308.03825,"Zhang, Yang",,Complete authoritative author list matches all previously listed authors; restore omitted authors in source order.
DoImageNetClassifier179,"Recht, Benjamin","Recht, Benjamin",confirmed,Publication page author metadata,https://arxiv.org/abs/1902.10811,"Recht, Benjamin",,Name matches an author of the externally matched publication; initial differences are compatible.
DoImageNetClassifier179,"Roelofs, Rebecca","Roelofs, Rebecca",confirmed,Publication page author metadata,https://arxiv.org/abs/1902.10811,"Roelofs, Rebecca",,Name matches an author of the externally matched publication; initial differences are compatible.
DoImageNetClassifier179,"Schmidt, Ludwig","Schmidt, Ludwig",confirmed,Publication page author metadata,https://arxiv.org/abs/1902.10811,"Schmidt, Ludwig",,Name matches an author of the externally matched publication; initial differences are compatible.
DoImageNetClassifier179,"Shankar, Vaishaal","Shankar, Vaishaal",confirmed,Publication page author metadata,https://arxiv.org/abs/1902.10811,"Shankar, Vaishaal",,Name matches an author of the externally matched publication; initial differences are compatible.
Dolanguagemodelsplag180,"Lee, Jooyoung","Lee, Jooyoung",confirmed,Publisher-deposited DOI author list,https://api.crossref.org/works/10.1145%2F3543507.3583199,"Lee, Jooyoung",https://orcid.org/0000-0002-4635-247X,Name matches an author of the externally matched publication; initial differences are compatible.
Dolanguagemodelsplag180,"Le, Thai","Le, Thai",confirmed,Publisher-deposited DOI author list,https://api.crossref.org/works/10.1145%2F3543507.3583199,"Le, Thai",https://orcid.org/0000-0001-9632-6870,Name matches an author of the externally matched publication; initial differences are compatible.
Dolanguagemodelsplag180,"Chen, Jinghui","Chen, Jinghui",confirmed,Publisher-deposited DOI author list,https://api.crossref.org/works/10.1145%2F3543507.3583199,"Chen, Jinghui",https://orcid.org/0000-0002-1486-4526,Name matches an author of the externally matched publication; initial differences are compatible.
Dolanguagemodelsplag180,"Lee, Dongwon","Lee, Dongwon",confirmed,Publisher-deposited DOI author list,https://api.crossref.org/works/10.1145%2F3543507.3583199,"Lee, Dongwon",https://orcid.org/0000-0001-8371-7629,Name matches an author of the externally matched publication; initial differences are compatible.
Domembershipinferenc181,"Duan, M.","Duan, Michael",corrected,Publication page author metadata,https://arxiv.org/abs/2402.07841,"Duan, Michael",,Complete authoritative author list matches all previously listed authors; restore omitted authors in source order.
Domembershipinferenc181,,"Suri, Anshuman",corrected,Publication page author metadata,https://arxiv.org/abs/2402.07841,"Suri, Anshuman",,Complete authoritative author list matches all previously listed authors; restore omitted authors in source order.
Domembershipinferenc181,,"Mireshghallah, Niloofar",corrected,Publication page author metadata,https://arxiv.org/abs/2402.07841,"Mireshghallah, Niloofar",,Complete authoritative author list matches all previously listed authors; restore omitted authors in source order.
Domembershipinferenc181,,"Min, Sewon",corrected,Publication page author metadata,https://arxiv.org/abs/2402.07841,"Min, Sewon",,Complete authoritative author list matches all previously listed authors; restore omitted authors in source order.
Domembershipinferenc181,,"Shi, Weijia",corrected,Publication page author metadata,https://arxiv.org/abs/2402.07841,"Shi, Weijia",,Complete authoritative author list matches all previously listed authors; restore omitted authors in source order.
Domembershipinferenc181,,"Zettlemoyer, Luke",corrected,Publication page author metadata,https://arxiv.org/abs/2402.07841,"Zettlemoyer, Luke",,Complete authoritative author list matches all previously listed authors; restore omitted authors in source order.
Domembershipinferenc181,,"Tsvetkov, Yulia",corrected,Publication page author metadata,https://arxiv.org/abs/2402.07841,"Tsvetkov, Yulia",,Complete authoritative author list matches all previously listed authors; restore omitted authors in source order.
Domembershipinferenc181,,"Choi, Yejin",corrected,Publication page author metadata,https://arxiv.org/abs/2402.07841,"Choi, Yejin",,Complete authoritative author list matches all previously listed authors; restore omitted authors in source order.
Domembershipinferenc181,,"Evans, David",corrected,Publication page author metadata,https://arxiv.org/abs/2402.07841,"Evans, David",,Complete authoritative author list matches all previously listed authors; restore omitted authors in source order.
Domembershipinferenc181,,"Hajishirzi, Hannaneh",corrected,Publication page author metadata,https://arxiv.org/abs/2402.07841,"Hajishirzi, Hannaneh",,Complete authoritative author list matches all previously listed authors; restore omitted authors in source order.
DonotanswerEvaluatin182,"Wang, Yuxia","Wang, Yuxia",confirmed,Publisher-deposited DOI author list,https://api.crossref.org/works/10.18653%2Fv1%2F2024.findings-eacl.61,"Wang, Yuxia",,Name matches an author of the externally matched publication; initial differences are compatible.
DonotanswerEvaluatin182,"Li, Haonan","Li, Haonan",confirmed,Publisher-deposited DOI author list,https://api.crossref.org/works/10.18653%2Fv1%2F2024.findings-eacl.61,"Li, Haonan",,Name matches an author of the externally matched publication; initial differences are compatible.
DonotanswerEvaluatin182,"Han, Xudong","Han, Xudong",confirmed,Publisher-deposited DOI author list,https://api.crossref.org/works/10.18653%2Fv1%2F2024.findings-eacl.61,"Han, Xudong",,Name matches an author of the externally matched publication; initial differences are compatible.
DonotanswerEvaluatin182,"Nakov, Preslav","Nakov, Preslav",confirmed,Publisher-deposited DOI author list,https://api.crossref.org/works/10.18653%2Fv1%2F2024.findings-eacl.61,"Nakov, Preslav",,Name matches an author of the externally matched publication; initial differences are compatible.
DonotanswerEvaluatin182,"Baldwin, Timothy","Baldwin, Timothy",confirmed,Publisher-deposited DOI author list,https://api.crossref.org/works/10.18653%2Fv1%2F2024.findings-eacl.61,"Baldwin, Timothy",,Name matches an author of the externally matched publication; initial differences are compatible.
DontListenToMeUnders183,"Yu, Zhiyuan","Yu, Zhiyuan",confirmed,Publication page author metadata,https://arxiv.org/abs/2403.17336,"Yu, Zhiyuan",,Name matches an author of the externally matched publication; initial differences are compatible.
DontListenToMeUnders183,"Liu, Xiaogeng","Liu, Xiaogeng",confirmed,Publication page author metadata,https://arxiv.org/abs/2403.17336,"Liu, Xiaogeng",,Name matches an author of the externally matched publication; initial differences are compatible.
DontListenToMeUnders183,"Liang, Shunning","Liang, Shunning",confirmed,Publication page author metadata,https://arxiv.org/abs/2403.17336,"Liang, Shunning",,Name matches an author of the externally matched publication; initial differences are compatible.
DontListenToMeUnders183,"Cameron, Zach","Cameron, Zach",confirmed,Publication page author metadata,https://arxiv.org/abs/2403.17336,"Cameron, Zach",,Name matches an author of the externally matched publication; initial differences are compatible.
DontListenToMeUnders183,"Xiao, Chaowei","Xiao, Chaowei",confirmed,Publication page author metadata,https://arxiv.org/abs/2403.17336,"Xiao, Chaowei",,Name matches an author of the externally matched publication; initial differences are compatible.
DontListenToMeUnders183,"Zhang, Ning","Zhang, Ning",confirmed,Publication page author metadata,https://arxiv.org/abs/2403.17336,"Zhang, Ning",,Name matches an author of the externally matched publication; initial differences are compatible.
DQIMeasuringdataqual184,"Mishra, Swaroop","Mishra, Swaroop",confirmed,Publication page author metadata,https://arxiv.org/abs/2005.00816,"Mishra, Swaroop",,Name matches an author of the externally matched publication; initial differences are compatible.
DQIMeasuringdataqual184,"Arunkumar, Anjana","Arunkumar, Anjana",confirmed,Publication page author metadata,https://arxiv.org/abs/2005.00816,"Arunkumar, Anjana",,Name matches an author of the externally matched publication; initial differences are compatible.
DQIMeasuringdataqual184,"Sachdeva, Bhavdeep","Sachdeva, Bhavdeep",confirmed,Publication page author metadata,https://arxiv.org/abs/2005.00816,"Sachdeva, Bhavdeep",,Name matches an author of the externally matched publication; initial differences are compatible.
DQIMeasuringdataqual184,"Bryan, Chris","Bryan, Chris",confirmed,Publication page author metadata,https://arxiv.org/abs/2005.00816,"Bryan, Chris",,Name matches an author of the externally matched publication; initial differences are compatible.
DQIMeasuringdataqual184,"Baral, Chitta","Baral, Chitta",confirmed,Publication page author metadata,https://arxiv.org/abs/2005.00816,"Baral, Chitta",,Name matches an author of the externally matched publication; initial differences are compatible.
DraftforPublicCommen185,,"Grother, Patrick",corrected,Reviewed full publication author list,https://pages.nist.gov/frvt/reports/quality/frvt_quality_report.pdf,"Grother, Patrick",,Draft cover provides four individual authors; split incorrectly merged Patrick Grother/Austin Hom names.
DraftforPublicCommen185,,"Hom, Austin",corrected,Reviewed full publication author list,https://pages.nist.gov/frvt/reports/quality/frvt_quality_report.pdf,"Hom, Austin",,Draft cover provides four individual authors; split incorrectly merged Patrick Grother/Austin Hom names.
DraftforPublicCommen185,"Ngan, Mei","Ngan, Mei",confirmed,Reviewed full publication author list,https://pages.nist.gov/frvt/reports/quality/frvt_quality_report.pdf,"Ngan, Mei",,Draft cover provides four individual authors; split incorrectly merged Patrick Grother/Austin Hom names.
DraftforPublicCommen185,"Hanaoka, Kayee","Hanaoka, Kayee",confirmed,Reviewed full publication author list,https://pages.nist.gov/frvt/reports/quality/frvt_quality_report.pdf,"Hanaoka, Kayee",,Draft cover provides four individual authors; split incorrectly merged Patrick Grother/Austin Hom names.
DRAFTSUPPLEMENTFaceA186,"Ngan, M.","Ngan, M.",unverified,,,,,No sufficient publication-specific author evidence found.
DRAFTSUPPLEMENTFaceA186,"Grother, P.","Grother, P.",unverified,,,,,No sufficient publication-specific author evidence found.
DRAFTSUPPLEMENTFaceA186,"Hanaoka, K.","Hanaoka, K.",unverified,,,,,No sufficient publication-specific author evidence found.
DRAFTSUPPLEMENTFaceA186,"Kuo, J.","Kuo, J.",unverified,,,,,No sufficient publication-specific author evidence found.
DropoutasaBayesianAp187,"Gal, Yarin","Gal, Yarin",confirmed,Publication page author metadata,https://arxiv.org/abs/1506.02142,"Gal, Yarin",,Name matches an author of the externally matched publication; initial differences are compatible.
DropoutasaBayesianAp187,"Ghahramani, Zoubin","Ghahramani, Zoubin",confirmed,Publication page author metadata,https://arxiv.org/abs/1506.02142,"Ghahramani, Zoubin",,Name matches an author of the externally matched publication; initial differences are compatible.
DynabenchRethinkingB188,"Kiela, Douwe","Kiela, Douwe",confirmed,Publisher-deposited DOI author list,https://api.crossref.org/works/10.18653%2Fv1%2F2021.naacl-main.324,"Kiela, Douwe",,Name matches an author of the externally matched publication; initial differences are compatible.
DynabenchRethinkingB188,"Bartolo, Max","Bartolo, Max",confirmed,Publisher-deposited DOI author list,https://api.crossref.org/works/10.18653%2Fv1%2F2021.naacl-main.324,"Bartolo, Max",,Name matches an author of the externally matched publication; initial differences are compatible.
DynabenchRethinkingB188,"Nie, Yixin","Nie, Yixin",confirmed,Publisher-deposited DOI author list,https://api.crossref.org/works/10.18653%2Fv1%2F2021.naacl-main.324,"Nie, Yixin",,Name matches an author of the externally matched publication; initial differences are compatible.
DynabenchRethinkingB188,"Kaushik, Divyansh","Kaushik, Divyansh",confirmed,Publisher-deposited DOI author list,https://api.crossref.org/works/10.18653%2Fv1%2F2021.naacl-main.324,"Kaushik, Divyansh",,Name matches an author of the externally matched publication; initial differences are compatible.
DynabenchRethinkingB188,"Geiger, Atticus","Geiger, Atticus",confirmed,Publisher-deposited DOI author list,https://api.crossref.org/works/10.18653%2Fv1%2F2021.naacl-main.324,"Geiger, Atticus",,Name matches an author of the externally matched publication; initial differences are compatible.
DynabenchRethinkingB188,"Wu, Zhengxuan","Wu, Zhengxuan",confirmed,Publisher-deposited DOI author list,https://api.crossref.org/works/10.18653%2Fv1%2F2021.naacl-main.324,"Wu, Zhengxuan",,Name matches an author of the externally matched publication; initial differences are compatible.
DynabenchRethinkingB188,"Vidgen, Bertie","Vidgen, Bertie",confirmed,Publisher-deposited DOI author list,https://api.crossref.org/works/10.18653%2Fv1%2F2021.naacl-main.324,"Vidgen, Bertie",,Name matches an author of the externally matched publication; initial differences are compatible.
DynabenchRethinkingB188,"Prasad, Grusha","Prasad, Grusha",confirmed,Publisher-deposited DOI author list,https://api.crossref.org/works/10.18653%2Fv1%2F2021.naacl-main.324,"Prasad, Grusha",,Name matches an author of the externally matched publication; initial differences are compatible.
DynabenchRethinkingB188,"Singh, Amanpreet","Singh, Amanpreet",confirmed,Publisher-deposited DOI author list,https://api.crossref.org/works/10.18653%2Fv1%2F2021.naacl-main.324,"Singh, Amanpreet",,Name matches an author of the externally matched publication; initial differences are compatible.
DynabenchRethinkingB188,"Ringshia, Pratik","Ringshia, Pratik",confirmed,Publisher-deposited DOI author list,https://api.crossref.org/works/10.18653%2Fv1%2F2021.naacl-main.324,"Ringshia, Pratik",,Name matches an author of the externally matched publication; initial differences are compatible.
DynabenchRethinkingB188,"Ma, Zhiyi","Ma, Zhiyi",confirmed,Publisher-deposited DOI author list,https://api.crossref.org/works/10.18653%2Fv1%2F2021.naacl-main.324,"Ma, Zhiyi",,Name matches an author of the externally matched publication; initial differences are compatible.
DynabenchRethinkingB188,"Thrush, Tristan","Thrush, Tristan",confirmed,Publisher-deposited DOI author list,https://api.crossref.org/works/10.18653%2Fv1%2F2021.naacl-main.324,"Thrush, Tristan",,Name matches an author of the externally matched publication; initial differences are compatible.
DynabenchRethinkingB188,"Riedel, Sebastian","Riedel, Sebastian",confirmed,Publisher-deposited DOI author list,https://api.crossref.org/works/10.18653%2Fv1%2F2021.naacl-main.324,"Riedel, Sebastian",,Name matches an author of the externally matched publication; initial differences are compatible.
DynabenchRethinkingB188,"Waseem, Zeerak","Waseem, Zeerak",confirmed,Publisher-deposited DOI author list,https://api.crossref.org/works/10.18653%2Fv1%2F2021.naacl-main.324,"Waseem, Zeerak",,Name matches an author of the externally matched publication; initial differences are compatible.
DynabenchRethinkingB188,"Stenetorp, Pontus","Stenetorp, Pontus",confirmed,Publisher-deposited DOI author list,https://api.crossref.org/works/10.18653%2Fv1%2F2021.naacl-main.324,"Stenetorp, Pontus",,Name matches an author of the externally matched publication; initial differences are compatible.
DynabenchRethinkingB188,"Jia, Robin","Jia, Robin",confirmed,Publisher-deposited DOI author list,https://api.crossref.org/works/10.18653%2Fv1%2F2021.naacl-main.324,"Jia, Robin",,Name matches an author of the externally matched publication; initial differences are compatible.
DynabenchRethinkingB188,"Bansal, Mohit","Bansal, Mohit",confirmed,Publisher-deposited DOI author list,https://api.crossref.org/works/10.18653%2Fv1%2F2021.naacl-main.324,"Bansal, Mohit",,Name matches an author of the externally matched publication; initial differences are compatible.
DynabenchRethinkingB188,"Potts, Christopher","Potts, Christopher",confirmed,Publisher-deposited DOI author list,https://api.crossref.org/works/10.18653%2Fv1%2F2021.naacl-main.324,"Potts, Christopher",,Name matches an author of the externally matched publication; initial differences are compatible.
DynabenchRethinkingB188,"Williams, Adina","Williams, Adina",confirmed,Publisher-deposited DOI author list,https://api.crossref.org/works/10.18653%2Fv1%2F2021.naacl-main.324,"Williams, Adina",,Name matches an author of the externally matched publication; initial differences are compatible.
Easilyaccessibletext189,"Bianchi, F.","Bianchi, Federico",corrected,Publisher-deposited DOI author list,https://api.crossref.org/works/10.1145%2F3593013.3594095,"Bianchi, Federico",https://orcid.org/0000-0003-0776-361X,Complete authoritative author list matches all previously listed authors; restore omitted authors in source order.
Easilyaccessibletext189,,"Kalluri, Pratyusha",corrected,Publisher-deposited DOI author list,https://api.crossref.org/works/10.1145%2F3593013.3594095,"Kalluri, Pratyusha",https://orcid.org/0000-0001-7202-8027,Complete authoritative author list matches all previously listed authors; restore omitted authors in source order.
Easilyaccessibletext189,,"Durmus, Esin",corrected,Publisher-deposited DOI author list,https://api.crossref.org/works/10.1145%2F3593013.3594095,"Durmus, Esin",https://orcid.org/0009-0009-7331-8160,Complete authoritative author list matches all previously listed authors; restore omitted authors in source order.
Easilyaccessibletext189,,"Ladhak, Faisal",corrected,Publisher-deposited DOI author list,https://api.crossref.org/works/10.1145%2F3593013.3594095,"Ladhak, Faisal",https://orcid.org/0009-0009-5730-3866,Complete authoritative author list matches all previously listed authors; restore omitted authors in source order.
Easilyaccessibletext189,,"Cheng, Myra",corrected,Publisher-deposited DOI author list,https://api.crossref.org/works/10.1145%2F3593013.3594095,"Cheng, Myra",https://orcid.org/0000-0002-5052-2929,Complete authoritative author list matches all previously listed authors; restore omitted authors in source order.
Easilyaccessibletext189,,"Nozza, Debora",corrected,Publisher-deposited DOI author list,https://api.crossref.org/works/10.1145%2F3593013.3594095,"Nozza, Debora",https://orcid.org/0000-0002-7998-2267,Complete authoritative author list matches all previously listed authors; restore omitted authors in source order.
Easilyaccessibletext189,,"Hashimoto, Tatsunori",corrected,Publisher-deposited DOI author list,https://api.crossref.org/works/10.1145%2F3593013.3594095,"Hashimoto, Tatsunori",https://orcid.org/0000-0003-0521-5855,Complete authoritative author list matches all previously listed authors; restore omitted authors in source order.
Easilyaccessibletext189,,"Jurafsky, Dan",corrected,Publisher-deposited DOI author list,https://api.crossref.org/works/10.1145%2F3593013.3594095,"Jurafsky, Dan",https://orcid.org/0000-0002-6459-7745,Complete authoritative author list matches all previously listed authors; restore omitted authors in source order.
Easilyaccessibletext189,,"Zou, James",corrected,Publisher-deposited DOI author list,https://api.crossref.org/works/10.1145%2F3593013.3594095,"Zou, James",https://orcid.org/0000-0001-8880-4764,Complete authoritative author list matches all previously listed authors; restore omitted authors in source order.
Easilyaccessibletext189,,"Caliskan, Aylin",corrected,Publisher-deposited DOI author list,https://api.crossref.org/works/10.1145%2F3593013.3594095,"Caliskan, Aylin",https://orcid.org/0000-0001-7154-8629,Complete authoritative author list matches all previously listed authors; restore omitted authors in source order.
ECBGuidetoInternalMo190,{ECB},{ECB},unverified,,,,,No sufficient publication-specific author evidence found.
EfficientBackProp191,,,unverified,No author supplied,,,,Author field is empty; no supported author list found.
EfficientEstimationo192,"Mikolov, Tomas","Mikolov, Tomas",confirmed,Publication page author metadata,https://arxiv.org/abs/1301.3781,"Mikolov, Tomas",,Name matches an author of the externally matched publication; initial differences are compatible.
EfficientEstimationo192,"Chen, Kai","Chen, Kai",confirmed,Publication page author metadata,https://arxiv.org/abs/1301.3781,"Chen, Kai",,Name matches an author of the externally matched publication; initial differences are compatible.
EfficientEstimationo192,"Corrado, Greg","Corrado, Greg",confirmed,Publication page author metadata,https://arxiv.org/abs/1301.3781,"Corrado, Greg",,Name matches an author of the externally matched publication; initial differences are compatible.
EfficientEstimationo192,"Dean, Jeffrey","Dean, Jeffrey",confirmed,Publication page author metadata,https://arxiv.org/abs/1301.3781,"Dean, Jeffrey",,Name matches an author of the externally matched publication; initial differences are compatible.
EmpireofAIDreamsandN193,"Hao, Karen","Hao, Karen",unverified,,,,,No sufficient publication-specific author evidence found.
EmpiricalObservation194,"Rodolfa, Kit T.","Rodolfa, Kit T.",confirmed,Publication page author metadata,https://arxiv.org/abs/2012.02972,"Rodolfa, Kit T.",,Name matches an author of the externally matched publication; initial differences are compatible.
EmpiricalObservation194,"Lamba, Hemank","Lamba, Hemank",confirmed,Publication page author metadata,https://arxiv.org/abs/2012.02972,"Lamba, Hemank",,Name matches an author of the externally matched publication; initial differences are compatible.
EmpiricalObservation194,"Ghani, Rayid","Ghani, Rayid",confirmed,Publication page author metadata,https://arxiv.org/abs/2012.02972,"Ghani, Rayid",,Name matches an author of the externally matched publication; initial differences are compatible.
EnhancingExplainabil195,"Yang, Zebin","Yang, Zebin",confirmed,Publication page author metadata,https://arxiv.org/abs/1901.03838,"Yang, Zebin",,Name matches an author of the externally matched publication; initial differences are compatible.
EnhancingExplainabil195,"Zhang, Aijun","Zhang, Aijun",confirmed,Publication page author metadata,https://arxiv.org/abs/1901.03838,"Zhang, Aijun",,Name matches an author of the externally matched publication; initial differences are compatible.
EnhancingExplainabil195,"Sudjianto, Agus","Sudjianto, Agus",confirmed,Publication page author metadata,https://arxiv.org/abs/1901.03838,"Sudjianto, Agus",,Name matches an author of the externally matched publication; initial differences are compatible.
EnshitificationWhyEv196,"Doctorow, Cory","Doctorow, Cory",unverified,,,,,No sufficient publication-specific author evidence found.
EqualityofOpportunit197,"Hardt, Moritz","Hardt, Moritz",confirmed,Publication opening-page author block,https://proceedings.neurips.cc/paper_files/paper/2016/file/6a9659feb1216f14f7384ba499518b38-Paper.pdf,,,Full given name and surname occur together in the matched publication author block.
EqualityofOpportunit197,"Price, Eric","Price, Eric",confirmed,Publication opening-page author block,https://proceedings.neurips.cc/paper_files/paper/2016/file/6a9659feb1216f14f7384ba499518b38-Paper.pdf,,,Full given name and surname occur together in the matched publication author block.
EqualityofOpportunit197,"Srebro, Nati","Srebro, Nati",unverified,,,,,No sufficient publication-specific author evidence found.
EqualityofOpportunit197,others,others,unverified,,,,,No sufficient publication-specific author evidence found.
Ergonomicsofhumansys198,{ISO},{ISO},unverified,,,,,No sufficient publication-specific author evidence found.
EthicsOwnersANewMode199,,"Moss, Emanuel",corrected,Reviewed full publication author list,https://datasociety.net/wp-content/uploads/2020/09/Ethics-Owners_20200923-DataSociety.pdf,"Moss, Emanuel",,Cover explicitly lists Emanuel Moss and Jacob Metcalf; repair inverted first-name/surname fields.
EthicsOwnersANewMode199,,"Metcalf, Jacob",corrected,Reviewed full publication author list,https://datasociety.net/wp-content/uploads/2020/09/Ethics-Owners_20200923-DataSociety.pdf,"Metcalf, Jacob",,Cover explicitly lists Emanuel Moss and Jacob Metcalf; repair inverted first-name/surname fields.
EvaluatingandMitigat200,"Tamkin, Alex","Tamkin, Alex",confirmed,Publication page author metadata,https://arxiv.org/abs/2312.03689,"Tamkin, Alex",,Name matches an author of the externally matched publication; initial differences are compatible.
EvaluatingandMitigat200,"Askell, Amanda","Askell, Amanda",confirmed,Publication page author metadata,https://arxiv.org/abs/2312.03689,"Askell, Amanda",,Name matches an author of the externally matched publication; initial differences are compatible.
EvaluatingandMitigat200,"Lovitt, Liane","Lovitt, Liane",confirmed,Publication page author metadata,https://arxiv.org/abs/2312.03689,"Lovitt, Liane",,Name matches an author of the externally matched publication; initial differences are compatible.
EvaluatingandMitigat200,"Durmus, Esin","Durmus, Esin",confirmed,Publication page author metadata,https://arxiv.org/abs/2312.03689,"Durmus, Esin",,Name matches an author of the externally matched publication; initial differences are compatible.
EvaluatingandMitigat200,"Joseph, Nicholas","Joseph, Nicholas",confirmed,Publication page author metadata,https://arxiv.org/abs/2312.03689,"Joseph, Nicholas",,Name matches an author of the externally matched publication; initial differences are compatible.
EvaluatingandMitigat200,"Kravec, Shauna","Kravec, Shauna",confirmed,Publication page author metadata,https://arxiv.org/abs/2312.03689,"Kravec, Shauna",,Name matches an author of the externally matched publication; initial differences are compatible.
EvaluatingandMitigat200,"Nguyen, Karina","Nguyen, Karina",confirmed,Publication page author metadata,https://arxiv.org/abs/2312.03689,"Nguyen, Karina",,Name matches an author of the externally matched publication; initial differences are compatible.
EvaluatingandMitigat200,"Kaplan, Jared","Kaplan, Jared",confirmed,Publication page author metadata,https://arxiv.org/abs/2312.03689,"Kaplan, Jared",,Name matches an author of the externally matched publication; initial differences are compatible.
EvaluatingandMitigat200,"Ganguli, Deep","Ganguli, Deep",confirmed,Publication page author metadata,https://arxiv.org/abs/2312.03689,"Ganguli, Deep",,Name matches an author of the externally matched publication; initial differences are compatible.
EvaluatingGenerative201,"Wallach, Hanna M.","Wallach, Hanna M.",confirmed,Publication page author metadata,https://arxiv.org/abs/2411.10939v1,"Wallach, Hanna",,Complete authoritative author list matches all previously listed authors; restore omitted authors in source order.
EvaluatingGenerative201,"Desai, Meera A.","Desai, Meera A.",confirmed,Publication page author metadata,https://arxiv.org/abs/2411.10939v1,"Desai, Meera",,Complete authoritative author list matches all previously listed authors; restore omitted authors in source order.
EvaluatingGenerative201,"Pangakis, Nicholas","Pangakis, Nicholas",confirmed,Publication page author metadata,https://arxiv.org/abs/2411.10939v1,"Pangakis, Nicholas",,Complete authoritative author list matches all previously listed authors; restore omitted authors in source order.
EvaluatingGenerative201,"Cooper, A. Feder","Cooper, A. Feder",confirmed,Publication page author metadata,https://arxiv.org/abs/2411.10939v1,"Cooper, A. Feder",,Complete authoritative author list matches all previously listed authors; restore omitted authors in source order.
EvaluatingGenerative201,"Wang, Angelina","Wang, Angelina",confirmed,Publication page author metadata,https://arxiv.org/abs/2411.10939v1,"Wang, Angelina",,Complete authoritative author list matches all previously listed authors; restore omitted authors in source order.
EvaluatingGenerative201,"Barocas, Solon","Barocas, Solon",confirmed,Publication page author metadata,https://arxiv.org/abs/2411.10939v1,"Barocas, Solon",,Complete authoritative author list matches all previously listed authors; restore omitted authors in source order.
EvaluatingGenerative201,"Chouldechova, Alexandra","Chouldechova, Alexandra",confirmed,Publication page author metadata,https://arxiv.org/abs/2411.10939v1,"Chouldechova, Alexandra",,Complete authoritative author list matches all previously listed authors; restore omitted authors in source order.
EvaluatingGenerative201,"Atalla, Chad","Atalla, Chad",confirmed,Publication page author metadata,https://arxiv.org/abs/2411.10939v1,"Atalla, Chad",,Complete authoritative author list matches all previously listed authors; restore omitted authors in source order.
EvaluatingGenerative201,"Blodgett, Su Lin","Blodgett, Su Lin",confirmed,Publication page author metadata,https://arxiv.org/abs/2411.10939v1,"Blodgett, Su Lin",,Complete authoritative author list matches all previously listed authors; restore omitted authors in source order.
EvaluatingGenerative201,"Corvi, Emily","Corvi, Emily",confirmed,Publication page author metadata,https://arxiv.org/abs/2411.10939v1,"Corvi, Emily",,Complete authoritative author list matches all previously listed authors; restore omitted authors in source order.
EvaluatingGenerative201,,"Dow, P. Alex",corrected,Publication page author metadata,https://arxiv.org/abs/2411.10939v1,"Dow, P. Alex",,Complete authoritative author list matches all previously listed authors; restore omitted authors in source order.
EvaluatingGenerative201,,"Garcia-Gathright, Jean",corrected,Publication page author metadata,https://arxiv.org/abs/2411.10939v1,"Garcia-Gathright, Jean",,Complete authoritative author list matches all previously listed authors; restore omitted authors in source order.
EvaluatingGenerative201,,"Olteanu, Alexandra",corrected,Publication page author metadata,https://arxiv.org/abs/2411.10939v1,"Olteanu, Alexandra",,Complete authoritative author list matches all previously listed authors; restore omitted authors in source order.
EvaluatingGenerative201,,"Reed, Stefanie",corrected,Publication page author metadata,https://arxiv.org/abs/2411.10939v1,"Reed, Stefanie",,Complete authoritative author list matches all previously listed authors; restore omitted authors in source order.
EvaluatingGenerative201,,"Sheng, Emily",corrected,Publication page author metadata,https://arxiv.org/abs/2411.10939v1,"Sheng, Emily",,Complete authoritative author list matches all previously listed authors; restore omitted authors in source order.
EvaluatingGenerative201,,"Vann, Dan",corrected,Publication page author metadata,https://arxiv.org/abs/2411.10939v1,"Vann, Dan",,Complete authoritative author list matches all previously listed authors; restore omitted authors in source order.
EvaluatingGenerative201,,"Vaughan, Jennifer Wortman",corrected,Publication page author metadata,https://arxiv.org/abs/2411.10939v1,"Vaughan, Jennifer Wortman",,Complete authoritative author list matches all previously listed authors; restore omitted authors in source order.
EvaluatingGenerative201,,"Vogel, Matthew",corrected,Publication page author metadata,https://arxiv.org/abs/2411.10939v1,"Vogel, Matthew",,Complete authoritative author list matches all previously listed authors; restore omitted authors in source order.
EvaluatingGenerative201,,"Washington, Hannah",corrected,Publication page author metadata,https://arxiv.org/abs/2411.10939v1,"Washington, Hannah",,Complete authoritative author list matches all previously listed authors; restore omitted authors in source order.
EvaluatingGenerative201,,"Jacobs, Abigail Z.",corrected,Publication page author metadata,https://arxiv.org/abs/2411.10939v1,"Jacobs, Abigail Z.",,Complete authoritative author list matches all previously listed authors; restore omitted authors in source order.
Evaluatinglargelangu202,"Chen, Mark","Chen, Mark",confirmed,Publication page author metadata,https://arxiv.org/abs/2107.03374,"Chen, Mark",,Complete authoritative author list matches all previously listed authors; restore omitted authors in source order.
Evaluatinglargelangu202,"Tworek, Jerry","Tworek, Jerry",confirmed,Publication page author metadata,https://arxiv.org/abs/2107.03374,"Tworek, Jerry",,Complete authoritative author list matches all previously listed authors; restore omitted authors in source order.
Evaluatinglargelangu202,"Jun, Heewoo","Jun, Heewoo",confirmed,Publication page author metadata,https://arxiv.org/abs/2107.03374,"Jun, Heewoo",,Complete authoritative author list matches all previously listed authors; restore omitted authors in source order.
Evaluatinglargelangu202,"Yuan, Qiming","Yuan, Qiming",confirmed,Publication page author metadata,https://arxiv.org/abs/2107.03374,"Yuan, Qiming",,Complete authoritative author list matches all previously listed authors; restore omitted authors in source order.
Evaluatinglargelangu202,"Pinto, Henrique Ponde De Oliveira","Pinto, Henrique Ponde De Oliveira",confirmed,Publication page author metadata,https://arxiv.org/abs/2107.03374,"Pinto, Henrique Ponde de Oliveira",,Complete authoritative author list matches all previously listed authors; restore omitted authors in source order.
Evaluatinglargelangu202,"Kaplan, Jared","Kaplan, Jared",confirmed,Publication page author metadata,https://arxiv.org/abs/2107.03374,"Kaplan, Jared",,Complete authoritative author list matches all previously listed authors; restore omitted authors in source order.
Evaluatinglargelangu202,"Edwards, Harri","Edwards, Harri",confirmed,Publication page author metadata,https://arxiv.org/abs/2107.03374,"Edwards, Harri",,Complete authoritative author list matches all previously listed authors; restore omitted authors in source order.
Evaluatinglargelangu202,"Burda, Yuri","Burda, Yuri",confirmed,Publication page author metadata,https://arxiv.org/abs/2107.03374,"Burda, Yuri",,Complete authoritative author list matches all previously listed authors; restore omitted authors in source order.
Evaluatinglargelangu202,"Joseph, Nicholas","Joseph, Nicholas",confirmed,Publication page author metadata,https://arxiv.org/abs/2107.03374,"Joseph, Nicholas",,Complete authoritative author list matches all previously listed authors; restore omitted authors in source order.
Evaluatinglargelangu202,"Brockman, Greg","Brockman, Greg",confirmed,Publication page author metadata,https://arxiv.org/abs/2107.03374,"Brockman, Greg",,Complete authoritative author list matches all previously listed authors; restore omitted authors in source order.
Evaluatinglargelangu202,others,others,unverified,Original-version comparison,https://arxiv.org/abs/2107.03374,,,Original PDF and current metadata have different author lists; full expansion is withheld to preserve the cited version.
Evaluatingreplicabil203,"Camerer, Colin F.","Camerer, Colin F.",confirmed,Publisher-deposited DOI author list,https://api.crossref.org/works/10.1126%2Fscience.aaf0918,"Camerer, Colin F.",,Name matches an author of the externally matched publication; initial differences are compatible.
Evaluatingreplicabil203,"Dreber, Anna","Dreber, Anna",confirmed,Publisher-deposited DOI author list,https://api.crossref.org/works/10.1126%2Fscience.aaf0918,"Dreber, Anna",,Name matches an author of the externally matched publication; initial differences are compatible.
Evaluatingreplicabil203,"Forsell, Eskil","Forsell, Eskil",confirmed,Publisher-deposited DOI author list,https://api.crossref.org/works/10.1126%2Fscience.aaf0918,"Forsell, Eskil",,Name matches an author of the externally matched publication; initial differences are compatible.
Evaluatingreplicabil203,"Ho, Teck-Hua","Ho, Teck-Hua",confirmed,Publisher-deposited DOI author list,https://api.crossref.org/works/10.1126%2Fscience.aaf0918,"Ho, Teck-Hua",,Name matches an author of the externally matched publication; initial differences are compatible.
Evaluatingreplicabil203,"Huber, Jürgen","Huber, Jürgen",confirmed,Publisher-deposited DOI author list,https://api.crossref.org/works/10.1126%2Fscience.aaf0918,"Huber, Jürgen",,Name matches an author of the externally matched publication; initial differences are compatible.
Evaluatingreplicabil203,"Johannesson, Magnus","Johannesson, Magnus",confirmed,Publisher-deposited DOI author list,https://api.crossref.org/works/10.1126%2Fscience.aaf0918,"Johannesson, Magnus",,Name matches an author of the externally matched publication; initial differences are compatible.
Evaluatingreplicabil203,"Kirchler, Michael","Kirchler, Michael",confirmed,Publisher-deposited DOI author list,https://api.crossref.org/works/10.1126%2Fscience.aaf0918,"Kirchler, Michael",,Name matches an author of the externally matched publication; initial differences are compatible.
Evaluatingreplicabil203,"Almenberg, Johan","Almenberg, Johan",confirmed,Publisher-deposited DOI author list,https://api.crossref.org/works/10.1126%2Fscience.aaf0918,"Almenberg, Johan",,Name matches an author of the externally matched publication; initial differences are compatible.
Evaluatingreplicabil203,"Altmejd, Adam","Altmejd, Adam",confirmed,Publisher-deposited DOI author list,https://api.crossref.org/works/10.1126%2Fscience.aaf0918,"Altmejd, Adam",,Name matches an author of the externally matched publication; initial differences are compatible.
Evaluatingreplicabil203,"Chan, Taizan","Chan, Taizan",confirmed,Publisher-deposited DOI author list,https://api.crossref.org/works/10.1126%2Fscience.aaf0918,"Chan, Taizan",,Name matches an author of the externally matched publication; initial differences are compatible.
Evaluatingreplicabil203,"Heikensten, Emma","Heikensten, Emma",confirmed,Publisher-deposited DOI author list,https://api.crossref.org/works/10.1126%2Fscience.aaf0918,"Heikensten, Emma",,Name matches an author of the externally matched publication; initial differences are compatible.
Evaluatingreplicabil203,"Holzmeister, Felix","Holzmeister, Felix",confirmed,Publisher-deposited DOI author list,https://api.crossref.org/works/10.1126%2Fscience.aaf0918,"Holzmeister, Felix",,Name matches an author of the externally matched publication; initial differences are compatible.
Evaluatingreplicabil203,"Imai, Taisuke","Imai, Taisuke",confirmed,Publisher-deposited DOI author list,https://api.crossref.org/works/10.1126%2Fscience.aaf0918,"Imai, Taisuke",,Name matches an author of the externally matched publication; initial differences are compatible.
Evaluatingreplicabil203,"Isaksson, Siri","Isaksson, Siri",confirmed,Publisher-deposited DOI author list,https://api.crossref.org/works/10.1126%2Fscience.aaf0918,"Isaksson, Siri",,Name matches an author of the externally matched publication; initial differences are compatible.
Evaluatingreplicabil203,"Nave, Gideon","Nave, Gideon",confirmed,Publisher-deposited DOI author list,https://api.crossref.org/works/10.1126%2Fscience.aaf0918,"Nave, Gideon",,Name matches an author of the externally matched publication; initial differences are compatible.
Evaluatingreplicabil203,"Pfeiffer, Thomas","Pfeiffer, Thomas",confirmed,Publisher-deposited DOI author list,https://api.crossref.org/works/10.1126%2Fscience.aaf0918,"Pfeiffer, Thomas",,Name matches an author of the externally matched publication; initial differences are compatible.
Evaluatingreplicabil203,"Razen, Michael","Razen, Michael",confirmed,Publisher-deposited DOI author list,https://api.crossref.org/works/10.1126%2Fscience.aaf0918,"Razen, Michael",,Name matches an author of the externally matched publication; initial differences are compatible.
Evaluatingreplicabil203,"Wu, Hang","Wu, Hang",confirmed,Publisher-deposited DOI author list,https://api.crossref.org/works/10.1126%2Fscience.aaf0918,"Wu, Hang",,Name matches an author of the externally matched publication; initial differences are compatible.
Evaluatingthereplica204,"Camerer, Colin","Camerer, Colin F.",corrected,Publisher-deposited DOI author list,https://api.crossref.org/works/10.1038%2Fs41562-018-0399-z,"Camerer, Colin F.",,Name matches an author of the externally matched publication; initial differences are compatible.
Evaluatingthereplica204,"Dreber, Anna","Dreber, Anna",confirmed,Publisher-deposited DOI author list,https://api.crossref.org/works/10.1038%2Fs41562-018-0399-z,"Dreber, Anna",,Name matches an author of the externally matched publication; initial differences are compatible.
Evaluatingthereplica204,"Holzmeister, Felix","Holzmeister, Felix",confirmed,Publisher-deposited DOI author list,https://api.crossref.org/works/10.1038%2Fs41562-018-0399-z,"Holzmeister, Felix",https://orcid.org/0000-0001-9606-0427,Name matches an author of the externally matched publication; initial differences are compatible.
Evaluatingthereplica204,"Ho, Teck","Ho, Teck-Hua",corrected,Reviewed publication-specific name evidence,https://api.crossref.org/works/10.1038%2Fs41562-018-0399-z,"Ho, Teck-Hua",,Exact publication author list prints Teck-Hua Ho; complete truncated given name.
Evaluatingthereplica204,"Huber, Jürgen","Huber, Jürgen",confirmed,Publisher-deposited DOI author list,https://api.crossref.org/works/10.1038%2Fs41562-018-0399-z,"Huber, Jürgen",,Name matches an author of the externally matched publication; initial differences are compatible.
Evaluatingthereplica204,"Johannesson, Magnus","Johannesson, Magnus",confirmed,Publisher-deposited DOI author list,https://api.crossref.org/works/10.1038%2Fs41562-018-0399-z,"Johannesson, Magnus",https://orcid.org/0000-0001-8759-6393,Name matches an author of the externally matched publication; initial differences are compatible.
Evaluatingthereplica204,"Kirchler, Michael","Kirchler, Michael",confirmed,Publisher-deposited DOI author list,https://api.crossref.org/works/10.1038%2Fs41562-018-0399-z,"Kirchler, Michael",,Name matches an author of the externally matched publication; initial differences are compatible.
Evaluatingthereplica204,"Nave, Gideon","Nave, Gideon",confirmed,Publisher-deposited DOI author list,https://api.crossref.org/works/10.1038%2Fs41562-018-0399-z,"Nave, Gideon",,Name matches an author of the externally matched publication; initial differences are compatible.
Evaluatingthereplica204,"Nosek, Brian","Nosek, Brian A.",corrected,Publisher-deposited DOI author list,https://api.crossref.org/works/10.1038%2Fs41562-018-0399-z,"Nosek, Brian A.",https://orcid.org/0000-0001-6797-5476,Name matches an author of the externally matched publication; initial differences are compatible.
Evaluatingthereplica204,"Pfeiffer, Thomas","Pfeiffer, Thomas",confirmed,Publisher-deposited DOI author list,https://api.crossref.org/works/10.1038%2Fs41562-018-0399-z,"Pfeiffer, Thomas",https://orcid.org/0000-0002-0592-577X,Name matches an author of the externally matched publication; initial differences are compatible.
Evaluatingthereplica204,"Altmejd, Adam","Altmejd, Adam",confirmed,Publisher-deposited DOI author list,https://api.crossref.org/works/10.1038%2Fs41562-018-0399-z,"Altmejd, Adam",https://orcid.org/0000-0002-4248-0677,Name matches an author of the externally matched publication; initial differences are compatible.
Evaluatingthereplica204,"Buttrick, Nick","Buttrick, Nick",confirmed,Publisher-deposited DOI author list,https://api.crossref.org/works/10.1038%2Fs41562-018-0399-z,"Buttrick, Nick",,Name matches an author of the externally matched publication; initial differences are compatible.
Evaluatingthereplica204,"Chan, Taizan","Chan, Taizan",confirmed,Publisher-deposited DOI author list,https://api.crossref.org/works/10.1038%2Fs41562-018-0399-z,"Chan, Taizan",,Name matches an author of the externally matched publication; initial differences are compatible.
Evaluatingthereplica204,"Chen, Yiling","Chen, Yiling",confirmed,Publisher-deposited DOI author list,https://api.crossref.org/works/10.1038%2Fs41562-018-0399-z,"Chen, Yiling",,Name matches an author of the externally matched publication; initial differences are compatible.
Evaluatingthereplica204,"Forsell, Eskil","Forsell, Eskil",confirmed,Publisher-deposited DOI author list,https://api.crossref.org/works/10.1038%2Fs41562-018-0399-z,"Forsell, Eskil",,Name matches an author of the externally matched publication; initial differences are compatible.
Evaluatingthereplica204,"Gampa, Anup","Gampa, Anup",confirmed,Publisher-deposited DOI author list,https://api.crossref.org/works/10.1038%2Fs41562-018-0399-z,"Gampa, Anup",,Name matches an author of the externally matched publication; initial differences are compatible.
Evaluatingthereplica204,"Heikensten, Emma","Heikensten, Emma",confirmed,Publisher-deposited DOI author list,https://api.crossref.org/works/10.1038%2Fs41562-018-0399-z,"Heikensten, Emma",,Name matches an author of the externally matched publication; initial differences are compatible.
Evaluatingthereplica204,"Hummer, Lily","Hummer, Lily",confirmed,Publisher-deposited DOI author list,https://api.crossref.org/works/10.1038%2Fs41562-018-0399-z,"Hummer, Lily",,Name matches an author of the externally matched publication; initial differences are compatible.
Evaluatingthereplica204,"Imai, Taisuke","Imai, Taisuke",confirmed,Publisher-deposited DOI author list,https://api.crossref.org/works/10.1038%2Fs41562-018-0399-z,"Imai, Taisuke",https://orcid.org/0000-0002-0610-8093,Name matches an author of the externally matched publication; initial differences are compatible.
Evaluatingthereplica204,"Wu, Hang","Wu, Hang",confirmed,Publisher-deposited DOI author list,https://api.crossref.org/works/10.1038%2Fs41562-018-0399-z,"Wu, Hang",,Name matches an author of the externally matched publication; initial differences are compatible.
Evaluationinartifici205,"Hern{\'a}ndez-Orallo, Jos{\'e}","Hern{\'a}ndez-Orallo, Jos{\'e}",confirmed,Publisher-deposited DOI author list,https://api.crossref.org/works/10.1007%2Fs10462-016-9505-7,"Hernández-Orallo, José",,Name matches an author of the externally matched publication; initial differences are compatible.
EvaluationofMeasurem206,{JCGM},{JCGM},unverified,,,,,No sufficient publication-specific author evidence found.
Everyonewantstodothe207,"Sambasivan, Nithya","Sambasivan, Nithya",confirmed,Publisher-deposited DOI author list,https://api.crossref.org/works/10.1145%2F3411764.3445518,"Sambasivan, Nithya",,Name matches an author of the externally matched publication; initial differences are compatible.
Everyonewantstodothe207,"Kapania, Shivani","Kapania, Shivani",confirmed,Publisher-deposited DOI author list,https://api.crossref.org/works/10.1145%2F3411764.3445518,"Kapania, Shivani",,Name matches an author of the externally matched publication; initial differences are compatible.
Everyonewantstodothe207,"Highfill, Hannah","Highfill, Hannah",confirmed,Publisher-deposited DOI author list,https://api.crossref.org/works/10.1145%2F3411764.3445518,"Highfill, Hannah",,Name matches an author of the externally matched publication; initial differences are compatible.
Everyonewantstodothe207,"Akrong, Diana","Akrong, Diana",confirmed,Publisher-deposited DOI author list,https://api.crossref.org/works/10.1145%2F3411764.3445518,"Akrong, Diana",,Name matches an author of the externally matched publication; initial differences are compatible.
Everyonewantstodothe207,"Paritosh, Praveen","Paritosh, Praveen",confirmed,Publisher-deposited DOI author list,https://api.crossref.org/works/10.1145%2F3411764.3445518,"Paritosh, Praveen",,Name matches an author of the externally matched publication; initial differences are compatible.
Everyonewantstodothe207,"Aroyo, Lora M","Aroyo, Lora M",confirmed,Publisher-deposited DOI author list,https://api.crossref.org/works/10.1145%2F3411764.3445518,"Aroyo, Lora M.",,Name matches an author of the externally matched publication; initial differences are compatible.
EvilModelHidingmalwa208,"Wang, Z.","Wang, Zhi",corrected,Publisher-deposited DOI author list,https://api.crossref.org/works/10.1109%2FISCC53001.2021.9631425,"Wang, Zhi",,Name matches an author of the externally matched publication; initial differences are compatible.
EvilModelHidingmalwa208,"Liu, C.","Liu, Chaoge",corrected,Publisher-deposited DOI author list,https://api.crossref.org/works/10.1109%2FISCC53001.2021.9631425,"Liu, Chaoge",,Name matches an author of the externally matched publication; initial differences are compatible.
EvilModelHidingmalwa208,"Cui, X.","Cui, Xiang",corrected,Publisher-deposited DOI author list,https://api.crossref.org/works/10.1109%2FISCC53001.2021.9631425,"Cui, Xiang",,Name matches an author of the externally matched publication; initial differences are compatible.
ExaminingProposedUse209,"Graydon, Mallory S.","Graydon, Mallory S.",confirmed,Publication opening-page author block,https://ntrs.nasa.gov/api/citations/20250001849/downloads/NASA-TM-20250001849.pdf,,,Full given name and surname occur together in the matched publication author block.
ExaminingProposedUse209,"Lehman, Sarah M.","Lehman, Sarah M.",confirmed,Publication opening-page author block,https://ntrs.nasa.gov/api/citations/20250001849/downloads/NASA-TM-20250001849.pdf,,,Full given name and surname occur together in the matched publication author block.
ExclusiveTheMostcite210,"Pearson, Helen","Pearson, Helen",confirmed,Publication page author metadata,https://www.nature.com/articles/d41586-025-01125-9?error=cookies_not_supported&code=8e05f616-2fa3-4354-bf19-ae6559360358,"Pearson, Helen",,Name matches an author of the externally matched publication; initial differences are compatible.
ExclusiveTheMostcite210,"Ledford, Heidi","Ledford, Heidi",confirmed,Publication page author metadata,https://www.nature.com/articles/d41586-025-01125-9?error=cookies_not_supported&code=8e05f616-2fa3-4354-bf19-ae6559360358,"Ledford, Heidi",,Name matches an author of the externally matched publication; initial differences are compatible.
ExclusiveTheMostcite210,"Hutson, Matthew","Hutson, Matthew",confirmed,Publication page author metadata,https://www.nature.com/articles/d41586-025-01125-9?error=cookies_not_supported&code=8e05f616-2fa3-4354-bf19-ae6559360358,"Hutson, Matthew",,Name matches an author of the externally matched publication; initial differences are compatible.
ExclusiveTheMostcite210,"Van Noorden, Richard","Van Noorden, Richard",confirmed,Publication page author metadata,https://www.nature.com/articles/d41586-025-01125-9?error=cookies_not_supported&code=8e05f616-2fa3-4354-bf19-ae6559360358,"Van Noorden, Richard",,Name matches an author of the externally matched publication; initial differences are compatible.
Existentialrisknarra211,"Hoes, Emma","Hoes, Emma",confirmed,Publisher-deposited DOI author list,https://api.crossref.org/works/10.1073%2Fpnas.2419055122,"Hoes, Emma",https://orcid.org/0000-0002-8063-5430,Name matches an author of the externally matched publication; initial differences are compatible.
Existentialrisknarra211,"Gilardi, Fabrizio","Gilardi, Fabrizio",confirmed,Publisher-deposited DOI author list,https://api.crossref.org/works/10.1073%2Fpnas.2419055122,"Gilardi, Fabrizio",https://orcid.org/0000-0002-0635-3048,Name matches an author of the externally matched publication; initial differences are compatible.
ExplainableAIinCredi212,"Bussman, Niklas","Bussman, Niklas",unverified,,,,,No sufficient publication-specific author evidence found.
ExplainableAIinCredi212,"Giudici, Paolo","Giudici, Paolo",unverified,,,,,No sufficient publication-specific author evidence found.
ExplainableAIinCredi212,"Marinelli, Dimitri","Marinelli, Dimitri",unverified,,,,,No sufficient publication-specific author evidence found.
ExplainableAIinCredi212,"Papenbrock, Jochen","Papenbrock, Jochen",unverified,,,,,No sufficient publication-specific author evidence found.
ExplainableNeuralNet213,"Vaughan, Joel","Vaughan, Joel",confirmed,Publication page author metadata,https://arxiv.org/abs/1806.01933,"Vaughan, Joel",,Name matches an author of the externally matched publication; initial differences are compatible.
ExplainableNeuralNet213,"Sudjianto, Agus","Sudjianto, Agus",confirmed,Publication page author metadata,https://arxiv.org/abs/1806.01933,"Sudjianto, Agus",,Name matches an author of the externally matched publication; initial differences are compatible.
ExplainableNeuralNet213,"Brahimi, Erind","Brahimi, Erind",confirmed,Publication page author metadata,https://arxiv.org/abs/1806.01933,"Brahimi, Erind",,Name matches an author of the externally matched publication; initial differences are compatible.
ExplainableNeuralNet213,"Chen, Jie","Chen, Jie",confirmed,Publication page author metadata,https://arxiv.org/abs/1806.01933,"Chen, Jie",,Name matches an author of the externally matched publication; initial differences are compatible.
ExplainableNeuralNet213,"Nair, Vijayan N","Nair, Vijayan N",confirmed,Publication page author metadata,https://arxiv.org/abs/1806.01933,"Nair, Vijayan N.",,Name matches an author of the externally matched publication; initial differences are compatible.
ExplainingExplanatio214,"Gilpin, Leilani H","Gilpin, Leilani H",confirmed,Publication opening-page author block,https://arxiv.org/pdf/1806.00069v1,,,Full given name and surname occur together in the matched publication author block.
ExplainingExplanatio214,"Bau, David","Bau, David",confirmed,Publication opening-page author block,https://arxiv.org/pdf/1806.00069v1,,,Full given name and surname occur together in the matched publication author block.
ExplainingExplanatio214,"Yuan, Ben Z.","Yuan, Ben Z.",confirmed,Publication opening-page author block,https://arxiv.org/pdf/1806.00069v1,,,Full given name and surname occur together in the matched publication author block.
ExplainingExplanatio214,"Bajwa, Ayesha","Bajwa, Ayesha",confirmed,Publication opening-page author block,https://arxiv.org/pdf/1806.00069v1,,,Full given name and surname occur together in the matched publication author block.
ExplainingExplanatio214,"Specter, Michael","Specter, Michael",confirmed,Publication opening-page author block,https://arxiv.org/pdf/1806.00069v1,,,Full given name and surname occur together in the matched publication author block.
ExplainingExplanatio214,"Kagal, Lalana","Kagal, Lalana",confirmed,Publication opening-page author block,https://arxiv.org/pdf/1806.00069v1,,,Full given name and surname occur together in the matched publication author block.
ExplainingMachineLea215,"Mothilal, Ramaravind K","Mothilal, Ramaravind K",confirmed,Publisher-deposited DOI author list,https://api.crossref.org/works/10.1145%2F3351095.3372850,"Mothilal, Ramaravind K.",,Name matches an author of the externally matched publication; initial differences are compatible.
ExplainingMachineLea215,"Sharma, Amit","Sharma, Amit",confirmed,Publisher-deposited DOI author list,https://api.crossref.org/works/10.1145%2F3351095.3372850,"Sharma, Amit",,Name matches an author of the externally matched publication; initial differences are compatible.
ExplainingMachineLea215,"Tan, Chenhao","Tan, Chenhao",confirmed,Publisher-deposited DOI author list,https://api.crossref.org/works/10.1145%2F3351095.3372850,"Tan, Chenhao",,Name matches an author of the externally matched publication; initial differences are compatible.
ExplainingMachineLea216,"Hall, Patrick","Hall, Patrick",normalized_by_user,User-approved canonical name,Explicit user normalization of Patrick Hall,,,"Retain the user-approved Hall, Patrick normalization and black marking."
Exploringpublicconce217,"McCormick, Jennifer B","McCormick, Jennifer B",confirmed,Publisher-deposited DOI author list,https://api.crossref.org/works/10.1093%2Fjamiaopen%2Fooab098,"McCormick, Jennifer B.",https://orcid.org/0000-0002-2008-8180,Name matches an author of the externally matched publication; initial differences are compatible.
Exploringpublicconce217,"Hopkins, Margaret A","Hopkins, Margaret A",confirmed,Publisher-deposited DOI author list,https://api.crossref.org/works/10.1093%2Fjamiaopen%2Fooab098,"Hopkins, Margaret A.",,Name matches an author of the externally matched publication; initial differences are compatible.
ExploringtheLimitsof218,"Raffel, Colin","Raffel, Colin",confirmed,Publication opening-page author block,https://www.jmlr.org/papers/volume21/20-074/20-074.pdf,,,Full given name and surname occur together in the matched publication author block.
ExploringtheLimitsof218,"Shazeer, Noam","Shazeer, Noam",confirmed,Publication opening-page author block,https://www.jmlr.org/papers/volume21/20-074/20-074.pdf,,,Full given name and surname occur together in the matched publication author block.
ExploringtheLimitsof218,"Roberts, Adam","Roberts, Adam",confirmed,Publication opening-page author block,https://www.jmlr.org/papers/volume21/20-074/20-074.pdf,,,Full given name and surname occur together in the matched publication author block.
ExploringtheLimitsof218,"Lee, Katherine","Lee, Katherine",confirmed,Publication opening-page author block,https://www.jmlr.org/papers/volume21/20-074/20-074.pdf,,,Full given name and surname occur together in the matched publication author block.
ExploringtheLimitsof218,"Narang, Sharan","Narang, Sharan",confirmed,Publication opening-page author block,https://www.jmlr.org/papers/volume21/20-074/20-074.pdf,,,Full given name and surname occur together in the matched publication author block.
ExploringtheLimitsof218,"Matena, Michael","Matena, Michael",confirmed,Publication opening-page author block,https://www.jmlr.org/papers/volume21/20-074/20-074.pdf,,,Full given name and surname occur together in the matched publication author block.
ExploringtheLimitsof218,"Zhou, Yanqi","Zhou, Yanqi",confirmed,Publication opening-page author block,https://www.jmlr.org/papers/volume21/20-074/20-074.pdf,,,Full given name and surname occur together in the matched publication author block.
ExploringtheLimitsof218,"Li, Wei","Li, Wei",confirmed,Publication opening-page author block,https://www.jmlr.org/papers/volume21/20-074/20-074.pdf,,,Full given name and surname occur together in the matched publication author block.
ExploringtheLimitsof218,"Liu, Peter J.","Liu, Peter J.",confirmed,Publication opening-page author block,https://www.jmlr.org/papers/volume21/20-074/20-074.pdf,,,Full given name and surname occur together in the matched publication author block.
Extractingtrainingda219,"Carlini, N.","Carlini, Nicholas",corrected,Publication page author metadata,https://www.usenix.org/conference/usenixsecurity21/presentation/carlini-extracting,"Carlini, Nicholas",,Complete authoritative author list matches all previously listed authors; restore omitted authors in source order.
Extractingtrainingda219,,"Tramèr, Florian",corrected,Publication page author metadata,https://www.usenix.org/conference/usenixsecurity21/presentation/carlini-extracting,"Tramèr, Florian",,Complete authoritative author list matches all previously listed authors; restore omitted authors in source order.
Extractingtrainingda219,,"Wallace, Eric",corrected,Publication page author metadata,https://www.usenix.org/conference/usenixsecurity21/presentation/carlini-extracting,"Wallace, Eric",,Complete authoritative author list matches all previously listed authors; restore omitted authors in source order.
Extractingtrainingda219,,"Jagielski, Matthew",corrected,Publication page author metadata,https://www.usenix.org/conference/usenixsecurity21/presentation/carlini-extracting,"Jagielski, Matthew",,Complete authoritative author list matches all previously listed authors; restore omitted authors in source order.
Extractingtrainingda219,,"Herbert-Voss, Ariel",corrected,Publication page author metadata,https://www.usenix.org/conference/usenixsecurity21/presentation/carlini-extracting,"Herbert-Voss, Ariel",,Complete authoritative author list matches all previously listed authors; restore omitted authors in source order.
Extractingtrainingda219,,"Lee, Katherine",corrected,Publication page author metadata,https://www.usenix.org/conference/usenixsecurity21/presentation/carlini-extracting,"Lee, Katherine",,Complete authoritative author list matches all previously listed authors; restore omitted authors in source order.
Extractingtrainingda219,,"Roberts, Adam",corrected,Publication page author metadata,https://www.usenix.org/conference/usenixsecurity21/presentation/carlini-extracting,"Roberts, Adam",,Complete authoritative author list matches all previously listed authors; restore omitted authors in source order.
Extractingtrainingda219,,"Brown, Tom",corrected,Publication page author metadata,https://www.usenix.org/conference/usenixsecurity21/presentation/carlini-extracting,"Brown, Tom",,Complete authoritative author list matches all previously listed authors; restore omitted authors in source order.
Extractingtrainingda219,,"Song, Dawn",corrected,Publication page author metadata,https://www.usenix.org/conference/usenixsecurity21/presentation/carlini-extracting,"Song, Dawn",,Complete authoritative author list matches all previously listed authors; restore omitted authors in source order.
Extractingtrainingda219,,"Erlingsson, Úlfar",corrected,Publication page author metadata,https://www.usenix.org/conference/usenixsecurity21/presentation/carlini-extracting,"Erlingsson, Úlfar",,Complete authoritative author list matches all previously listed authors; restore omitted authors in source order.
Extractingtrainingda219,,"Oprea, Alina",corrected,Publication page author metadata,https://www.usenix.org/conference/usenixsecurity21/presentation/carlini-extracting,"Oprea, Alina",,Complete authoritative author list matches all previously listed authors; restore omitted authors in source order.
Extractingtrainingda219,,"Raffel, Colin",corrected,Publication page author metadata,https://www.usenix.org/conference/usenixsecurity21/presentation/carlini-extracting,"Raffel, Colin",,Complete authoritative author list matches all previously listed authors; restore omitted authors in source order.
ExtractingTreeStruct220,"Craven, Mark W.","Craven, Mark W.",unverified,,,,,No sufficient publication-specific author evidence found.
ExtractingTreeStruct220,"Shavlik, Jude W.","Shavlik, Jude W.",unverified,,,,,No sufficient publication-specific author evidence found.
FAccT23KeynoteThickA221,"Nelson, A.","Nelson, A.",unverified,,,,,No sufficient publication-specific author evidence found.
Facerecognitionvendo222,"Phillips, P. J.","Phillips, P. Jonathon",corrected,Publisher-deposited DOI author list,https://api.crossref.org/works/10.6028%2FNIST.IR.6965,"Phillips, P. Jonathon",,Name matches an author of the externally matched publication; initial differences are compatible.
Facerecognitionvendo222,"Grother, Patrick J.","Grother, Patrick J.",confirmed,Publisher-deposited DOI author list,https://api.crossref.org/works/10.6028%2FNIST.IR.6965,"Grother, Patrick",,Name matches an author of the externally matched publication; initial differences are compatible.
Facerecognitionvendo222,"Micheals, Ross J.","Micheals, Ross J.",confirmed,Publisher-deposited DOI author list,https://api.crossref.org/works/10.6028%2FNIST.IR.6965,"Micheals, Ross J.",,Name matches an author of the externally matched publication; initial differences are compatible.
Facerecognitionvendo222,"Blackburn, D. M.","Blackburn, Duane M.",corrected,Publisher-deposited DOI author list,https://api.crossref.org/works/10.6028%2FNIST.IR.6965,"Blackburn, Duane M.",,Name matches an author of the externally matched publication; initial differences are compatible.
Facerecognitionvendo222,"Tabassi, Elham","Tabassi, Elham",confirmed,Publisher-deposited DOI author list,https://api.crossref.org/works/10.6028%2FNIST.IR.6965,"Tabassi, Elham",,Name matches an author of the externally matched publication; initial differences are compatible.
Facerecognitionvendo222,"Bone, Mike","Bone, Mike",confirmed,Publisher-deposited DOI author list,https://api.crossref.org/works/10.6028%2FNIST.IR.6965,"Bone, Mike",,Name matches an author of the externally matched publication; initial differences are compatible.
Facerecognitiontoobi223,"Robinson, Joseph P.","Robinson, Joseph P.",confirmed,Publication page author metadata,https://openaccess.thecvf.com/content_CVPRW_2020/html/w1/Robinson_Face_Recognition_Too_Bias_or_Not_Too_Bias_CVPRW_2020_paper.html,"Robinson, Joseph P.",,Name matches an author of the externally matched publication; initial differences are compatible.
Facerecognitiontoobi223,"Livitz, Gennady","Livitz, Gennady",confirmed,Publication page author metadata,https://openaccess.thecvf.com/content_CVPRW_2020/html/w1/Robinson_Face_Recognition_Too_Bias_or_Not_Too_Bias_CVPRW_2020_paper.html,"Livitz, Gennady",,Name matches an author of the externally matched publication; initial differences are compatible.
Facerecognitiontoobi223,"Henon, Yann","Henon, Yann",confirmed,Publication page author metadata,https://openaccess.thecvf.com/content_CVPRW_2020/html/w1/Robinson_Face_Recognition_Too_Bias_or_Not_Too_Bias_CVPRW_2020_paper.html,"Henon, Yann",,Name matches an author of the externally matched publication; initial differences are compatible.
Facerecognitiontoobi223,"Qin, Can","Qin, Can",confirmed,Publication page author metadata,https://openaccess.thecvf.com/content_CVPRW_2020/html/w1/Robinson_Face_Recognition_Too_Bias_or_Not_Too_Bias_CVPRW_2020_paper.html,"Qin, Can",,Name matches an author of the externally matched publication; initial differences are compatible.
Facerecognitiontoobi223,"Fu, Yun","Fu, Yun",confirmed,Publication page author metadata,https://openaccess.thecvf.com/content_CVPRW_2020/html/w1/Robinson_Face_Recognition_Too_Bias_or_Not_Too_Bias_CVPRW_2020_paper.html,"Fu, Yun",,Name matches an author of the externally matched publication; initial differences are compatible.
Facerecognitiontoobi223,"Timoner, Samson","Timoner, Samson",confirmed,Publication page author metadata,https://openaccess.thecvf.com/content_CVPRW_2020/html/w1/Robinson_Face_Recognition_Too_Bias_or_Not_Too_Bias_CVPRW_2020_paper.html,"Timoner, Samson",,Name matches an author of the externally matched publication; initial differences are compatible.
FacebooksFivePillars224,{Meta},{Meta},unverified,,,,,No sufficient publication-specific author evidence found.
Factualityoflargelan225,"Wang, Yuxia","Wang, Yuxia",confirmed,Publisher-deposited DOI author list,https://api.crossref.org/works/10.18653%2Fv1%2F2024.emnlp-main.1088,"Wang, Yuxia",,Name matches an author of the externally matched publication; initial differences are compatible.
Factualityoflargelan225,"Wang, Minghan","Wang, Minghan",confirmed,Publisher-deposited DOI author list,https://api.crossref.org/works/10.18653%2Fv1%2F2024.emnlp-main.1088,"Wang, Minghan",,Name matches an author of the externally matched publication; initial differences are compatible.
Factualityoflargelan225,"Manzoor, Muhammad Arslan","Manzoor, Muhammad Arslan",confirmed,Publisher-deposited DOI author list,https://api.crossref.org/works/10.18653%2Fv1%2F2024.emnlp-main.1088,"Manzoor, Muhammad Arslan",,Name matches an author of the externally matched publication; initial differences are compatible.
Factualityoflargelan225,"Liu, Fei","Liu, Fei",confirmed,Publisher-deposited DOI author list,https://api.crossref.org/works/10.18653%2Fv1%2F2024.emnlp-main.1088,"Liu, Fei",,Name matches an author of the externally matched publication; initial differences are compatible.
Factualityoflargelan225,"Georgiev, Georgi Nenkov","Georgiev, Georgi Nenkov",confirmed,Publisher-deposited DOI author list,https://api.crossref.org/works/10.18653%2Fv1%2F2024.emnlp-main.1088,"Georgiev, Georgi Nenkov",,Name matches an author of the externally matched publication; initial differences are compatible.
Factualityoflargelan225,"Das, Rocktim Jyoti","Das, Rocktim Jyoti",confirmed,Publisher-deposited DOI author list,https://api.crossref.org/works/10.18653%2Fv1%2F2024.emnlp-main.1088,"Das, Rocktim Jyoti",,Name matches an author of the externally matched publication; initial differences are compatible.
Factualityoflargelan225,"Nakov, Preslav","Nakov, Preslav",confirmed,Publisher-deposited DOI author list,https://api.crossref.org/works/10.18653%2Fv1%2F2024.emnlp-main.1088,"Nakov, Preslav",,Name matches an author of the externally matched publication; initial differences are compatible.
FairAdversarialGradi226,"Grari, Vincent","Grari, Vincent",confirmed,Publication page author metadata,https://arxiv.org/abs/1911.05369,"Grari, Vincent",,Name matches an author of the externally matched publication; initial differences are compatible.
FairAdversarialGradi226,"Ruf, Boris","Ruf, Boris",confirmed,Publication page author metadata,https://arxiv.org/abs/1911.05369,"Ruf, Boris",,Name matches an author of the externally matched publication; initial differences are compatible.
FairAdversarialGradi226,"Lamprier, Sylvain","Lamprier, Sylvain",confirmed,Publication page author metadata,https://arxiv.org/abs/1911.05369,"Lamprier, Sylvain",,Name matches an author of the externally matched publication; initial differences are compatible.
FairAdversarialGradi226,"Detyniecki, Marcin","Detyniecki, Marcin",confirmed,Publication page author metadata,https://arxiv.org/abs/1911.05369,"Detyniecki, Marcin",,Name matches an author of the externally matched publication; initial differences are compatible.
FairAttributionofFun227,"Keinan, Alon","Keinan, Alon",confirmed,Publisher-deposited DOI author list,https://api.crossref.org/works/10.1162%2F0899766041336387,"Keinan, Alon",,Name matches an author of the externally matched publication; initial differences are compatible.
FairAttributionofFun227,"Sandbank, Ben","Sandbank, Ben",confirmed,Publisher-deposited DOI author list,https://api.crossref.org/works/10.1162%2F0899766041336387,"Sandbank, Ben",,Name matches an author of the externally matched publication; initial differences are compatible.
FairAttributionofFun227,"Hilgetag, Claus C","Hilgetag, Claus C",confirmed,Publisher-deposited DOI author list,https://api.crossref.org/works/10.1162%2F0899766041336387,"Hilgetag, Claus C.",,Name matches an author of the externally matched publication; initial differences are compatible.
FairAttributionofFun227,"Meilijson, Isaac","Meilijson, Isaac",confirmed,Publisher-deposited DOI author list,https://api.crossref.org/works/10.1162%2F0899766041336387,"Meilijson, Isaac",,Name matches an author of the externally matched publication; initial differences are compatible.
FairAttributionofFun227,"Ruppin, Eytan","Ruppin, Eytan",confirmed,Publisher-deposited DOI author list,https://api.crossref.org/works/10.1162%2F0899766041336387,"Ruppin, Eytan",,Name matches an author of the externally matched publication; initial differences are compatible.
Fairnessandabstracti228,"Selbst, A. D.","Selbst, Andrew D.",corrected,Publisher-deposited DOI author list,https://api.crossref.org/works/10.1145%2F3287560.3287598,"Selbst, Andrew D.",,Complete authoritative author list matches all previously listed authors; restore omitted authors in source order.
Fairnessandabstracti228,,"Boyd, Danah",corrected,Publisher-deposited DOI author list,https://api.crossref.org/works/10.1145%2F3287560.3287598,"Boyd, Danah",,Complete authoritative author list matches all previously listed authors; restore omitted authors in source order.
Fairnessandabstracti228,,"Friedler, Sorelle A.",corrected,Publisher-deposited DOI author list,https://api.crossref.org/works/10.1145%2F3287560.3287598,"Friedler, Sorelle A.",,Complete authoritative author list matches all previously listed authors; restore omitted authors in source order.
Fairnessandabstracti228,,"Venkatasubramanian, Suresh",corrected,Publisher-deposited DOI author list,https://api.crossref.org/works/10.1145%2F3287560.3287598,"Venkatasubramanian, Suresh",,Complete authoritative author list matches all previously listed authors; restore omitted authors in source order.
Fairnessandabstracti228,,"Vertesi, Janet",corrected,Publisher-deposited DOI author list,https://api.crossref.org/works/10.1145%2F3287560.3287598,"Vertesi, Janet",,Complete authoritative author list matches all previously listed authors; restore omitted authors in source order.
FairnessandDiscrimin229,"Ekstrand, Michael D.","Ekstrand, Michael D.",confirmed,Publisher-deposited DOI author list,https://api.crossref.org/works/10.1145%2F3331184.3331380,"Ekstrand, Michael D.",,Name matches an author of the externally matched publication; initial differences are compatible.
FairnessandDiscrimin229,"Burke, Robin","Burke, Robin",confirmed,Publisher-deposited DOI author list,https://api.crossref.org/works/10.1145%2F3331184.3331380,"Burke, Robin",,Name matches an author of the externally matched publication; initial differences are compatible.
FairnessandDiscrimin229,"Diaz, Fernando","Diaz, Fernando",confirmed,Publisher-deposited DOI author list,https://api.crossref.org/works/10.1145%2F3331184.3331380,"Diaz, Fernando",,Name matches an author of the externally matched publication; initial differences are compatible.
FairnessandMachineLe230,"Barocas, Solon","Barocas, Solon",confirmed,Reviewed full publication author list,https://fairmlbook.org/,"Barocas, Solon",,Book authors own website supplies an explicit BibTeX citation and the same three authors; no edition metadata is changed.
FairnessandMachineLe230,"Hardt, Moritz","Hardt, Moritz",confirmed,Reviewed full publication author list,https://fairmlbook.org/,"Hardt, Moritz",,Book authors own website supplies an explicit BibTeX citation and the same three authors; no edition metadata is changed.
FairnessandMachineLe230,"Narayanan, Arvind","Narayanan, Arvind",confirmed,Reviewed full publication author list,https://fairmlbook.org/,"Narayanan, Arvind",,Book authors own website supplies an explicit BibTeX citation and the same three authors; no edition metadata is changed.
FairnessBeyondDispar231,"Zafar, Muhammad Bilal","Zafar, Muhammad Bilal",confirmed,Publication page author metadata,https://arxiv.org/abs/1610.08452,"Zafar, Muhammad Bilal",,Name matches an author of the externally matched publication; initial differences are compatible.
FairnessBeyondDispar231,"Valera, Isabel","Valera, Isabel",confirmed,Publication page author metadata,https://arxiv.org/abs/1610.08452,"Valera, Isabel",,Name matches an author of the externally matched publication; initial differences are compatible.
FairnessBeyondDispar231,"Gomez Rodriguez, Manuel","Gomez Rodriguez, Manuel",unverified,,,,,No sufficient publication-specific author evidence found.
FairnessBeyondDispar231,"Gummadi, Krishna P.","Gummadi, Krishna P.",confirmed,Publication page author metadata,https://arxiv.org/abs/1610.08452,"Gummadi, Krishna P.",,Name matches an author of the externally matched publication; initial differences are compatible.
FairnessinInformatio232,"Ekstrand, Michael D.","Ekstrand, Michael D.",confirmed,Publisher-deposited DOI author list,https://api.crossref.org/works/10.1561%2F1500000079,"Ekstrand, Michael D.",,Name matches an author of the externally matched publication; initial differences are compatible.
FairnessinInformatio232,"Das, Anubrata","Das, Anubrata",confirmed,Publisher-deposited DOI author list,https://api.crossref.org/works/10.1561%2F1500000079,"Das, Anubrata",,Name matches an author of the externally matched publication; initial differences are compatible.
FairnessinInformatio232,"Burke, Robin","Burke, Robin",confirmed,Publisher-deposited DOI author list,https://api.crossref.org/works/10.1561%2F1500000079,"Burke, Robin",,Name matches an author of the externally matched publication; initial differences are compatible.
FairnessinInformatio232,"Diaz, Fernando","Diaz, Fernando",confirmed,Publisher-deposited DOI author list,https://api.crossref.org/works/10.1561%2F1500000079,"Diaz, Fernando",,Name matches an author of the externally matched publication; initial differences are compatible.
FairnessinInformatio232,others,others,unverified,,,,,No sufficient publication-specific author evidence found.
FairnessThroughAware233,"Dwork, Cynthia","Dwork, Cynthia",confirmed,Publication page author metadata,https://arxiv.org/abs/1104.3913,"Dwork, Cynthia",,Name matches an author of the externally matched publication; initial differences are compatible.
FairnessThroughAware233,"Hardt, Moritz","Hardt, Moritz",confirmed,Publication page author metadata,https://arxiv.org/abs/1104.3913,"Hardt, Moritz",,Name matches an author of the externally matched publication; initial differences are compatible.
FairnessThroughAware233,"Pitassi, Toniann","Pitassi, Toniann",confirmed,Publication page author metadata,https://arxiv.org/abs/1104.3913,"Pitassi, Toniann",,Name matches an author of the externally matched publication; initial differences are compatible.
FairnessThroughAware233,"Reingold, Omer","Reingold, Omer",confirmed,Publication page author metadata,https://arxiv.org/abs/1104.3913,"Reingold, Omer",,Name matches an author of the externally matched publication; initial differences are compatible.
FairnessThroughAware233,"Zemel, Richard","Zemel, Richard",confirmed,Publication page author metadata,https://arxiv.org/abs/1104.3913,"Zemel, Rich",,Name matches an author of the externally matched publication; initial differences are compatible.
Fairwashingtheriskof234,"Aïvodji, U.","Aïvodji, Ulrich",corrected,Publication page author metadata,https://arxiv.org/abs/1901.09749,"Aïvodji, Ulrich",,Complete authoritative author list matches all previously listed authors; restore omitted authors in source order.
Fairwashingtheriskof234,,"Arai, Hiromi",corrected,Publication page author metadata,https://arxiv.org/abs/1901.09749,"Arai, Hiromi",,Complete authoritative author list matches all previously listed authors; restore omitted authors in source order.
Fairwashingtheriskof234,,"Fortineau, Olivier",corrected,Publication page author metadata,https://arxiv.org/abs/1901.09749,"Fortineau, Olivier",,Complete authoritative author list matches all previously listed authors; restore omitted authors in source order.
Fairwashingtheriskof234,,"Gambs, Sébastien",corrected,Publication page author metadata,https://arxiv.org/abs/1901.09749,"Gambs, Sébastien",,Complete authoritative author list matches all previously listed authors; restore omitted authors in source order.
Fairwashingtheriskof234,,"Hara, Satoshi",corrected,Publication page author metadata,https://arxiv.org/abs/1901.09749,"Hara, Satoshi",,Complete authoritative author list matches all previously listed authors; restore omitted authors in source order.
Fairwashingtheriskof234,,"Tapp, Alain",corrected,Publication page author metadata,https://arxiv.org/abs/1901.09749,"Tapp, Alain",,Complete authoritative author list matches all previously listed authors; restore omitted authors in source order.
FairxgboostFairnessa235,"Ravichandran, Srinivasan","Ravichandran, Srinivasan",confirmed,Publication page author metadata,https://arxiv.org/abs/2009.01442,"Ravichandran, Srinivasan",,Name matches an author of the externally matched publication; initial differences are compatible.
FairxgboostFairnessa235,"Khurana, Drona","Khurana, Drona",confirmed,Publication page author metadata,https://arxiv.org/abs/2009.01442,"Khurana, Drona",,Name matches an author of the externally matched publication; initial differences are compatible.
FairxgboostFairnessa235,"Venkatesh, Bharath","Venkatesh, Bharath",confirmed,Publication page author metadata,https://arxiv.org/abs/2009.01442,"Venkatesh, Bharath",,Name matches an author of the externally matched publication; initial differences are compatible.
FairxgboostFairnessa235,"Edakunni, Narayanan Unny","Edakunni, Narayanan Unny",confirmed,Publication page author metadata,https://arxiv.org/abs/2009.01442,"Edakunni, Narayanan Unny",,Name matches an author of the externally matched publication; initial differences are compatible.
FalsePositivesFalseN236,"Flores, Anthony W.","Flores, Anthony W.",unverified,,,,,No sufficient publication-specific author evidence found.
FalsePositivesFalseN236,"Bechtel, Kristin","Bechtel, Kristin",unverified,,,,,No sufficient publication-specific author evidence found.
FalsePositivesFalseN236,"Lowenkamp, Christopher T.","Lowenkamp, Christopher T.",unverified,,,,,No sufficient publication-specific author evidence found.
FastScalableRwithH2O237,"Aiello, S.","Aiello, S.",unverified,,,,,No sufficient publication-specific author evidence found.
FastScalableRwithH2O237,"Eckstrand, E.","Eckstrand, E.",unverified,,,,,No sufficient publication-specific author evidence found.
FastScalableRwithH2O237,"Fu, A.","Fu, A.",unverified,,,,,No sufficient publication-specific author evidence found.
FastScalableRwithH2O237,"Landry, M.","Landry, M.",unverified,,,,,No sufficient publication-specific author evidence found.
FastScalableRwithH2O237,"Lanford, J.","Lanford, J.",unverified,,,,,No sufficient publication-specific author evidence found.
FastScalableRwithH2O237,"Aboyoun, P.","Aboyoun, P.",unverified,,,,,No sufficient publication-specific author evidence found.
FastTreeAggregationf238,"Hulot, Audrey","Hulot, Audrey",confirmed,Publication page author metadata,https://link.springer.com/article/10.1186/s12859-020-3453-6?error=cookies_not_supported&code=4e5614c8-ced8-40e5-8cf3-2704cb9a63fc,"Hulot, Audrey",,Name matches an author of the externally matched publication; initial differences are compatible.
FastTreeAggregationf238,"Chiquet, Julien","Chiquet, Julien",confirmed,Publication page author metadata,https://link.springer.com/article/10.1186/s12859-020-3453-6?error=cookies_not_supported&code=4e5614c8-ced8-40e5-8cf3-2704cb9a63fc,"Chiquet, Julien",,Name matches an author of the externally matched publication; initial differences are compatible.
FastTreeAggregationf238,"Jaffr{\'e}zic, Florence","Jaffr{\'e}zic, Florence",confirmed,Publication page author metadata,https://link.springer.com/article/10.1186/s12859-020-3453-6?error=cookies_not_supported&code=4e5614c8-ced8-40e5-8cf3-2704cb9a63fc,"Jaffrézic, Florence",,Name matches an author of the externally matched publication; initial differences are compatible.
FastTreeAggregationf238,"Rigaill, Guillem","Rigaill, Guillem",confirmed,Publication page author metadata,https://link.springer.com/article/10.1186/s12859-020-3453-6?error=cookies_not_supported&code=4e5614c8-ced8-40e5-8cf3-2704cb9a63fc,"Rigaill, Guillem",,Name matches an author of the externally matched publication; initial differences are compatible.
FastUnfoldingofCommu239,"Blondel, Vincent D.","Blondel, Vincent D.",confirmed,Publisher-deposited DOI author list,https://api.crossref.org/works/10.1088%2F1742-5468%2F2008%2F10%2FP10008,"Blondel, Vincent D.",,Name matches an author of the externally matched publication; initial differences are compatible.
FastUnfoldingofCommu239,"Guillaume, Jean-Loup","Guillaume, Jean-Loup",confirmed,Publisher-deposited DOI author list,https://api.crossref.org/works/10.1088%2F1742-5468%2F2008%2F10%2FP10008,"Guillaume, Jean-Loup",,Name matches an author of the externally matched publication; initial differences are compatible.
FastUnfoldingofCommu239,"Lambiotte, Renaud","Lambiotte, Renaud",confirmed,Publisher-deposited DOI author list,https://api.crossref.org/works/10.1088%2F1742-5468%2F2008%2F10%2FP10008,"Lambiotte, Renaud",,Name matches an author of the externally matched publication; initial differences are compatible.
FastUnfoldingofCommu239,"Lefebvre, Etienne","Lefebvre, Etienne",confirmed,Publisher-deposited DOI author list,https://api.crossref.org/works/10.1088%2F1742-5468%2F2008%2F10%2FP10008,"Lefebvre, Etienne",,Name matches an author of the externally matched publication; initial differences are compatible.
FeatureRelevanceQuan240,"Janzing, Dominik","Janzing, Dominik",confirmed,Publication opening-page author block,https://proceedings.mlr.press/v108/janzing20a/janzing20a.pdf,,,Full given name and surname occur together in the matched publication author block.
FeatureRelevanceQuan240,"Minorics, Lenon","Minorics, Lenon",confirmed,Publication opening-page author block,https://proceedings.mlr.press/v108/janzing20a/janzing20a.pdf,,,Full given name and surname occur together in the matched publication author block.
FeatureRelevanceQuan240,"Bl{\""o}baum, Patrick","Bl{\""o}baum, Patrick",confirmed,Publication opening-page author block,https://proceedings.mlr.press/v108/janzing20a/janzing20a.pdf,,,Full given name and surname occur together in the matched publication author block.
FelmBenchmarkingfact241,,"Chen, Shiqi",corrected,Publication page author metadata,https://arxiv.org/abs/2310.00741,"Chen, Shiqi",,Complete authoritative author list matches all previously listed authors; restore omitted authors in source order.
FelmBenchmarkingfact241,"Zhao, Yiran","Zhao, Yiran",confirmed,Publication page author metadata,https://arxiv.org/abs/2310.00741,"Zhao, Yiran",,Complete authoritative author list matches all previously listed authors; restore omitted authors in source order.
FelmBenchmarkingfact241,"Zhang, Jinghan","Zhang, Jinghan",confirmed,Publication page author metadata,https://arxiv.org/abs/2310.00741,"Zhang, Jinghan",,Complete authoritative author list matches all previously listed authors; restore omitted authors in source order.
FelmBenchmarkingfact241,"Chern, I","Chern, I-Chun",corrected,Publication page author metadata,https://arxiv.org/abs/2310.00741,"Chern, I-Chun",,Complete authoritative author list matches all previously listed authors; restore omitted authors in source order.
FelmBenchmarkingfact241,"Gao, Siyang","Gao, Siyang",confirmed,Publication page author metadata,https://arxiv.org/abs/2310.00741,"Gao, Siyang",,Complete authoritative author list matches all previously listed authors; restore omitted authors in source order.
FelmBenchmarkingfact241,"Liu, Pengfei","Liu, Pengfei",confirmed,Publication page author metadata,https://arxiv.org/abs/2310.00741,"Liu, Pengfei",,Complete authoritative author list matches all previously listed authors; restore omitted authors in source order.
FelmBenchmarkingfact241,"He, Junxian","He, Junxian",confirmed,Publication page author metadata,https://arxiv.org/abs/2310.00741,"He, Junxian",,Complete authoritative author list matches all previously listed authors; restore omitted authors in source order.
Finetuningandprompto242,"Soylu, Dilara","Soylu, Dilara",confirmed,Publication page author metadata,https://arxiv.org/abs/2407.10930,"Soylu, Dilara",,Name matches an author of the externally matched publication; initial differences are compatible.
Finetuningandprompto242,"Potts, Christopher","Potts, Christopher",confirmed,Publication page author metadata,https://arxiv.org/abs/2407.10930,"Potts, Christopher",,Name matches an author of the externally matched publication; initial differences are compatible.
Finetuningandprompto242,"Khattab, Omar","Khattab, Omar",confirmed,Publication page author metadata,https://arxiv.org/abs/2407.10930,"Khattab, Omar",,Name matches an author of the externally matched publication; initial differences are compatible.
FiveThingsLawyersSho243,"Leong, Brenda","Leong, Brenda",unverified,,,,,No sufficient publication-specific author evidence found.
FiveThingsLawyersSho243,"Hall, Patrick","Hall, Patrick",normalized_by_user,User-approved canonical name,Explicit user normalization of Patrick Hall,,,"Retain the user-approved Hall, Patrick normalization and black marking."
FoolboxAPythonToolbo244,"Rauber, Jonas","Rauber, Jonas",confirmed,Publication page author metadata,https://arxiv.org/abs/1707.04131,"Rauber, Jonas",,Name matches an author of the externally matched publication; initial differences are compatible.
FoolboxAPythonToolbo244,"Brendel, Wieland","Brendel, Wieland",confirmed,Publication page author metadata,https://arxiv.org/abs/1707.04131,"Brendel, Wieland",,Name matches an author of the externally matched publication; initial differences are compatible.
FoolboxAPythonToolbo244,"Bethge, Matthias","Bethge, Matthias",confirmed,Publication page author metadata,https://arxiv.org/abs/1707.04131,"Bethge, Matthias",,Name matches an author of the externally matched publication; initial differences are compatible.
FoolingLIMEandSHAPAd245,"Slack, D.","Slack, Dylan",corrected,Publication page author metadata,https://arxiv.org/abs/1911.02508,"Slack, Dylan",,Complete authoritative author list matches all previously listed authors; restore omitted authors in source order.
FoolingLIMEandSHAPAd245,,"Hilgard, Sophie",corrected,Publication page author metadata,https://arxiv.org/abs/1911.02508,"Hilgard, Sophie",,Complete authoritative author list matches all previously listed authors; restore omitted authors in source order.
FoolingLIMEandSHAPAd245,,"Jia, Emily",corrected,Publication page author metadata,https://arxiv.org/abs/1911.02508,"Jia, Emily",,Complete authoritative author list matches all previously listed authors; restore omitted authors in source order.
FoolingLIMEandSHAPAd245,,"Singh, Sameer",corrected,Publication page author metadata,https://arxiv.org/abs/1911.02508,"Singh, Sameer",,Complete authoritative author list matches all previously listed authors; restore omitted authors in source order.
FoolingLIMEandSHAPAd245,,"Lakkaraju, Himabindu",corrected,Publication page author metadata,https://arxiv.org/abs/1911.02508,"Lakkaraju, Himabindu",,Complete authoritative author list matches all previously listed authors; restore omitted authors in source order.
Foolingpartialdepend246,"Baniecki, H.","Baniecki, Hubert",corrected,Publication page author metadata,https://arxiv.org/abs/2105.12837,"Baniecki, Hubert",,Name matches an author of the externally matched publication; initial differences are compatible.
Foolingpartialdepend246,"Kretowicz, W.","Kretowicz, Wojciech",corrected,Publication page author metadata,https://arxiv.org/abs/2105.12837,"Kretowicz, Wojciech",,Name matches an author of the externally matched publication; initial differences are compatible.
Foolingpartialdepend246,"Biecek, P.","Biecek, Przemyslaw",corrected,Publication page author metadata,https://arxiv.org/abs/2105.12837,"Biecek, Przemyslaw",,Name matches an author of the externally matched publication; initial differences are compatible.
ForWhomtheBellTollsI247,"Prives, L.","Prives, Leslie",corrected,Publisher-deposited DOI author list,https://api.crossref.org/works/10.1109%2FMWIE.2016.2535841,"Prives, Leslie",,Name matches an author of the externally matched publication; initial differences are compatible.
Frameworkprinciplesa248,"Leask, Calum F.","Leask, Calum F.",confirmed,Publisher-deposited DOI author list,https://api.crossref.org/works/10.1186%2Fs40900-018-0136-9,"Leask, Calum F.",https://orcid.org/0000-0002-8011-2541,Complete authoritative author list matches all previously listed authors; restore omitted authors in source order.
Frameworkprinciplesa248,"Sandlund, Marlene","Sandlund, Marlene",confirmed,Publisher-deposited DOI author list,https://api.crossref.org/works/10.1186%2Fs40900-018-0136-9,"Sandlund, Marlene",,Complete authoritative author list matches all previously listed authors; restore omitted authors in source order.
Frameworkprinciplesa248,"Skelton, Dawn A.","Skelton, Dawn A.",confirmed,Publisher-deposited DOI author list,https://api.crossref.org/works/10.1186%2Fs40900-018-0136-9,"Skelton, Dawn A.",,Complete authoritative author list matches all previously listed authors; restore omitted authors in source order.
Frameworkprinciplesa248,"Altenburg, Teatske M.","Altenburg, Teatske M.",confirmed,Publisher-deposited DOI author list,https://api.crossref.org/works/10.1186%2Fs40900-018-0136-9,"Altenburg, Teatske M.",,Complete authoritative author list matches all previously listed authors; restore omitted authors in source order.
Frameworkprinciplesa248,"Cardon, Greet","Cardon, Greet",confirmed,Publisher-deposited DOI author list,https://api.crossref.org/works/10.1186%2Fs40900-018-0136-9,"Cardon, Greet",,Complete authoritative author list matches all previously listed authors; restore omitted authors in source order.
Frameworkprinciplesa248,,"Chinapaw, Mai J. M.",corrected,Publisher-deposited DOI author list,https://api.crossref.org/works/10.1186%2Fs40900-018-0136-9,"Chinapaw, Mai J. M.",,Complete authoritative author list matches all previously listed authors; restore omitted authors in source order.
Frameworkprinciplesa248,,"De Bourdeaudhuij, Ilse",corrected,Publisher-deposited DOI author list,https://api.crossref.org/works/10.1186%2Fs40900-018-0136-9,"De Bourdeaudhuij, Ilse",,Complete authoritative author list matches all previously listed authors; restore omitted authors in source order.
Frameworkprinciplesa248,,"Verloigne, Maite",corrected,Publisher-deposited DOI author list,https://api.crossref.org/works/10.1186%2Fs40900-018-0136-9,"Verloigne, Maite",,Complete authoritative author list matches all previously listed authors; restore omitted authors in source order.
Frameworkprinciplesa248,,"Chastin, Sebastien F. M.",corrected,Publisher-deposited DOI author list,https://api.crossref.org/works/10.1186%2Fs40900-018-0136-9,"Chastin, Sebastien F. M.",,Complete authoritative author list matches all previously listed authors; restore omitted authors in source order.
FraudDetectionusingP249,"Gopinathan, Krishna M.","Gopinathan, Krishna M.",unverified,,,,,No sufficient publication-specific author evidence found.
FraudDetectionusingP249,"Biafore, Louis S.","Biafore, Louis S.",unverified,,,,,No sufficient publication-specific author evidence found.
FraudDetectionusingP249,"Ferguson, William M.","Ferguson, William M.",unverified,,,,,No sufficient publication-specific author evidence found.
FraudDetectionusingP249,"Lazarus, Michael A.","Lazarus, Michael A.",unverified,,,,,No sufficient publication-specific author evidence found.
FraudDetectionusingP249,"Pathria, Anu K.","Pathria, Anu K.",unverified,,,,,No sufficient publication-specific author evidence found.
FraudDetectionusingP249,"Jost, Allen","Jost, Allen",unverified,,,,,No sufficient publication-specific author evidence found.
FromGLMtoGBMPart1How250,"Proksch, Michael","Proksch, Michael",unverified,,,,,No sufficient publication-specific author evidence found.
FromGLMtoGBMPart1How250,"Hall, Patrick","Hall, Patrick",normalized_by_user,User-approved canonical name,Explicit user normalization of Patrick Hall,,,"Retain the user-approved Hall, Patrick normalization and black marking."
FromGLMtoGBMPart2How251,"Hall, Patrick","Hall, Patrick",normalized_by_user,User-approved canonical name,Explicit user normalization of Patrick Hall,,,"Retain the user-approved Hall, Patrick normalization and black marking."
FromGLMtoGBMPart2How251,"Proksch, Michael","Proksch, Michael",unverified,,,,,No sufficient publication-specific author evidence found.
Fromhumancenteredtos252,"Wang, S.","Wang, Skyler",corrected,Publisher-deposited DOI author list,https://api.crossref.org/works/10.1177%2F20539517241290220,"Wang, Skyler",https://orcid.org/0000-0002-0639-945X,Name matches an author of the externally matched publication; initial differences are compatible.
Fromhumancenteredtos252,"Cooper, N.","Cooper, Ned",corrected,Publisher-deposited DOI author list,https://api.crossref.org/works/10.1177%2F20539517241290220,"Cooper, Ned",https://orcid.org/0000-0003-1834-279X,Name matches an author of the externally matched publication; initial differences are compatible.
Fromhumancenteredtos252,"Eby, M.","Eby, Margaret",corrected,Publisher-deposited DOI author list,https://api.crossref.org/works/10.1177%2F20539517241290220,"Eby, Margaret",https://orcid.org/0000-0003-1004-5934,Name matches an author of the externally matched publication; initial differences are compatible.
Fromplanecrashestoal253,"Rismani, Shalaleh","Rismani, Shalaleh",confirmed,Publication page author metadata,https://arxiv.org/abs/2210.03535,"Rismani, Shalaleh",,Name matches an author of the externally matched publication; initial differences are compatible.
Fromplanecrashestoal253,"Shelby, Renee","Shelby, Renee",confirmed,Publication page author metadata,https://arxiv.org/abs/2210.03535,"Shelby, Renee",,Name matches an author of the externally matched publication; initial differences are compatible.
Fromplanecrashestoal253,"Smart, Andrew","Smart, Andrew",confirmed,Publication page author metadata,https://arxiv.org/abs/2210.03535,"Smart, Andrew",,Name matches an author of the externally matched publication; initial differences are compatible.
Fromplanecrashestoal253,"Jatho, Edgar","Jatho, Edgar",confirmed,Publication page author metadata,https://arxiv.org/abs/2210.03535,"Jatho, Edgar",,Name matches an author of the externally matched publication; initial differences are compatible.
Fromplanecrashestoal253,"Kroll, Joshua","Kroll, Joshua",confirmed,Publication page author metadata,https://arxiv.org/abs/2210.03535,"Kroll, Joshua",,Name matches an author of the externally matched publication; initial differences are compatible.
Fromplanecrashestoal253,"Moon, AJung","Moon, AJung",confirmed,Publication page author metadata,https://arxiv.org/abs/2210.03535,"Moon, AJung",,Name matches an author of the externally matched publication; initial differences are compatible.
Fromplanecrashestoal253,"Rostamzadeh, Negar","Rostamzadeh, Negar",confirmed,Publication page author metadata,https://arxiv.org/abs/2210.03535,"Rostamzadeh, Negar",,Name matches an author of the externally matched publication; initial differences are compatible.
FromRepresentational254,"Chehbouni, Khaoula","Chehbouni, Khaoula",confirmed,Publisher-deposited DOI author list,https://api.crossref.org/works/10.18653%2Fv1%2F2024.findings-acl.927,"Chehbouni, Khaoula",,Name matches an author of the externally matched publication; initial differences are compatible.
FromRepresentational254,"Roshan, Megha","Roshan, Megha",confirmed,Publisher-deposited DOI author list,https://api.crossref.org/works/10.18653%2Fv1%2F2024.findings-acl.927,"Roshan, Megha",,Name matches an author of the externally matched publication; initial differences are compatible.
FromRepresentational254,"Ma, Emmanuel","Ma, Emmanuel",confirmed,Publisher-deposited DOI author list,https://api.crossref.org/works/10.18653%2Fv1%2F2024.findings-acl.927,"Ma, Emmanuel",,Name matches an author of the externally matched publication; initial differences are compatible.
FromRepresentational254,"Wei, Futian","Wei, Futian",confirmed,Publisher-deposited DOI author list,https://api.crossref.org/works/10.18653%2Fv1%2F2024.findings-acl.927,"Wei, Futian",,Name matches an author of the externally matched publication; initial differences are compatible.
FromRepresentational254,"Taik, Afaf","Taik, Afaf",confirmed,Publisher-deposited DOI author list,https://api.crossref.org/works/10.18653%2Fv1%2F2024.findings-acl.927,"Taik, Afaf",,Name matches an author of the externally matched publication; initial differences are compatible.
FromRepresentational254,"Cheung, Jackie Chi Kit","Cheung, Jackie Chi Kit",confirmed,Publication page author metadata,https://aclanthology.org/2024.findings-acl.927/,"Cheung, Jackie Chi Kit",,Name matches an author of the externally matched publication; initial differences are compatible.
FromRepresentational254,"Farnadi, Golnoosh","Farnadi, Golnoosh",confirmed,Publisher-deposited DOI author list,https://api.crossref.org/works/10.18653%2Fv1%2F2024.findings-acl.927,"Farnadi, Golnoosh",,Name matches an author of the externally matched publication; initial differences are compatible.
FrontierModelForumWh255,{Frontier Model Forum},{Frontier Model Forum},unverified,,,,,No sufficient publication-specific author evidence found.
GAMINetAnExplainable256,"Yang, Zebin","Yang, Zebin",confirmed,Publisher-deposited DOI author list,https://api.crossref.org/works/10.1016%2Fj.patcog.2021.108192,"Yang, Zebin",,Name matches an author of the externally matched publication; initial differences are compatible.
GAMINetAnExplainable256,"Zhang, Aijun","Zhang, Aijun",confirmed,Publisher-deposited DOI author list,https://api.crossref.org/works/10.1016%2Fj.patcog.2021.108192,"Zhang, Aijun",,Name matches an author of the externally matched publication; initial differences are compatible.
GAMINetAnExplainable256,"Sudjianto, Agus","Sudjianto, Agus",confirmed,Publisher-deposited DOI author list,https://api.crossref.org/works/10.1016%2Fj.patcog.2021.108192,"Sudjianto, Agus",,Name matches an author of the externally matched publication; initial differences are compatible.
garakAFrameworkforSe257,"Derczynski, Leon","Derczynski, Leon",unverified,,,,,No sufficient publication-specific author evidence found.
garakAFrameworkforSe257,"Galinkin, Erick","Galinkin, Erick",unverified,,,,,No sufficient publication-specific author evidence found.
garakAFrameworkforSe257,"Martin, Jeffrey","Martin, Jeffrey",unverified,,,,,No sufficient publication-specific author evidence found.
garakAFrameworkforSe257,"Majumdar, Subho","Majumdar, Subho",unverified,,,,,No sufficient publication-specific author evidence found.
garakAFrameworkforSe257,"Inie, Nanna","Inie, Nanna",unverified,,,,,No sufficient publication-specific author evidence found.
GenderShadesIntersec258,"Buolamwini, Joy","Buolamwini, Joy",confirmed,Publication opening-page author block,https://proceedings.mlr.press/v81/buolamwini18a/buolamwini18a.pdf,,,Full given name and surname occur together in the matched publication author block.
GenderShadesIntersec258,"Gebru, Timnit","Gebru, Timnit",confirmed,Publication opening-page author block,https://proceedings.mlr.press/v81/buolamwini18a/buolamwini18a.pdf,,,Full given name and surname occur together in the matched publication author block.
GeneralScalesUnlockA259,"Zhou, Lexin","Zhou, Lexin",confirmed,Publisher-deposited DOI author list,https://api.crossref.org/works/10.1038%2Fs41586-026-10303-2,"Zhou, Lexin",https://orcid.org/0000-0003-1161-4270,Complete authoritative author list matches all previously listed authors; restore omitted authors in source order.
GeneralScalesUnlockA259,"Pacchiardi, Lorenzo","Pacchiardi, Lorenzo",confirmed,Publisher-deposited DOI author list,https://api.crossref.org/works/10.1038%2Fs41586-026-10303-2,"Pacchiardi, Lorenzo",https://orcid.org/0000-0003-4760-7638,Complete authoritative author list matches all previously listed authors; restore omitted authors in source order.
GeneralScalesUnlockA259,"Mart{\'\i}nez-Plumed, Fernando","Mart{\'\i}nez-Plumed, Fernando",confirmed,Publisher-deposited DOI author list,https://api.crossref.org/works/10.1038%2Fs41586-026-10303-2,"Martínez-Plumed, Fernando",https://orcid.org/0000-0003-2902-6477,Complete authoritative author list matches all previously listed authors; restore omitted authors in source order.
GeneralScalesUnlockA259,"Collins, Katherine M","Collins, Katherine M",confirmed,Publisher-deposited DOI author list,https://api.crossref.org/works/10.1038%2Fs41586-026-10303-2,"Collins, Katherine M.",https://orcid.org/0000-0002-7032-716X,Complete authoritative author list matches all previously listed authors; restore omitted authors in source order.
GeneralScalesUnlockA259,"Moros-Daval, Yael","Moros-Daval, Yael",confirmed,Publisher-deposited DOI author list,https://api.crossref.org/works/10.1038%2Fs41586-026-10303-2,"Moros-Daval, Yael",https://orcid.org/0000-0001-5442-2055,Complete authoritative author list matches all previously listed authors; restore omitted authors in source order.
GeneralScalesUnlockA259,"Zhang, Seraphina","Zhang, Seraphina",confirmed,Publisher-deposited DOI author list,https://api.crossref.org/works/10.1038%2Fs41586-026-10303-2,"Zhang, Seraphina",https://orcid.org/0009-0009-3587-385X,Complete authoritative author list matches all previously listed authors; restore omitted authors in source order.
GeneralScalesUnlockA259,"Zhao, Qinlin","Zhao, Qinlin",confirmed,Publisher-deposited DOI author list,https://api.crossref.org/works/10.1038%2Fs41586-026-10303-2,"Zhao, Qinlin",,Complete authoritative author list matches all previously listed authors; restore omitted authors in source order.
GeneralScalesUnlockA259,"Huang, Yitian","Huang, Yitian",confirmed,Publisher-deposited DOI author list,https://api.crossref.org/works/10.1038%2Fs41586-026-10303-2,"Huang, Yitian",,Complete authoritative author list matches all previously listed authors; restore omitted authors in source order.
GeneralScalesUnlockA259,"Sun, Luning","Sun, Luning",confirmed,Publisher-deposited DOI author list,https://api.crossref.org/works/10.1038%2Fs41586-026-10303-2,"Sun, Luning",https://orcid.org/0000-0002-2470-4278,Complete authoritative author list matches all previously listed authors; restore omitted authors in source order.
GeneralScalesUnlockA259,"Prunty, Jonathan E.","Prunty, Jonathan E.",confirmed,Publisher-deposited DOI author list,https://api.crossref.org/works/10.1038%2Fs41586-026-10303-2,"Prunty, Jonathan E.",https://orcid.org/0000-0002-9180-1932,Complete authoritative author list matches all previously listed authors; restore omitted authors in source order.
GeneralScalesUnlockA259,,"Li, Zongqian",corrected,Publisher-deposited DOI author list,https://api.crossref.org/works/10.1038%2Fs41586-026-10303-2,"Li, Zongqian",,Complete authoritative author list matches all previously listed authors; restore omitted authors in source order.
GeneralScalesUnlockA259,,"Sánchez-García, Pablo",corrected,Publisher-deposited DOI author list,https://api.crossref.org/works/10.1038%2Fs41586-026-10303-2,"Sánchez-García, Pablo",,Complete authoritative author list matches all previously listed authors; restore omitted authors in source order.
GeneralScalesUnlockA259,,"Jiang-Chen, Kexin",corrected,Publisher-deposited DOI author list,https://api.crossref.org/works/10.1038%2Fs41586-026-10303-2,"Jiang-Chen, Kexin",https://orcid.org/0009-0005-2492-6531,Complete authoritative author list matches all previously listed authors; restore omitted authors in source order.
GeneralScalesUnlockA259,,"Casares, Pablo A. M.",corrected,Publisher-deposited DOI author list,https://api.crossref.org/works/10.1038%2Fs41586-026-10303-2,"Casares, Pablo A. M.",https://orcid.org/0000-0001-5500-9115,Complete authoritative author list matches all previously listed authors; restore omitted authors in source order.
GeneralScalesUnlockA259,,"Zu, Jiyun",corrected,Publisher-deposited DOI author list,https://api.crossref.org/works/10.1038%2Fs41586-026-10303-2,"Zu, Jiyun",,Complete authoritative author list matches all previously listed authors; restore omitted authors in source order.
GeneralScalesUnlockA259,,"Burden, John",corrected,Publisher-deposited DOI author list,https://api.crossref.org/works/10.1038%2Fs41586-026-10303-2,"Burden, John",,Complete authoritative author list matches all previously listed authors; restore omitted authors in source order.
GeneralScalesUnlockA259,,"Mehrbakhsh, Behzad",corrected,Publisher-deposited DOI author list,https://api.crossref.org/works/10.1038%2Fs41586-026-10303-2,"Mehrbakhsh, Behzad",https://orcid.org/0000-0001-9017-989X,Complete authoritative author list matches all previously listed authors; restore omitted authors in source order.
GeneralScalesUnlockA259,,"Stillwell, David",corrected,Publisher-deposited DOI author list,https://api.crossref.org/works/10.1038%2Fs41586-026-10303-2,"Stillwell, David",,Complete authoritative author list matches all previously listed authors; restore omitted authors in source order.
GeneralScalesUnlockA259,,"Cebrian, Manuel",corrected,Publisher-deposited DOI author list,https://api.crossref.org/works/10.1038%2Fs41586-026-10303-2,"Cebrian, Manuel",https://orcid.org/0000-0002-3681-7982,Complete authoritative author list matches all previously listed authors; restore omitted authors in source order.
GeneralScalesUnlockA259,,"Wang, Jindong",corrected,Publisher-deposited DOI author list,https://api.crossref.org/works/10.1038%2Fs41586-026-10303-2,"Wang, Jindong",,Complete authoritative author list matches all previously listed authors; restore omitted authors in source order.
GeneralScalesUnlockA259,,"Henderson, Peter",corrected,Publisher-deposited DOI author list,https://api.crossref.org/works/10.1038%2Fs41586-026-10303-2,"Henderson, Peter",,Complete authoritative author list matches all previously listed authors; restore omitted authors in source order.
GeneralScalesUnlockA259,,"Wu, Sherry Tongshuang",corrected,Publisher-deposited DOI author list,https://api.crossref.org/works/10.1038%2Fs41586-026-10303-2,"Wu, Sherry Tongshuang",,Complete authoritative author list matches all previously listed authors; restore omitted authors in source order.
GeneralScalesUnlockA259,,"Kyllonen, Patrick C.",corrected,Publisher-deposited DOI author list,https://api.crossref.org/works/10.1038%2Fs41586-026-10303-2,"Kyllonen, Patrick C.",,Complete authoritative author list matches all previously listed authors; restore omitted authors in source order.
GeneralScalesUnlockA259,,"Cheke, Lucy",corrected,Publisher-deposited DOI author list,https://api.crossref.org/works/10.1038%2Fs41586-026-10303-2,"Cheke, Lucy",,Complete authoritative author list matches all previously listed authors; restore omitted authors in source order.
GeneralScalesUnlockA259,,"Xie, Xing",corrected,Publisher-deposited DOI author list,https://api.crossref.org/works/10.1038%2Fs41586-026-10303-2,"Xie, Xing",https://orcid.org/0009-0009-3257-3077,Complete authoritative author list matches all previously listed authors; restore omitted authors in source order.
GeneralScalesUnlockA259,,"Hernández-Orallo, José",corrected,Publisher-deposited DOI author list,https://api.crossref.org/works/10.1038%2Fs41586-026-10303-2,"Hernández-Orallo, José",https://orcid.org/0000-0001-9746-7632,Complete authoritative author list matches all previously listed authors; restore omitted authors in source order.
GeneralizedLinearMod260,"Hussami, N.","Hussami, Nadine",corrected,Reviewed publication-specific name evidence,https://h2o-release.s3.amazonaws.com/h2o/rel-tukey/4/docs-website/h2o-docs/booklets/GLM_Vignette.pdf,"Hussami, Nadine",,Official manual cover provides this full personal name; no authors from a later edition are added.
GeneralizedLinearMod260,"Kraljevic, T.","Kraljevic, Tom",corrected,Reviewed publication-specific name evidence,https://h2o-release.s3.amazonaws.com/h2o/rel-tukey/4/docs-website/h2o-docs/booklets/GLM_Vignette.pdf,"Kraljevic, Tom",,Official manual cover provides this full personal name; no authors from a later edition are added.
GeneralizedLinearMod260,"Lanford, J.","Lanford, J.",unverified,,https://h2o-release.s3.amazonaws.com/h2o/rel-tukey/4/docs-website/h2o-docs/booklets/GLM_Vignette.pdf,,,"Later official cover lists Jessica Lanford as editor, not author; cited-edition author/editor role remains unconfirmed."
GeneralizedLinearMod260,"Nykodym, T.","Nykodym, Tomas",corrected,Reviewed publication-specific name evidence,https://h2o-release.s3.amazonaws.com/h2o/rel-tukey/4/docs-website/h2o-docs/booklets/GLM_Vignette.pdf,"Nykodym, Tomas",,Official manual cover provides this full personal name; no authors from a later edition are added.
GeneralizedLinearMod260,"Rao, A.","Rao, Ariel",corrected,Reviewed publication-specific name evidence,https://h2o-release.s3.amazonaws.com/h2o/rel-tukey/4/docs-website/h2o-docs/booklets/GLM_Vignette.pdf,"Rao, Ariel",,Official manual cover provides this full personal name; no authors from a later edition are added.
GeneralizedLinearMod260,"Wang, A.","Wang, Amy",corrected,Reviewed publication-specific name evidence,https://h2o-release.s3.amazonaws.com/h2o/rel-tukey/4/docs-website/h2o-docs/booklets/GLM_Vignette.pdf,"Wang, Amy",,Official manual cover provides this full personal name; no authors from a later edition are added.
GeneralizedLowRankMo261,"Udell, Madeleine","Udell, Madeleine",confirmed,Publisher-deposited DOI author list,https://api.crossref.org/works/10.1561%2F9781680831412,"Udell, Madeleine",,Name matches an author of the externally matched publication; initial differences are compatible.
GeneralizedLowRankMo261,"Horn, Corinne","Horn, Corinne",confirmed,Publisher-deposited DOI author list,https://api.crossref.org/works/10.1561%2F9781680831412,"Horn, Corinne",,Name matches an author of the externally matched publication; initial differences are compatible.
GeneralizedLowRankMo261,"Zadeh, Reza","Zadeh, Reza",confirmed,Publisher-deposited DOI author list,https://api.crossref.org/works/10.1561%2F9781680831412,"Zadeh, Reza",,Name matches an author of the externally matched publication; initial differences are compatible.
GeneralizedLowRankMo261,"Boyd, Stephen","Boyd, Stephen",confirmed,Publisher-deposited DOI author list,https://api.crossref.org/works/10.1561%2F9781680831412,"Boyd, Stephen",,Name matches an author of the externally matched publication; initial differences are compatible.
GeneralizedLowRankMo261,others,others,unverified,,,,,No sufficient publication-specific author evidence found.
GenerativeAIHasanInt262,"Appel, Gil","Appel, Gil",unverified,,,,,No sufficient publication-specific author evidence found.
GenerativeAIHasanInt262,"Neelbauer, Juliana","Neelbauer, Juliana",unverified,,,,,No sufficient publication-specific author evidence found.
GenerativeAIHasanInt262,"Schweidel, David A.","Schweidel, David A.",unverified,,,,,No sufficient publication-specific author evidence found.
GenerativeAIRedTeami263,"Storchan, Victor","Storchan, Victor",unverified,,,,,No sufficient publication-specific author evidence found.
GenerativeAIRedTeami263,"Kumar, Ravin","Kumar, Ravin",unverified,,,,,No sufficient publication-specific author evidence found.
GenerativeAIRedTeami263,"Chowdhury, Rumman","Chowdhury, Rumman",unverified,,,,,No sufficient publication-specific author evidence found.
GenerativeAIRedTeami263,"Goldfarb-Tarrant, Seraphina","Goldfarb-Tarrant, Seraphina",unverified,,,,,No sufficient publication-specific author evidence found.
GenerativeAIRedTeami263,"Cattell, Sven","Cattell, Sven",unverified,,,,,No sufficient publication-specific author evidence found.
GenerativeAIRiskMana264,"Hall, Patrick","Hall, Patrick",normalized_by_user,User-approved canonical name,Explicit user normalization of Patrick Hall,,,"Retain the user-approved Hall, Patrick normalization and black marking."
GenerativeAIRiskMana264,"Atherton, Daniel","Atherton, Daniel",unverified,,,,,No sufficient publication-specific author evidence found.
Generativeartificial265,"Ning, Yilin","Ning, Yilin",confirmed,Publisher-deposited DOI author list,https://api.crossref.org/works/10.1016%2FS2589-7500%2824%2900143-2,"Ning, Yilin",,Name matches an author of the externally matched publication; initial differences are compatible.
Generativeartificial265,"Teixayavong, Salinelat","Teixayavong, Salinelat",confirmed,Publisher-deposited DOI author list,https://api.crossref.org/works/10.1016%2FS2589-7500%2824%2900143-2,"Teixayavong, Salinelat",,Name matches an author of the externally matched publication; initial differences are compatible.
Generativeartificial265,"Shang, Yuqing","Shang, Yuqing",confirmed,Publisher-deposited DOI author list,https://api.crossref.org/works/10.1016%2FS2589-7500%2824%2900143-2,"Shang, Yuqing",,Name matches an author of the externally matched publication; initial differences are compatible.
Generativeartificial265,"Savulescu, Julian","Savulescu, Julian",confirmed,Publisher-deposited DOI author list,https://api.crossref.org/works/10.1016%2FS2589-7500%2824%2900143-2,"Savulescu, Julian",,Name matches an author of the externally matched publication; initial differences are compatible.
Generativeartificial265,"Nagaraj, Vaishaanth","Nagaraj, Vaishaanth",confirmed,Publisher-deposited DOI author list,https://api.crossref.org/works/10.1016%2FS2589-7500%2824%2900143-2,"Nagaraj, Vaishaanth",,Name matches an author of the externally matched publication; initial differences are compatible.
Generativeartificial265,"Miao, Di","Miao, Di",confirmed,Publisher-deposited DOI author list,https://api.crossref.org/works/10.1016%2FS2589-7500%2824%2900143-2,"Miao, Di",,Name matches an author of the externally matched publication; initial differences are compatible.
Generativeartificial265,"Mertens, Mayli","Mertens, Mayli",confirmed,Publisher-deposited DOI author list,https://api.crossref.org/works/10.1016%2FS2589-7500%2824%2900143-2,"Mertens, Mayli",,Name matches an author of the externally matched publication; initial differences are compatible.
Generativeartificial265,"Ting, Daniel Shu Wei","Ting, Daniel Shu Wei",confirmed,Publisher-deposited DOI author list,https://api.crossref.org/works/10.1016%2FS2589-7500%2824%2900143-2,"Ting, Daniel Shu Wei",,Name matches an author of the externally matched publication; initial differences are compatible.
Generativeartificial265,"Ong, Jasmine Chiat Ling","Ong, Jasmine Chiat Ling",confirmed,Publisher-deposited DOI author list,https://api.crossref.org/works/10.1016%2FS2589-7500%2824%2900143-2,"Ong, Jasmine Chiat Ling",,Name matches an author of the externally matched publication; initial differences are compatible.
Generativeartificial265,"Liu, Mingxuan","Liu, Mingxuan",confirmed,Publisher-deposited DOI author list,https://api.crossref.org/works/10.1016%2FS2589-7500%2824%2900143-2,"Liu, Mingxuan",,Name matches an author of the externally matched publication; initial differences are compatible.
Generativeartificial265,"Cao, Jiuwen","Cao, Jiuwen",confirmed,Publisher-deposited DOI author list,https://api.crossref.org/works/10.1016%2FS2589-7500%2824%2900143-2,"Cao, Jiuwen",,Name matches an author of the externally matched publication; initial differences are compatible.
Generativeartificial265,"Dunn, Michael","Dunn, Michael",confirmed,Publisher-deposited DOI author list,https://api.crossref.org/works/10.1016%2FS2589-7500%2824%2900143-2,"Dunn, Michael",,Name matches an author of the externally matched publication; initial differences are compatible.
Generativeartificial265,"Vaughan, Roger","Vaughan, Roger",confirmed,Publisher-deposited DOI author list,https://api.crossref.org/works/10.1016%2FS2589-7500%2824%2900143-2,"Vaughan, Roger",,Name matches an author of the externally matched publication; initial differences are compatible.
Generativeartificial265,"Ong, Marcus Eng Hock","Ong, Marcus Eng Hock",confirmed,Publisher-deposited DOI author list,https://api.crossref.org/works/10.1016%2FS2589-7500%2824%2900143-2,"Ong, Marcus Eng Hock",,Name matches an author of the externally matched publication; initial differences are compatible.
Generativeartificial265,"Sung, Joseph Jao-Yiu","Sung, Joseph Jao-Yiu",confirmed,Publisher-deposited DOI author list,https://api.crossref.org/works/10.1016%2FS2589-7500%2824%2900143-2,"Sung, Joseph Jao-Yiu",,Name matches an author of the externally matched publication; initial differences are compatible.
Generativeartificial265,"Topol, Eric J","Topol, Eric J",confirmed,Publisher-deposited DOI author list,https://api.crossref.org/works/10.1016%2FS2589-7500%2824%2900143-2,"Topol, Eric J.",,Name matches an author of the externally matched publication; initial differences are compatible.
Generativeartificial265,"Liu, Nan","Liu, Nan",confirmed,Publisher-deposited DOI author list,https://api.crossref.org/works/10.1016%2FS2589-7500%2824%2900143-2,"Liu, Nan",,Name matches an author of the externally matched publication; initial differences are compatible.
GenerativeRedTeamCha266,{Hack the Future},{Hack the Future},unverified,,,,,No sufficient publication-specific author evidence found.
Gettingtoknowandmana267,"Buehler, Kevin","Buehler, Kevin",unverified,,,,,No sufficient publication-specific author evidence found.
Gettingtoknowandmana267,"Dooley, Rachel","Dooley, Rachel",unverified,,,,,No sufficient publication-specific author evidence found.
Gettingtoknowandmana267,"Grennan, Liz","Grennan, Liz",unverified,,,,,No sufficient publication-specific author evidence found.
Gettingtoknowandmana267,"Singla, Alex","Singla, Alex",unverified,,,,,No sufficient publication-specific author evidence found.
Gettingtoknowandmana267,"Burt, Andrew","Burt, Andrew",unverified,,,,,No sufficient publication-specific author evidence found.
Gettingtoknowandmana267,"Hall, Patrick","Hall, Patrick",normalized_by_user,User-approved canonical name,Explicit user normalization of Patrick Hall,,,"Retain the user-approved Hall, Patrick normalization and black marking."
GlazeProtectingartis268,"Shan, Shawn","Shan, Shawn",confirmed,Publication page author metadata,https://arxiv.org/abs/2302.04222,"Shan, Shawn",,Name matches an author of the externally matched publication; initial differences are compatible.
GlazeProtectingartis268,"Cryan, Jenna","Cryan, Jenna",confirmed,Publication page author metadata,https://arxiv.org/abs/2302.04222,"Cryan, Jenna",,Name matches an author of the externally matched publication; initial differences are compatible.
GlazeProtectingartis268,"Wenger, Emily","Wenger, Emily",confirmed,Publication page author metadata,https://arxiv.org/abs/2302.04222,"Wenger, Emily",,Name matches an author of the externally matched publication; initial differences are compatible.
GlazeProtectingartis268,"Zheng, Haitao","Zheng, Haitao",confirmed,Publication page author metadata,https://arxiv.org/abs/2302.04222,"Zheng, Haitao",,Name matches an author of the externally matched publication; initial differences are compatible.
GlazeProtectingartis268,"Hanocka, Rana","Hanocka, Rana",confirmed,Publication page author metadata,https://arxiv.org/abs/2302.04222,"Hanocka, Rana",,Name matches an author of the externally matched publication; initial differences are compatible.
GlazeProtectingartis268,"Zhao, Ben Y","Zhao, Ben Y",confirmed,Publication page author metadata,https://arxiv.org/abs/2302.04222,"Zhao, Ben Y.",,Name matches an author of the externally matched publication; initial differences are compatible.
GlobalLawandPolicyTr269,{International Association of Privacy Professionals},{International Association of Privacy Professionals},unverified,,,,,No sufficient publication-specific author evidence found.
GlossaryofTermsSpeci270,"Kohavi, R.","Kohavi, R.",unverified,,,,,No sufficient publication-specific author evidence found.
GlossaryofTermsSpeci270,"Provost, F.","Provost, F.",unverified,,,,,No sufficient publication-specific author evidence found.
GloveGlobalvectorsfo271,"Pennington, Jeffrey","Pennington, Jeffrey",confirmed,Publication opening-page author block,https://aclanthology.org/D14-1162.pdf,,,Full given name and surname occur together in the matched publication author block.
GloveGlobalvectorsfo271,"Socher, Richard","Socher, Richard",confirmed,Publication opening-page author block,https://aclanthology.org/D14-1162.pdf,,,Full given name and surname occur together in the matched publication author block.
GloveGlobalvectorsfo271,"Manning, Christopher D.","Manning, Christopher D.",confirmed,Publication opening-page author block,https://aclanthology.org/D14-1162.pdf,,,Full given name and surname occur together in the matched publication author block.
GLUEAMultitaskBenchm272,"Wang, Alex","Wang, Alex",confirmed,Publication opening-page author block,https://aclanthology.org/W18-5446.pdf,,,Full given name and surname occur together in the matched publication author block.
GLUEAMultitaskBenchm272,"Singh, Amanpreet","Singh, Amanpreet",confirmed,Publication opening-page author block,https://aclanthology.org/W18-5446.pdf,,,Full given name and surname occur together in the matched publication author block.
GLUEAMultitaskBenchm272,"Michael, Julian","Michael, Julian",confirmed,Publication opening-page author block,https://aclanthology.org/W18-5446.pdf,,,Full given name and surname occur together in the matched publication author block.
GLUEAMultitaskBenchm272,"Hill, Felix","Hill, Felix",confirmed,Publication opening-page author block,https://aclanthology.org/W18-5446.pdf,,,Full given name and surname occur together in the matched publication author block.
GLUEAMultitaskBenchm272,"Levy, Omer","Levy, Omer",confirmed,Publication opening-page author block,https://aclanthology.org/W18-5446.pdf,,,Full given name and surname occur together in the matched publication author block.
GLUEAMultitaskBenchm272,"Bowman, Samuel","Bowman, Samuel",confirmed,Publication opening-page author block,https://aclanthology.org/W18-5446.pdf,,,Full given name and surname occur together in the matched publication author block.
GoingDeeperwithConvo273,"Szegedy, Christian","Szegedy, Christian",confirmed,Publication page author metadata,https://arxiv.org/abs/1409.4842,"Szegedy, Christian",,Name matches an author of the externally matched publication; initial differences are compatible.
GoingDeeperwithConvo273,"Liu, Wei","Liu, Wei",confirmed,Publication page author metadata,https://arxiv.org/abs/1409.4842,"Liu, Wei",,Name matches an author of the externally matched publication; initial differences are compatible.
GoingDeeperwithConvo273,"Jia, Yangqing","Jia, Yangqing",confirmed,Publication page author metadata,https://arxiv.org/abs/1409.4842,"Jia, Yangqing",,Name matches an author of the externally matched publication; initial differences are compatible.
GoingDeeperwithConvo273,"Sermanet, Pierre","Sermanet, Pierre",confirmed,Publication page author metadata,https://arxiv.org/abs/1409.4842,"Sermanet, Pierre",,Name matches an author of the externally matched publication; initial differences are compatible.
GoingDeeperwithConvo273,"Reed, Scott E.","Reed, Scott E.",confirmed,Publication page author metadata,https://arxiv.org/abs/1409.4842,"Reed, Scott",,Name matches an author of the externally matched publication; initial differences are compatible.
GoingDeeperwithConvo273,"Anguelov, Dragomir","Anguelov, Dragomir",confirmed,Publication page author metadata,https://arxiv.org/abs/1409.4842,"Anguelov, Dragomir",,Name matches an author of the externally matched publication; initial differences are compatible.
GoingDeeperwithConvo273,"Erhan, Dumitru","Erhan, Dumitru",confirmed,Publication page author metadata,https://arxiv.org/abs/1409.4842,"Erhan, Dumitru",,Name matches an author of the externally matched publication; initial differences are compatible.
GoingDeeperwithConvo273,"Vanhoucke, Vincent","Vanhoucke, Vincent",confirmed,Publication page author metadata,https://arxiv.org/abs/1409.4842,"Vanhoucke, Vincent",,Name matches an author of the externally matched publication; initial differences are compatible.
GoingDeeperwithConvo273,"Rabinovich, Andrew","Rabinovich, Andrew",confirmed,Publication page author metadata,https://arxiv.org/abs/1409.4842,"Rabinovich, Andrew",,Name matches an author of the externally matched publication; initial differences are compatible.
GooglesRewardCriteri274,"Vela, E.","Vela, E.",unverified,,,,,No sufficient publication-specific author evidence found.
GooglesRewardCriteri274,others,others,unverified,,,,,No sufficient publication-specific author evidence found.
GoverningwithArtific275,{OECD Artificial Intelligence Papers},{OECD Artificial Intelligence Papers},unverified,,,,,No sufficient publication-specific author evidence found.
GPT4technicalreport276,"Achiam, J.","Achiam, Josh",corrected,Publication page author metadata,https://arxiv.org/abs/2303.08774,"Achiam, Josh",,Name matches an author of the externally matched publication; initial differences are compatible.
GPT4technicalreport276,others,others,unverified,,,,,No sufficient publication-specific author evidence found.
GradientBoostedModel277,"Click, C.","Click, Cliff",corrected,Reviewed publication-specific name evidence,https://h2o-release.s3.amazonaws.com/h2o/rel-tukey/4/docs-website/h2o-docs/booklets/GBM_Vignette.pdf,"Click, Cliff",,Official manual cover provides this full personal name; no authors from a later edition are added.
GradientBoostedModel277,"Lanford, J.","Lanford, J.",unverified,,https://h2o-release.s3.amazonaws.com/h2o/rel-tukey/4/docs-website/h2o-docs/booklets/GBM_Vignette.pdf,,,"Later official cover lists Jessica Lanford as editor, not author; cited-edition author/editor role remains unconfirmed."
GradientBoostedModel277,"Malohlava, M.","Malohlava, Michal",corrected,Reviewed publication-specific name evidence,https://h2o-release.s3.amazonaws.com/h2o/rel-tukey/4/docs-website/h2o-docs/booklets/GBM_Vignette.pdf,"Malohlava, Michal",,Official manual cover provides this full personal name; no authors from a later edition are added.
GradientBoostedModel277,"Parmar, V.","Parmar, Viraj",corrected,Reviewed publication-specific name evidence,https://h2o-release.s3.amazonaws.com/h2o/rel-tukey/4/docs-website/h2o-docs/booklets/GBM_Vignette.pdf,"Parmar, Viraj",,Official manual cover provides this full personal name; no authors from a later edition are added.
GradientBoostedModel277,"Roark, H.","Roark, Hank",corrected,Reviewed publication-specific name evidence,https://h2o-release.s3.amazonaws.com/h2o/rel-tukey/4/docs-website/h2o-docs/booklets/GBM_Vignette.pdf,"Roark, Hank",,Official manual cover provides this full personal name; no authors from a later edition are added.
GradientBasedLearnin278,"LeCun, Yann","LeCun, Yann",confirmed,Publisher-deposited DOI author list,https://api.crossref.org/works/10.1109%2F5.726791,"Lecun, Y.",,Name matches an author of the externally matched publication; initial differences are compatible.
GradientBasedLearnin278,"Bottou, Leon","Bottou, Leon",confirmed,Publisher-deposited DOI author list,https://api.crossref.org/works/10.1109%2F5.726791,"Bottou, L.",,Name matches an author of the externally matched publication; initial differences are compatible.
GradientBasedLearnin278,"Bengio, Yoshua","Bengio, Yoshua",confirmed,Publisher-deposited DOI author list,https://api.crossref.org/works/10.1109%2F5.726791,"Bengio, Y.",,Name matches an author of the externally matched publication; initial differences are compatible.
GradientBasedLearnin278,"Haffner, Patrick","Haffner, Patrick",confirmed,Publisher-deposited DOI author list,https://api.crossref.org/works/10.1109%2F5.726791,"Haffner, P.",,Name matches an author of the externally matched publication; initial differences are compatible.
GreedyFunctionApprox279,"Friedman, Jerome H.","Friedman, Jerome H.",confirmed,Publisher-deposited DOI author list,https://api.crossref.org/works/10.1214%2Faos%2F1013203451,"Friedman, Jerome H.",,Name matches an author of the externally matched publication; initial differences are compatible.
GuidelinesforhumanAI280,"Amershi, Saleema","Amershi, Saleema",confirmed,Publisher-deposited DOI author list,https://api.crossref.org/works/10.1145%2F3290605.3300233,"Amershi, Saleema",,Complete authoritative author list matches all previously listed authors; restore omitted authors in source order.
GuidelinesforhumanAI280,"Weld, Dan","Weld, Dan",confirmed,Publisher-deposited DOI author list,https://api.crossref.org/works/10.1145%2F3290605.3300233,"Weld, Dan",,Complete authoritative author list matches all previously listed authors; restore omitted authors in source order.
GuidelinesforhumanAI280,"Vorvoreanu, Mihaela","Vorvoreanu, Mihaela",confirmed,Publisher-deposited DOI author list,https://api.crossref.org/works/10.1145%2F3290605.3300233,"Vorvoreanu, Mihaela",,Complete authoritative author list matches all previously listed authors; restore omitted authors in source order.
GuidelinesforhumanAI280,"Fourney, Adam","Fourney, Adam",confirmed,Publisher-deposited DOI author list,https://api.crossref.org/works/10.1145%2F3290605.3300233,"Fourney, Adam",,Complete authoritative author list matches all previously listed authors; restore omitted authors in source order.
GuidelinesforhumanAI280,"Nushi, Besmira","Nushi, Besmira",confirmed,Publisher-deposited DOI author list,https://api.crossref.org/works/10.1145%2F3290605.3300233,"Nushi, Besmira",,Complete authoritative author list matches all previously listed authors; restore omitted authors in source order.
GuidelinesforhumanAI280,"Collisson, Penny","Collisson, Penny",confirmed,Publisher-deposited DOI author list,https://api.crossref.org/works/10.1145%2F3290605.3300233,"Collisson, Penny",,Complete authoritative author list matches all previously listed authors; restore omitted authors in source order.
GuidelinesforhumanAI280,"Suh, Jina","Suh, Jina",confirmed,Publisher-deposited DOI author list,https://api.crossref.org/works/10.1145%2F3290605.3300233,"Suh, Jina",,Complete authoritative author list matches all previously listed authors; restore omitted authors in source order.
GuidelinesforhumanAI280,,"Iqbal, Shamsi",corrected,Publisher-deposited DOI author list,https://api.crossref.org/works/10.1145%2F3290605.3300233,"Iqbal, Shamsi",,Complete authoritative author list matches all previously listed authors; restore omitted authors in source order.
GuidelinesforhumanAI280,,"Bennett, Paul N.",corrected,Publisher-deposited DOI author list,https://api.crossref.org/works/10.1145%2F3290605.3300233,"Bennett, Paul N.",,Complete authoritative author list matches all previously listed authors; restore omitted authors in source order.
GuidelinesforhumanAI280,,"Inkpen, Kori",corrected,Publisher-deposited DOI author list,https://api.crossref.org/works/10.1145%2F3290605.3300233,"Inkpen, Kori",,Complete authoritative author list matches all previously listed authors; restore omitted authors in source order.
GuidelinesforhumanAI280,,"Teevan, Jaime",corrected,Publisher-deposited DOI author list,https://api.crossref.org/works/10.1145%2F3290605.3300233,"Teevan, Jaime",,Complete authoritative author list matches all previously listed authors; restore omitted authors in source order.
GuidelinesforhumanAI280,,"Kikin-Gil, Ruth",corrected,Publisher-deposited DOI author list,https://api.crossref.org/works/10.1145%2F3290605.3300233,"Kikin-Gil, Ruth",,Complete authoritative author list matches all previously listed authors; restore omitted authors in source order.
GuidelinesforhumanAI280,,"Horvitz, Eric",corrected,Publisher-deposited DOI author list,https://api.crossref.org/works/10.1145%2F3290605.3300233,"Horvitz, Eric",,Complete authoritative author list matches all previously listed authors; restore omitted authors in source order.
GuidelinesfortheResp281,"Hall, Patrick","Hall, Patrick",confirmed,Publication opening-page author block,https://arxiv.org/pdf/1906.03533,,,Full given name and surname occur together in the matched publication author block.
GuidelinesfortheResp281,"Gill, Navdeep","Gill, Navdeep",confirmed,Publication opening-page author block,https://arxiv.org/pdf/1906.03533,,,Full given name and surname occur together in the matched publication author block.
GuidelinesfortheResp281,"Schmidt, Nicholas","Schmidt, Nicholas",confirmed,Publication opening-page author block,https://arxiv.org/pdf/1906.03533,,,Full given name and surname occur together in the matched publication author block.
H2ODatasets282,{H2O.ai Team},{H2O.ai Team},unverified,,,,,No sufficient publication-specific author evidence found.
H2Odocumentation283,{H2O.ai Team},{H2O.ai Team},unverified,,,,,No sufficient publication-specific author evidence found.
H2OGitHubRepository284,{H2O.ai Team},{H2O.ai Team},unverified,,,,,No sufficient publication-specific author evidence found.
H2OGitHubrepositoryf285,{H2O.ai Team},{H2O.ai Team},unverified,,,,,No sufficient publication-specific author evidence found.
H2OJIRA286,{H2O.ai Team},{H2O.ai Team},unverified,,,,,No sufficient publication-specific author evidence found.
H2OPythonDocumentati287,{H2O.ai Team},{H2O.ai Team},unverified,,,,,No sufficient publication-specific author evidence found.
H2ORPackageDocumenta288,{H2O.ai Team},{H2O.ai Team},unverified,,,,,No sufficient publication-specific author evidence found.
H2Owebsite289,{H2O.ai Team},{H2O.ai Team},unverified,,,,,No sufficient publication-specific author evidence found.
h2oPythonInterfacefo290,{H2O.ai Team},{H2O.ai Team},unverified,,,,,No sufficient publication-specific author evidence found.
h2oRInterfaceforH2O291,{H2O.ai Team},{H2O.ai Team},unverified,,,,,No sufficient publication-specific author evidence found.
H2OScalableMachineLe292,{H2O.ai Team},{H2O.ai Team},unverified,,,,,No sufficient publication-specific author evidence found.
H2Ostream293,{H2O.ai Team},{H2O.ai Team},unverified,,,,,No sufficient publication-specific author evidence found.
HallucinationsLeader294,{HuggingFace},{HuggingFace},unverified,,,,,No sufficient publication-specific author evidence found.
Hardchoicesinartific295,"Dobbe, Roel","Dobbe, Roel",confirmed,Publisher-deposited DOI author list,https://api.crossref.org/works/10.1016%2Fj.artint.2021.103555,"Dobbe, Roel",https://orcid.org/0000-0003-4633-7023,Name matches an author of the externally matched publication; initial differences are compatible.
Hardchoicesinartific295,"{Krendl Gilbert}, Thomas","{Krendl Gilbert}, Thomas",confirmed,Publisher-deposited DOI author list,https://api.crossref.org/works/10.1016%2Fj.artint.2021.103555,"Krendl Gilbert, Thomas",,Name matches an author of the externally matched publication; initial differences are compatible.
Hardchoicesinartific295,"Mintz, Yonatan","Mintz, Yonatan",confirmed,Publisher-deposited DOI author list,https://api.crossref.org/works/10.1016%2Fj.artint.2021.103555,"Mintz, Yonatan",https://orcid.org/0000-0002-0670-1794,Name matches an author of the externally matched publication; initial differences are compatible.
Harmfulspeechdetecti296,"Dorn, Rebecca","Dorn, Rebecca",confirmed,Publisher-deposited DOI author list,https://api.crossref.org/works/10.1145%2F3689904.3694704,"Dorn, Rebecca",https://orcid.org/0009-0000-8543-1210,Name matches an author of the externally matched publication; initial differences are compatible.
Harmfulspeechdetecti296,"Kezar, Lee","Kezar, Lee",confirmed,Publisher-deposited DOI author list,https://api.crossref.org/works/10.1145%2F3689904.3694704,"Kezar, Lee",https://orcid.org/0009-0009-4939-9431,Name matches an author of the externally matched publication; initial differences are compatible.
Harmfulspeechdetecti296,"Morstatter, Fred","Morstatter, Fred",confirmed,Publisher-deposited DOI author list,https://api.crossref.org/works/10.1145%2F3689904.3694704,"Morstatter, Fred",https://orcid.org/0000-0002-0247-4328,Name matches an author of the externally matched publication; initial differences are compatible.
Harmfulspeechdetecti296,"Lerman, Kristina","Lerman, Kristina",confirmed,Publisher-deposited DOI author list,https://api.crossref.org/works/10.1145%2F3689904.3694704,"Lerman, Kristina",https://orcid.org/0000-0002-5071-0575,Name matches an author of the externally matched publication; initial differences are compatible.
HealthcareDataBreach297,"Seh, Adil Hussain","Seh, Adil Hussain",confirmed,Publisher-deposited DOI author list,https://api.crossref.org/works/10.3390%2Fhealthcare8020133,"Seh, Adil Hussain",https://orcid.org/0000-0003-3049-792X,Name matches an author of the externally matched publication; initial differences are compatible.
HealthcareDataBreach297,"Zarour, Mohammad","Zarour, Mohammad",confirmed,Publisher-deposited DOI author list,https://api.crossref.org/works/10.3390%2Fhealthcare8020133,"Zarour, Mohammad",https://orcid.org/0000-0002-1169-9502,Name matches an author of the externally matched publication; initial differences are compatible.
HealthcareDataBreach297,"Alenezi, Mamdouh","Alenezi, Mamdouh",confirmed,Publisher-deposited DOI author list,https://api.crossref.org/works/10.3390%2Fhealthcare8020133,"Alenezi, Mamdouh",https://orcid.org/0000-0001-6852-1206,Name matches an author of the externally matched publication; initial differences are compatible.
HealthcareDataBreach297,"Sarkar, Amal Krishna","Sarkar, Amal Krishna",confirmed,Publisher-deposited DOI author list,https://api.crossref.org/works/10.3390%2Fhealthcare8020133,"Sarkar, Amal Krishna",,Name matches an author of the externally matched publication; initial differences are compatible.
HealthcareDataBreach297,"Agrawal, Alka","Agrawal, Alka",confirmed,Publisher-deposited DOI author list,https://api.crossref.org/works/10.3390%2Fhealthcare8020133,"Agrawal, Alka",,Name matches an author of the externally matched publication; initial differences are compatible.
HealthcareDataBreach297,"Kumar, Rajeev","Kumar, Rajeev",confirmed,Publisher-deposited DOI author list,https://api.crossref.org/works/10.3390%2Fhealthcare8020133,"Kumar, Rajeev",https://orcid.org/0000-0002-1813-1362,Name matches an author of the externally matched publication; initial differences are compatible.
HealthcareDataBreach297,"Ahmad Khan, Raees","Ahmad Khan, Raees",confirmed,Publisher-deposited DOI author list,https://api.crossref.org/works/10.3390%2Fhealthcare8020133,"Ahmad Khan, Raees",,Name matches an author of the externally matched publication; initial differences are compatible.
HierarchicalAggregat298,"Elmqvist, Niklas","Elmqvist, Niklas",confirmed,Publication opening-page author block,https://inria.hal.science/hal-00696751/PDF/hieragg.pdf,,,Full given name and surname occur together in the matched publication author block.
HierarchicalAggregat298,"Fekete, Jean-Daniel","Fekete, Jean-Daniel",confirmed,Publication opening-page author block,https://inria.hal.science/hal-00696751/PDF/hieragg.pdf,,,Full given name and surname occur together in the matched publication author block.
HierarchicalGraphRep299,"Ying, Zhitao","Ying, Zhitao",unverified,,,,,No sufficient publication-specific author evidence found.
HierarchicalGraphRep299,"You, Jiaxuan","You, Jiaxuan",confirmed,Publication opening-page author block,https://cs.stanford.edu/people/jure/pubs/diffpool-neurips18.pdf,,,Full given name and surname occur together in the matched publication author block.
HierarchicalGraphRep299,"Morris, Christopher","Morris, Christopher",confirmed,Publication opening-page author block,https://cs.stanford.edu/people/jure/pubs/diffpool-neurips18.pdf,,,Full given name and surname occur together in the matched publication author block.
HierarchicalGraphRep299,"Ren, Xiang","Ren, Xiang",confirmed,Publication opening-page author block,https://cs.stanford.edu/people/jure/pubs/diffpool-neurips18.pdf,,,Full given name and surname occur together in the matched publication author block.
HierarchicalGraphRep299,"Hamilton, Will","Hamilton, Will",unverified,,,,,No sufficient publication-specific author evidence found.
HierarchicalGraphRep299,"Leskovec, Jure","Leskovec, Jure",confirmed,Publication opening-page author block,https://cs.stanford.edu/people/jure/pubs/diffpool-neurips18.pdf,,,Full given name and surname occur together in the matched publication author block.
HOGWILDALockfreeAppr300,"Recht, Benjamin","Recht, Benjamin",confirmed,Publication opening-page author block,https://proceedings.neurips.cc/paper_files/paper/2011/file/218a0aefd1d1a4be65601cc6ddc1520e-Paper.pdf,,,Full given name and surname occur together in the matched publication author block.
HOGWILDALockfreeAppr300,"Re, Christopher","Re, Christopher",confirmed,Publication opening-page author block,https://proceedings.neurips.cc/paper_files/paper/2011/file/218a0aefd1d1a4be65601cc6ddc1520e-Paper.pdf,,,Full given name and surname occur together in the matched publication author block.
HOGWILDALockfreeAppr300,"Wright, Stephen","Wright, Stephen",confirmed,Publication opening-page author block,https://proceedings.neurips.cc/paper_files/paper/2011/file/218a0aefd1d1a4be65601cc6ddc1520e-Paper.pdf,,,Full given name and surname occur together in the matched publication author block.
HOGWILDALockfreeAppr300,"Niu, Feng","Niu, Feng",confirmed,Publication opening-page author block,https://proceedings.neurips.cc/paper_files/paper/2011/file/218a0aefd1d1a4be65601cc6ddc1520e-Paper.pdf,,,Full given name and surname occur together in the matched publication author block.
HolisticEvaluationof301,"Bommasani, Rishi","Bommasani, Rishi",confirmed,Publisher-deposited DOI author list,https://api.crossref.org/works/10.1111%2Fnyas.15007,"Bommasani, Rishi",,Name matches an author of the externally matched publication; initial differences are compatible.
HolisticEvaluationof301,"Liang, Percy","Liang, Percy",confirmed,Publisher-deposited DOI author list,https://api.crossref.org/works/10.1111%2Fnyas.15007,"Liang, Percy",,Name matches an author of the externally matched publication; initial differences are compatible.
HolisticEvaluationof301,"Lee, Tony","Lee, Tony",confirmed,Publisher-deposited DOI author list,https://api.crossref.org/works/10.1111%2Fnyas.15007,"Lee, Tony",,Name matches an author of the externally matched publication; initial differences are compatible.
HolisticEvaluationof302,"Liang, Percy","Liang, Percy",confirmed,Publication page author metadata,https://mlanthology.org/tmlr/2023/liang2023tmlr-holistic/,"Liang, Percy",,Complete authoritative author list matches all previously listed authors; restore omitted authors in source order.
HolisticEvaluationof302,"Bommasani, Rishi","Bommasani, Rishi",confirmed,Publication page author metadata,https://mlanthology.org/tmlr/2023/liang2023tmlr-holistic/,"Bommasani, Rishi",,Complete authoritative author list matches all previously listed authors; restore omitted authors in source order.
HolisticEvaluationof302,"Lee, Tony","Lee, Tony",confirmed,Publication page author metadata,https://mlanthology.org/tmlr/2023/liang2023tmlr-holistic/,"Lee, Tony",,Complete authoritative author list matches all previously listed authors; restore omitted authors in source order.
HolisticEvaluationof302,"Tsipras, Dimitris","Tsipras, Dimitris",confirmed,Publication page author metadata,https://mlanthology.org/tmlr/2023/liang2023tmlr-holistic/,"Tsipras, Dimitris",,Complete authoritative author list matches all previously listed authors; restore omitted authors in source order.
HolisticEvaluationof302,"Soylu, Dilara","Soylu, Dilara",confirmed,Publication page author metadata,https://mlanthology.org/tmlr/2023/liang2023tmlr-holistic/,"Soylu, Dilara",,Complete authoritative author list matches all previously listed authors; restore omitted authors in source order.
HolisticEvaluationof302,"Yasunaga, Michihiro","Yasunaga, Michihiro",confirmed,Publication page author metadata,https://mlanthology.org/tmlr/2023/liang2023tmlr-holistic/,"Yasunaga, Michihiro",,Complete authoritative author list matches all previously listed authors; restore omitted authors in source order.
HolisticEvaluationof302,"Zhang, Yian","Zhang, Yian",confirmed,Publication page author metadata,https://mlanthology.org/tmlr/2023/liang2023tmlr-holistic/,"Zhang, Yian",,Complete authoritative author list matches all previously listed authors; restore omitted authors in source order.
HolisticEvaluationof302,"Narayanan, Deepak","Narayanan, Deepak",confirmed,Publication page author metadata,https://mlanthology.org/tmlr/2023/liang2023tmlr-holistic/,"Narayanan, Deepak",,Complete authoritative author list matches all previously listed authors; restore omitted authors in source order.
HolisticEvaluationof302,"Wu, Yuhuai","Wu, Yuhuai",confirmed,Publication page author metadata,https://mlanthology.org/tmlr/2023/liang2023tmlr-holistic/,"Wu, Yuhuai",,Complete authoritative author list matches all previously listed authors; restore omitted authors in source order.
HolisticEvaluationof302,"Kumar, Ananya","Kumar, Ananya",confirmed,Publication page author metadata,https://mlanthology.org/tmlr/2023/liang2023tmlr-holistic/,"Kumar, Ananya",,Complete authoritative author list matches all previously listed authors; restore omitted authors in source order.
HolisticEvaluationof302,,"Newman, Benjamin",corrected,Publication page author metadata,https://mlanthology.org/tmlr/2023/liang2023tmlr-holistic/,"Newman, Benjamin",,Complete authoritative author list matches all previously listed authors; restore omitted authors in source order.
HolisticEvaluationof302,,"Yuan, Binhang",corrected,Publication page author metadata,https://mlanthology.org/tmlr/2023/liang2023tmlr-holistic/,"Yuan, Binhang",,Complete authoritative author list matches all previously listed authors; restore omitted authors in source order.
HolisticEvaluationof302,,"Yan, Bobby",corrected,Publication page author metadata,https://mlanthology.org/tmlr/2023/liang2023tmlr-holistic/,"Yan, Bobby",,Complete authoritative author list matches all previously listed authors; restore omitted authors in source order.
HolisticEvaluationof302,,"Zhang, Ce",corrected,Publication page author metadata,https://mlanthology.org/tmlr/2023/liang2023tmlr-holistic/,"Zhang, Ce",,Complete authoritative author list matches all previously listed authors; restore omitted authors in source order.
HolisticEvaluationof302,,"Cosgrove, Christian",corrected,Publication page author metadata,https://mlanthology.org/tmlr/2023/liang2023tmlr-holistic/,"Cosgrove, Christian",,Complete authoritative author list matches all previously listed authors; restore omitted authors in source order.
HolisticEvaluationof302,,"Manning, Christopher D.",corrected,Publication page author metadata,https://mlanthology.org/tmlr/2023/liang2023tmlr-holistic/,"Manning, Christopher D.",,Complete authoritative author list matches all previously listed authors; restore omitted authors in source order.
HolisticEvaluationof302,,"Re, Christopher",corrected,Publication page author metadata,https://mlanthology.org/tmlr/2023/liang2023tmlr-holistic/,"Re, Christopher",,Complete authoritative author list matches all previously listed authors; restore omitted authors in source order.
HolisticEvaluationof302,,"Acosta-Navas, Diana",corrected,Publication page author metadata,https://mlanthology.org/tmlr/2023/liang2023tmlr-holistic/,"Acosta-Navas, Diana",,Complete authoritative author list matches all previously listed authors; restore omitted authors in source order.
HolisticEvaluationof302,,"Hudson, Drew A.",corrected,Publication page author metadata,https://mlanthology.org/tmlr/2023/liang2023tmlr-holistic/,"Hudson, Drew A.",,Complete authoritative author list matches all previously listed authors; restore omitted authors in source order.
HolisticEvaluationof302,,"Zelikman, Eric",corrected,Publication page author metadata,https://mlanthology.org/tmlr/2023/liang2023tmlr-holistic/,"Zelikman, Eric",,Complete authoritative author list matches all previously listed authors; restore omitted authors in source order.
HolisticEvaluationof302,,"Durmus, Esin",corrected,Publication page author metadata,https://mlanthology.org/tmlr/2023/liang2023tmlr-holistic/,"Durmus, Esin",,Complete authoritative author list matches all previously listed authors; restore omitted authors in source order.
HolisticEvaluationof302,,"Ladhak, Faisal",corrected,Publication page author metadata,https://mlanthology.org/tmlr/2023/liang2023tmlr-holistic/,"Ladhak, Faisal",,Complete authoritative author list matches all previously listed authors; restore omitted authors in source order.
HolisticEvaluationof302,,"Rong, Frieda",corrected,Publication page author metadata,https://mlanthology.org/tmlr/2023/liang2023tmlr-holistic/,"Rong, Frieda",,Complete authoritative author list matches all previously listed authors; restore omitted authors in source order.
HolisticEvaluationof302,,"Ren, Hongyu",corrected,Publication page author metadata,https://mlanthology.org/tmlr/2023/liang2023tmlr-holistic/,"Ren, Hongyu",,Complete authoritative author list matches all previously listed authors; restore omitted authors in source order.
HolisticEvaluationof302,,"Yao, Huaxiu",corrected,Publication page author metadata,https://mlanthology.org/tmlr/2023/liang2023tmlr-holistic/,"Yao, Huaxiu",,Complete authoritative author list matches all previously listed authors; restore omitted authors in source order.
HolisticEvaluationof302,,"Wang, Jue",corrected,Publication page author metadata,https://mlanthology.org/tmlr/2023/liang2023tmlr-holistic/,"Wang, Jue",,Complete authoritative author list matches all previously listed authors; restore omitted authors in source order.
HolisticEvaluationof302,,"Santhanam, Keshav",corrected,Publication page author metadata,https://mlanthology.org/tmlr/2023/liang2023tmlr-holistic/,"Santhanam, Keshav",,Complete authoritative author list matches all previously listed authors; restore omitted authors in source order.
HolisticEvaluationof302,,"Orr, Laurel",corrected,Publication page author metadata,https://mlanthology.org/tmlr/2023/liang2023tmlr-holistic/,"Orr, Laurel",,Complete authoritative author list matches all previously listed authors; restore omitted authors in source order.
HolisticEvaluationof302,,"Zheng, Lucia",corrected,Publication page author metadata,https://mlanthology.org/tmlr/2023/liang2023tmlr-holistic/,"Zheng, Lucia",,Complete authoritative author list matches all previously listed authors; restore omitted authors in source order.
HolisticEvaluationof302,,"Yuksekgonul, Mert",corrected,Publication page author metadata,https://mlanthology.org/tmlr/2023/liang2023tmlr-holistic/,"Yuksekgonul, Mert",,Complete authoritative author list matches all previously listed authors; restore omitted authors in source order.
HolisticEvaluationof302,,"Suzgun, Mirac",corrected,Publication page author metadata,https://mlanthology.org/tmlr/2023/liang2023tmlr-holistic/,"Suzgun, Mirac",,Complete authoritative author list matches all previously listed authors; restore omitted authors in source order.
HolisticEvaluationof302,,"Kim, Nathan",corrected,Publication page author metadata,https://mlanthology.org/tmlr/2023/liang2023tmlr-holistic/,"Kim, Nathan",,Complete authoritative author list matches all previously listed authors; restore omitted authors in source order.
HolisticEvaluationof302,,"Guha, Neel",corrected,Publication page author metadata,https://mlanthology.org/tmlr/2023/liang2023tmlr-holistic/,"Guha, Neel",,Complete authoritative author list matches all previously listed authors; restore omitted authors in source order.
HolisticEvaluationof302,,"Chatterji, Niladri S.",corrected,Publication page author metadata,https://mlanthology.org/tmlr/2023/liang2023tmlr-holistic/,"Chatterji, Niladri S.",,Complete authoritative author list matches all previously listed authors; restore omitted authors in source order.
HolisticEvaluationof302,,"Khattab, Omar",corrected,Publication page author metadata,https://mlanthology.org/tmlr/2023/liang2023tmlr-holistic/,"Khattab, Omar",,Complete authoritative author list matches all previously listed authors; restore omitted authors in source order.
HolisticEvaluationof302,,"Henderson, Peter",corrected,Publication page author metadata,https://mlanthology.org/tmlr/2023/liang2023tmlr-holistic/,"Henderson, Peter",,Complete authoritative author list matches all previously listed authors; restore omitted authors in source order.
HolisticEvaluationof302,,"Huang, Qian",corrected,Publication page author metadata,https://mlanthology.org/tmlr/2023/liang2023tmlr-holistic/,"Huang, Qian",,Complete authoritative author list matches all previously listed authors; restore omitted authors in source order.
HolisticEvaluationof302,,"Chi, Ryan Andrew",corrected,Publication page author metadata,https://mlanthology.org/tmlr/2023/liang2023tmlr-holistic/,"Chi, Ryan Andrew",,Complete authoritative author list matches all previously listed authors; restore omitted authors in source order.
HolisticEvaluationof302,,"Xie, Sang Michael",corrected,Publication page author metadata,https://mlanthology.org/tmlr/2023/liang2023tmlr-holistic/,"Xie, Sang Michael",,Complete authoritative author list matches all previously listed authors; restore omitted authors in source order.
HolisticEvaluationof302,,"Santurkar, Shibani",corrected,Publication page author metadata,https://mlanthology.org/tmlr/2023/liang2023tmlr-holistic/,"Santurkar, Shibani",,Complete authoritative author list matches all previously listed authors; restore omitted authors in source order.
HolisticEvaluationof302,,"Ganguli, Surya",corrected,Publication page author metadata,https://mlanthology.org/tmlr/2023/liang2023tmlr-holistic/,"Ganguli, Surya",,Complete authoritative author list matches all previously listed authors; restore omitted authors in source order.
HolisticEvaluationof302,,"Hashimoto, Tatsunori",corrected,Publication page author metadata,https://mlanthology.org/tmlr/2023/liang2023tmlr-holistic/,"Hashimoto, Tatsunori",,Complete authoritative author list matches all previously listed authors; restore omitted authors in source order.
HolisticEvaluationof302,,"Icard, Thomas",corrected,Publication page author metadata,https://mlanthology.org/tmlr/2023/liang2023tmlr-holistic/,"Icard, Thomas",,Complete authoritative author list matches all previously listed authors; restore omitted authors in source order.
HolisticEvaluationof302,,"Zhang, Tianyi",corrected,Publication page author metadata,https://mlanthology.org/tmlr/2023/liang2023tmlr-holistic/,"Zhang, Tianyi",,Complete authoritative author list matches all previously listed authors; restore omitted authors in source order.
HolisticEvaluationof302,,"Chaudhary, Vishrav",corrected,Publication page author metadata,https://mlanthology.org/tmlr/2023/liang2023tmlr-holistic/,"Chaudhary, Vishrav",,Complete authoritative author list matches all previously listed authors; restore omitted authors in source order.
HolisticEvaluationof302,,"Wang, William",corrected,Publication page author metadata,https://mlanthology.org/tmlr/2023/liang2023tmlr-holistic/,"Wang, William",,Complete authoritative author list matches all previously listed authors; restore omitted authors in source order.
HolisticEvaluationof302,,"Li, Xuechen",corrected,Publication page author metadata,https://mlanthology.org/tmlr/2023/liang2023tmlr-holistic/,"Li, Xuechen",,Complete authoritative author list matches all previously listed authors; restore omitted authors in source order.
HolisticEvaluationof302,,"Mai, Yifan",corrected,Publication page author metadata,https://mlanthology.org/tmlr/2023/liang2023tmlr-holistic/,"Mai, Yifan",,Complete authoritative author list matches all previously listed authors; restore omitted authors in source order.
HolisticEvaluationof302,,"Zhang, Yuhui",corrected,Publication page author metadata,https://mlanthology.org/tmlr/2023/liang2023tmlr-holistic/,"Zhang, Yuhui",,Complete authoritative author list matches all previously listed authors; restore omitted authors in source order.
HolisticEvaluationof302,,"Koreeda, Yuta",corrected,Publication page author metadata,https://mlanthology.org/tmlr/2023/liang2023tmlr-holistic/,"Koreeda, Yuta",,Complete authoritative author list matches all previously listed authors; restore omitted authors in source order.
Howcanwedevelopexpla303,"Chazette, Larissa","Chazette, Larissa",confirmed,Publication page author metadata,https://arxiv.org/abs/2204.01438,"Chazette, Larissa",,Name matches an author of the externally matched publication; initial differences are compatible.
Howcanwedevelopexpla303,"Klünder, Jil","Klünder, Jil",confirmed,Publication page author metadata,https://arxiv.org/abs/2204.01438,"Klünder, Jil",,Name matches an author of the externally matched publication; initial differences are compatible.
Howcanwedevelopexpla303,"Balci, Merve","Balci, Merve",confirmed,Publication page author metadata,https://arxiv.org/abs/2204.01438,"Balci, Merve",,Name matches an author of the externally matched publication; initial differences are compatible.
Howcanwedevelopexpla303,"Schneider, Kurt","Schneider, Kurt",confirmed,Publication page author metadata,https://arxiv.org/abs/2204.01438,"Schneider, Kurt",,Name matches an author of the externally matched publication; initial differences are compatible.
HowCanWeFoolLIMEandS304,"Slack, Dylan","Slack, Dylan",confirmed,Publication opening-page author block,https://arxiv.org/pdf/1911.02508v1,,,Full given name and surname occur together in the matched publication author block.
HowCanWeFoolLIMEandS304,"Hilgard, Sophie","Hilgard, Sophie",confirmed,Publication opening-page author block,https://arxiv.org/pdf/1911.02508v1,,,Full given name and surname occur together in the matched publication author block.
HowCanWeFoolLIMEandS304,"Jia, Emily","Jia, Emily",confirmed,Publication opening-page author block,https://arxiv.org/pdf/1911.02508v1,,,Full given name and surname occur together in the matched publication author block.
HowCanWeFoolLIMEandS304,"Singh, Sameer","Singh, Sameer",confirmed,Publication opening-page author block,https://arxiv.org/pdf/1911.02508v1,,,Full given name and surname occur together in the matched publication author block.
HowCanWeFoolLIMEandS304,"Lakkaraju, Himabindu","Lakkaraju, Himabindu",confirmed,Publication opening-page author block,https://arxiv.org/pdf/1911.02508v1,,,Full given name and surname occur together in the matched publication author block.
Howdosoftwarearchite305,"Ameller, David","Ameller, David",confirmed,Publisher-deposited DOI author list,https://api.crossref.org/works/10.1109%2Fre.2012.6345838,"Ameller, David",,Name matches an author of the externally matched publication; initial differences are compatible.
Howdosoftwarearchite305,"Ayala, Claudia","Ayala, Claudia",confirmed,Publisher-deposited DOI author list,https://api.crossref.org/works/10.1109%2Fre.2012.6345838,"Ayala, Claudia",,Name matches an author of the externally matched publication; initial differences are compatible.
Howdosoftwarearchite305,"Cabot, Jordi","Cabot, Jordi",confirmed,Publisher-deposited DOI author list,https://api.crossref.org/works/10.1109%2Fre.2012.6345838,"Cabot, Jordi",,Name matches an author of the externally matched publication; initial differences are compatible.
Howdosoftwarearchite305,"Franch, Xavier","Franch, Xavier",confirmed,Publisher-deposited DOI author list,https://api.crossref.org/works/10.1109%2Fre.2012.6345838,"Franch, Xavier",,Name matches an author of the externally matched publication; initial differences are compatible.
Howsecureiscodegener306,"Khoury, Raphaël","Khoury, Raphaël",confirmed,Publisher-deposited DOI author list,https://api.crossref.org/works/10.1109%2Fsmc53992.2023.10394237,"Khoury, Raphaël",,Name matches an author of the externally matched publication; initial differences are compatible.
Howsecureiscodegener306,"Avila, Anderson R.","Avila, Anderson R.",confirmed,Publisher-deposited DOI author list,https://api.crossref.org/works/10.1109%2Fsmc53992.2023.10394237,"Avila, Anderson R.",,Name matches an author of the externally matched publication; initial differences are compatible.
Howsecureiscodegener306,"Brunelle, Jacob","Brunelle, Jacob",confirmed,Publisher-deposited DOI author list,https://api.crossref.org/works/10.1109%2Fsmc53992.2023.10394237,"Brunelle, Jacob",,Name matches an author of the externally matched publication; initial differences are compatible.
Howsecureiscodegener306,"Camara, Baba Mamadou","Camara, Baba Mamadou",confirmed,Publisher-deposited DOI author list,https://api.crossref.org/works/10.1109%2Fsmc53992.2023.10394237,"Camara, Baba Mamadou",,Name matches an author of the externally matched publication; initial differences are compatible.
HowtheUSPublicandAIE307,"McClain, Colleen","McClain, Colleen",confirmed,Publication page author metadata,https://www.pewresearch.org/internet/2025/04/03/how-the-us-public-and-ai-experts-view-artificial-intelligence/,"McClain, Colleen",,Name matches an author of the externally matched publication; initial differences are compatible.
HowtheUSPublicandAIE307,"Kennedy, Brian","Kennedy, Brian",confirmed,Publication page author metadata,https://www.pewresearch.org/internet/2025/04/03/how-the-us-public-and-ai-experts-view-artificial-intelligence/,"Kennedy, Brian",,Name matches an author of the externally matched publication; initial differences are compatible.
HowtheUSPublicandAIE307,"Gottfried, Jeffrey","Gottfried, Jeffrey",confirmed,Publication page author metadata,https://www.pewresearch.org/internet/2025/04/03/how-the-us-public-and-ai-experts-view-artificial-intelligence/,"Gottfried, Jeffrey",,Name matches an author of the externally matched publication; initial differences are compatible.
HowtheUSPublicandAIE307,"Anderson, Monica","Anderson, Monica",confirmed,Publication page author metadata,https://www.pewresearch.org/internet/2025/04/03/how-the-us-public-and-ai-experts-view-artificial-intelligence/,"Anderson, Monica",,Name matches an author of the externally matched publication; initial differences are compatible.
HowtheUSPublicandAIE307,"Pasquini, Giancarlo","Pasquini, Giancarlo",confirmed,Publication page author metadata,https://www.pewresearch.org/internet/2025/04/03/how-the-us-public-and-ai-experts-view-artificial-intelligence/,"Pasquini, Giancarlo",,Name matches an author of the externally matched publication; initial differences are compatible.
HumanAITeamingStateo308,"National Academies of Sciences, Engineering","National Academies of Sciences, Engineering",unverified,,,,,No sufficient publication-specific author evidence found.
HumanAITeamingStateo308,Medicine,Medicine,unverified,,,,,No sufficient publication-specific author evidence found.
HumanCalibratedAutom309,"Sudjianto, Agus","Sudjianto, Agus",confirmed,Publication page author metadata,https://arxiv.org/abs/2411.16391,"Sudjianto, Agus",,Name matches an author of the externally matched publication; initial differences are compatible.
HumanCalibratedAutom309,"Zhang, Aijun","Zhang, Aijun",confirmed,Publication page author metadata,https://arxiv.org/abs/2411.16391,"Zhang, Aijun",,Name matches an author of the externally matched publication; initial differences are compatible.
HumanCalibratedAutom309,"Neppalli, Srinivas","Neppalli, Srinivas",confirmed,Publication page author metadata,https://arxiv.org/abs/2411.16391,"Neppalli, Srinivas",,Name matches an author of the externally matched publication; initial differences are compatible.
HumanCalibratedAutom309,"Joshi, Tarun","Joshi, Tarun",confirmed,Publication page author metadata,https://arxiv.org/abs/2411.16391,"Joshi, Tarun",,Name matches an author of the externally matched publication; initial differences are compatible.
HumanCalibratedAutom309,"Malohlava, Michal","Malohlava, Michal",confirmed,Publication page author metadata,https://arxiv.org/abs/2411.16391,"Malohlava, Michal",,Name matches an author of the externally matched publication; initial differences are compatible.
HumanCalibratedAutom310,"Sudjianto, Agus","Sudjianto, Agus",confirmed,Publication opening-page author block,https://arxiv.org/pdf/2411.16391,,,Full given name and surname occur together in the matched publication author block.
HumanCalibratedAutom310,"Neppalli, Srinivas","Neppalli, Srinivas",confirmed,Publication opening-page author block,https://arxiv.org/pdf/2411.16391,,,Full given name and surname occur together in the matched publication author block.
HumanCentredMachineL311,"Gillies, Marco","Gillies, Marco",confirmed,Publisher-deposited DOI author list,https://api.crossref.org/works/10.1145%2F2851581.2856492,"Gillies, Marco",,Complete authoritative author list matches all previously listed authors; restore omitted authors in source order.
HumanCentredMachineL311,"Fiebrink, Rebecca","Fiebrink, Rebecca",confirmed,Publisher-deposited DOI author list,https://api.crossref.org/works/10.1145%2F2851581.2856492,"Fiebrink, Rebecca",,Complete authoritative author list matches all previously listed authors; restore omitted authors in source order.
HumanCentredMachineL311,"Tanaka, Atau","Tanaka, Atau",confirmed,Publisher-deposited DOI author list,https://api.crossref.org/works/10.1145%2F2851581.2856492,"Tanaka, Atau",,Complete authoritative author list matches all previously listed authors; restore omitted authors in source order.
HumanCentredMachineL311,"Garcia, J{\'e}r{\'e}mie","Garcia, J{\'e}r{\'e}mie",confirmed,Publisher-deposited DOI author list,https://api.crossref.org/works/10.1145%2F2851581.2856492,"Garcia, Jérémie",,Complete authoritative author list matches all previously listed authors; restore omitted authors in source order.
HumanCentredMachineL311,"Bevilacqua, Fr{\'e}d{\'e}ric","Bevilacqua, Fr{\'e}d{\'e}ric",confirmed,Publisher-deposited DOI author list,https://api.crossref.org/works/10.1145%2F2851581.2856492,"Bevilacqua, Frédéric",,Complete authoritative author list matches all previously listed authors; restore omitted authors in source order.
HumanCentredMachineL311,"Heloir, Alexis","Heloir, Alexis",confirmed,Publisher-deposited DOI author list,https://api.crossref.org/works/10.1145%2F2851581.2856492,"Heloir, Alexis",,Complete authoritative author list matches all previously listed authors; restore omitted authors in source order.
HumanCentredMachineL311,"Nunnari, Fabrizio","Nunnari, Fabrizio",confirmed,Publisher-deposited DOI author list,https://api.crossref.org/works/10.1145%2F2851581.2856492,"Nunnari, Fabrizio",,Complete authoritative author list matches all previously listed authors; restore omitted authors in source order.
HumanCentredMachineL311,"Mackay, Wendy","Mackay, Wendy",confirmed,Publisher-deposited DOI author list,https://api.crossref.org/works/10.1145%2F2851581.2856492,"Mackay, Wendy",,Complete authoritative author list matches all previously listed authors; restore omitted authors in source order.
HumanCentredMachineL311,"Amershi, Saleema","Amershi, Saleema",confirmed,Publisher-deposited DOI author list,https://api.crossref.org/works/10.1145%2F2851581.2856492,"Amershi, Saleema",,Complete authoritative author list matches all previously listed authors; restore omitted authors in source order.
HumanCentredMachineL311,"Lee, Bongshin","Lee, Bongshin",confirmed,Publisher-deposited DOI author list,https://api.crossref.org/works/10.1145%2F2851581.2856492,"Lee, Bongshin",,Complete authoritative author list matches all previously listed authors; restore omitted authors in source order.
HumanCentredMachineL311,,"d'Alessandro, Nicolas",corrected,Publisher-deposited DOI author list,https://api.crossref.org/works/10.1145%2F2851581.2856492,"d'Alessandro, Nicolas",,Complete authoritative author list matches all previously listed authors; restore omitted authors in source order.
HumanCentredMachineL311,,"Tilmanne, Joëlle",corrected,Publisher-deposited DOI author list,https://api.crossref.org/works/10.1145%2F2851581.2856492,"Tilmanne, Joëlle",,Complete authoritative author list matches all previously listed authors; restore omitted authors in source order.
HumanCentredMachineL311,,"Kulesza, Todd",corrected,Publisher-deposited DOI author list,https://api.crossref.org/works/10.1145%2F2851581.2856492,"Kulesza, Todd",,Complete authoritative author list matches all previously listed authors; restore omitted authors in source order.
HumanCentredMachineL311,,"Caramiaux, Baptiste",corrected,Publisher-deposited DOI author list,https://api.crossref.org/works/10.1145%2F2851581.2856492,"Caramiaux, Baptiste",,Complete authoritative author list matches all previously listed authors; restore omitted authors in source order.
IBMDesignforAI312,{IBM},{IBM},unverified,,,,,No sufficient publication-specific author evidence found.
IdeasonInterpretingm313,"Hall, Patrick","Hall, Patrick",confirmed,Publication page author metadata,https://www.oreilly.com/radar/ideas-on-interpreting-machine-learning/,"Hall, Patrick",,Name matches an author of the externally matched publication; initial differences are compatible.
IdeasonInterpretingm313,"Phan, Wen","Phan, Wen",confirmed,Publication page author metadata,https://www.oreilly.com/radar/ideas-on-interpreting-machine-learning/,"Phan, Wen",,Name matches an author of the externally matched publication; initial differences are compatible.
IdeasonInterpretingm313,"Ambati, Sri Satish","Ambati, Sri Satish",unverified,,,,,No sufficient publication-specific author evidence found.
IdentifyingandElimin314,"Thiel, D.","Thiel, David",corrected,Publication page author metadata,https://purl.stanford.edu/kh752sm9123,"Thiel, David",,Name matches an author of the externally matched publication; initial differences are compatible.
IdentifyingtheEconom315,"Lutes, Brent","Lutes, Brent",confirmed,Publisher-deposited DOI author list,https://api.crossref.org/works/10.2139%2Fssrn.5143605,"Lutes, Brent",,Name matches an author of the externally matched publication; initial differences are compatible.
IdentifyingtheEconom315,"Gans, Joshua","Gans, Joshua",confirmed,Publisher-deposited DOI author list,https://api.crossref.org/works/10.2139%2Fssrn.5143605,"Gans, Joshua",,Name matches an author of the externally matched publication; initial differences are compatible.
IdentifyingtheEconom315,"Greenstein, Shane","Greenstein, Shane",confirmed,Publisher-deposited DOI author list,https://api.crossref.org/works/10.2139%2Fssrn.5143605,"Greenstein, Shane",https://orcid.org/0000-0001-7015-9568,Name matches an author of the externally matched publication; initial differences are compatible.
IdentifyingtheEconom315,"Jaffe, Adam B.","Jaffe, Adam B.",confirmed,Publisher-deposited DOI author list,https://api.crossref.org/works/10.2139%2Fssrn.5143605,"Jaffe, Adam B.",https://orcid.org/0000-0003-1337-1751,Name matches an author of the externally matched publication; initial differences are compatible.
IdentifyingtheEconom315,"Nagaraj, Abhishek","Nagaraj, Abhishek",confirmed,Publisher-deposited DOI author list,https://api.crossref.org/works/10.2139%2Fssrn.5143605,"Nagaraj, Abhishek",,Name matches an author of the externally matched publication; initial differences are compatible.
IdentifyingtheEconom315,"Reimers, Imke","Reimers, Imke",confirmed,Publisher-deposited DOI author list,https://api.crossref.org/works/10.2139%2Fssrn.5143605,"Reimers, Imke",https://orcid.org/0000-0001-8426-5230,Name matches an author of the externally matched publication; initial differences are compatible.
IdentifyingtheEconom315,"Smith, Michael D.","Smith, Michael D.",confirmed,Publisher-deposited DOI author list,https://api.crossref.org/works/10.2139%2Fssrn.5143605,"Smith, Michael D.",https://orcid.org/0000-0001-6844-7923,Name matches an author of the externally matched publication; initial differences are compatible.
IdentifyingtheEconom315,"Telang, Rahul","Telang, Rahul",confirmed,Publisher-deposited DOI author list,https://api.crossref.org/works/10.2139%2Fssrn.5143605,"Telang, Rahul",,Name matches an author of the externally matched publication; initial differences are compatible.
IdentifyingtheEconom315,"Tucker, Catherine E.","Tucker, Catherine E.",confirmed,Publisher-deposited DOI author list,https://api.crossref.org/works/10.2139%2Fssrn.5143605,"Tucker, Catherine E.",https://orcid.org/0000-0002-1847-4832,Name matches an author of the externally matched publication; initial differences are compatible.
IdentifyingtheEconom315,"Waldfogel, Joel","Waldfogel, Joel",confirmed,Publisher-deposited DOI author list,https://api.crossref.org/works/10.2139%2Fssrn.5143605,"Waldfogel, Joel",,Name matches an author of the externally matched publication; initial differences are compatible.
IEEEStandardforSyste316,,,unverified,No author supplied,,,,Author field is empty; no supported author list found.
ImageNetClassificati317,"Krizhevsky, Alex","Krizhevsky, Alex",confirmed,Publication opening-page author block,https://proceedings.neurips.cc/paper_files/paper/2012/file/c399862d3b9d6b76c8436e924a68c45b-Paper.pdf,,,Full given name and surname occur together in the matched publication author block.
ImageNetClassificati317,"Sutskever, Ilya","Sutskever, Ilya",confirmed,Publication opening-page author block,https://proceedings.neurips.cc/paper_files/paper/2012/file/c399862d3b9d6b76c8436e924a68c45b-Paper.pdf,,,Full given name and surname occur together in the matched publication author block.
ImageNetClassificati317,"Hinton, Geoffrey E","Hinton, Geoffrey E",confirmed,Publication opening-page author block,https://proceedings.neurips.cc/paper_files/paper/2012/file/c399862d3b9d6b76c8436e924a68c45b-Paper.pdf,,,Full given name and surname occur together in the matched publication author block.
ImageNetLargeScaleVi318,"Russakovsky, Olga","Russakovsky, Olga",confirmed,Publisher-deposited DOI author list,https://api.crossref.org/works/10.1007%2Fs11263-015-0816-y,"Russakovsky, Olga",,Name matches an author of the externally matched publication; initial differences are compatible.
ImageNetLargeScaleVi318,"Deng, Jia","Deng, Jia",confirmed,Publisher-deposited DOI author list,https://api.crossref.org/works/10.1007%2Fs11263-015-0816-y,"Deng, Jia",,Name matches an author of the externally matched publication; initial differences are compatible.
ImageNetLargeScaleVi318,"Su, Hao","Su, Hao",confirmed,Publisher-deposited DOI author list,https://api.crossref.org/works/10.1007%2Fs11263-015-0816-y,"Su, Hao",,Name matches an author of the externally matched publication; initial differences are compatible.
ImageNetLargeScaleVi318,"Krause, Jonathan","Krause, Jonathan",confirmed,Publisher-deposited DOI author list,https://api.crossref.org/works/10.1007%2Fs11263-015-0816-y,"Krause, Jonathan",,Name matches an author of the externally matched publication; initial differences are compatible.
ImageNetLargeScaleVi318,"Satheesh, Sanjeev","Satheesh, Sanjeev",confirmed,Publisher-deposited DOI author list,https://api.crossref.org/works/10.1007%2Fs11263-015-0816-y,"Satheesh, Sanjeev",,Name matches an author of the externally matched publication; initial differences are compatible.
ImageNetLargeScaleVi318,"Ma, Sean","Ma, Sean",confirmed,Publisher-deposited DOI author list,https://api.crossref.org/works/10.1007%2Fs11263-015-0816-y,"Ma, Sean",,Name matches an author of the externally matched publication; initial differences are compatible.
ImageNetLargeScaleVi318,"Huang, Zhiheng","Huang, Zhiheng",confirmed,Publisher-deposited DOI author list,https://api.crossref.org/works/10.1007%2Fs11263-015-0816-y,"Huang, Zhiheng",,Name matches an author of the externally matched publication; initial differences are compatible.
ImageNetLargeScaleVi318,"Karpathy, Andrej","Karpathy, Andrej",confirmed,Publisher-deposited DOI author list,https://api.crossref.org/works/10.1007%2Fs11263-015-0816-y,"Karpathy, Andrej",,Name matches an author of the externally matched publication; initial differences are compatible.
ImageNetLargeScaleVi318,"Khosla, Aditya","Khosla, Aditya",confirmed,Publisher-deposited DOI author list,https://api.crossref.org/works/10.1007%2Fs11263-015-0816-y,"Khosla, Aditya",,Name matches an author of the externally matched publication; initial differences are compatible.
ImageNetLargeScaleVi318,"Bernstein, Michael","Bernstein, Michael",confirmed,Publisher-deposited DOI author list,https://api.crossref.org/works/10.1007%2Fs11263-015-0816-y,"Bernstein, Michael",,Name matches an author of the externally matched publication; initial differences are compatible.
ImageNetLargeScaleVi318,"Berg, Alexander C.","Berg, Alexander C.",confirmed,Publisher-deposited DOI author list,https://api.crossref.org/works/10.1007%2Fs11263-015-0816-y,"Berg, Alexander C.",,Name matches an author of the externally matched publication; initial differences are compatible.
ImageNetLargeScaleVi318,"Fei-Fei, Li","Fei-Fei, Li",confirmed,Publisher-deposited DOI author list,https://api.crossref.org/works/10.1007%2Fs11263-015-0816-y,"Fei-Fei, Li",,Name matches an author of the externally matched publication; initial differences are compatible.
ImagenetAlargescaleh319,"Deng, Jia","Deng, Jia",confirmed,Publisher-deposited DOI author list,https://api.crossref.org/works/10.1109%2FCVPR.2009.5206848,"Deng, Jia",,Name matches an author of the externally matched publication; initial differences are compatible.
ImagenetAlargescaleh319,"Dong, Wei","Dong, Wei",confirmed,Publisher-deposited DOI author list,https://api.crossref.org/works/10.1109%2FCVPR.2009.5206848,"Dong, Wei",,Name matches an author of the externally matched publication; initial differences are compatible.
ImagenetAlargescaleh319,"Socher, Richard","Socher, Richard",confirmed,Publisher-deposited DOI author list,https://api.crossref.org/works/10.1109%2FCVPR.2009.5206848,"Socher, Richard",,Name matches an author of the externally matched publication; initial differences are compatible.
ImagenetAlargescaleh319,"Li, Li-Jia","Li, Li-Jia",confirmed,Publisher-deposited DOI author list,https://api.crossref.org/works/10.1109%2FCVPR.2009.5206848,"Li, Li-Jia",,Name matches an author of the externally matched publication; initial differences are compatible.
ImagenetAlargescaleh319,"Li, Kai","Li, Kai",unverified,,,,,No sufficient publication-specific author evidence found.
ImagenetAlargescaleh319,"Fei-Fei, Li","Fei-Fei, Li",unverified,,,,,No sufficient publication-specific author evidence found.
ImplementingAIBillof320,"Bennet, Karen","Bennet, Karen",confirmed,Publication page author metadata,https://arxiv.org/abs/2504.16743,"Bennet, Karen",,Name matches an author of the externally matched publication; initial differences are compatible.
ImplementingAIBillof320,"Rajbahadur, Gopi Krishnan","Rajbahadur, Gopi Krishnan",confirmed,Publication page author metadata,https://arxiv.org/abs/2504.16743,"Rajbahadur, Gopi Krishnan",,Name matches an author of the externally matched publication; initial differences are compatible.
ImplementingAIBillof320,"Suriyawongkul, Arthit","Suriyawongkul, Arthit",confirmed,Publication page author metadata,https://arxiv.org/abs/2504.16743,"Suriyawongkul, Arthit",,Name matches an author of the externally matched publication; initial differences are compatible.
ImplementingAIBillof320,"Stewart, Kate","Stewart, Kate",confirmed,Publication page author metadata,https://arxiv.org/abs/2504.16743,"Stewart, Kate",,Name matches an author of the externally matched publication; initial differences are compatible.
Improvingneuralnetwo321,"Hinton, G. E.","Hinton, Geoffrey E.",corrected,Publication page author metadata,https://arxiv.org/abs/1207.0580,"Hinton, Geoffrey E.",,Name matches an author of the externally matched publication; initial differences are compatible.
Improvingneuralnetwo321,"Srivastava, N.","Srivastava, Nitish",corrected,Publication page author metadata,https://arxiv.org/abs/1207.0580,"Srivastava, Nitish",,Name matches an author of the externally matched publication; initial differences are compatible.
Improvingneuralnetwo321,"Krizhevsky, A.","Krizhevsky, Alex",corrected,Publication page author metadata,https://arxiv.org/abs/1207.0580,"Krizhevsky, Alex",,Name matches an author of the externally matched publication; initial differences are compatible.
Improvingneuralnetwo321,"Sutskever, I.","Sutskever, Ilya",corrected,Publication page author metadata,https://arxiv.org/abs/1207.0580,"Sutskever, Ilya",,Name matches an author of the externally matched publication; initial differences are compatible.
Improvingneuralnetwo321,"Salakhutdinov, R. R.","Salakhutdinov, Ruslan R.",corrected,Publication page author metadata,https://arxiv.org/abs/1207.0580,"Salakhutdinov, Ruslan R.",,Name matches an author of the externally matched publication; initial differences are compatible.
ImprovingReproducibi322,"Pineau, Joelle","Pineau, Joelle",confirmed,Publication opening-page author block,https://www.jmlr.org/papers/volume22/20-303/20-303.pdf,,,Full given name and surname occur together in the matched publication author block.
ImprovingReproducibi322,"Vincent-Lamarre, Philippe","Vincent-Lamarre, Philippe",confirmed,Publication opening-page author block,https://www.jmlr.org/papers/volume22/20-303/20-303.pdf,,,Full given name and surname occur together in the matched publication author block.
ImprovingReproducibi322,"Sinha, Koustuv","Sinha, Koustuv",confirmed,Publication opening-page author block,https://www.jmlr.org/papers/volume22/20-303/20-303.pdf,,,Full given name and surname occur together in the matched publication author block.
ImprovingReproducibi322,"Larivi{\`e}re, Vincent","Larivi{\`e}re, Vincent",confirmed,Publication opening-page author block,https://www.jmlr.org/papers/volume22/20-303/20-303.pdf,,,Full given name and surname occur together in the matched publication author block.
ImprovingReproducibi322,"Beygelzimer, Alina","Beygelzimer, Alina",confirmed,Publication opening-page author block,https://www.jmlr.org/papers/volume22/20-303/20-303.pdf,,,Full given name and surname occur together in the matched publication author block.
ImprovingReproducibi322,"d'Alch{\'e}-Buc, Florence","d'Alch{\'e}-Buc, Florence",confirmed,Publication opening-page author block,https://www.jmlr.org/papers/volume22/20-303/20-303.pdf,,,Full given name and surname occur together in the matched publication author block.
ImprovingReproducibi322,"Fox, Emily","Fox, Emily",confirmed,Publication opening-page author block,https://www.jmlr.org/papers/volume22/20-303/20-303.pdf,,,Full given name and surname occur together in the matched publication author block.
ImprovingReproducibi322,"Larochelle, Hugo","Larochelle, Hugo",confirmed,Publication opening-page author block,https://www.jmlr.org/papers/volume22/20-303/20-303.pdf,,,Full given name and surname occur together in the matched publication author block.
Incentivesandtherepl323,"Balafoutas, Loukas","Balafoutas, Loukas",confirmed,Publisher-deposited DOI author list,https://api.crossref.org/works/10.1016%2Fj.socec.2024.102327,"Balafoutas, Loukas",,Name matches an author of the externally matched publication; initial differences are compatible.
Incentivesandtherepl323,"Celse, Jeremy","Celse, Jeremy",confirmed,Publisher-deposited DOI author list,https://api.crossref.org/works/10.1016%2Fj.socec.2024.102327,"Celse, Jeremy",,Name matches an author of the externally matched publication; initial differences are compatible.
Incentivesandtherepl323,"Karakostas, Alexandros","Karakostas, Alexandros",confirmed,Publisher-deposited DOI author list,https://api.crossref.org/works/10.1016%2Fj.socec.2024.102327,"Karakostas, Alexandros",https://orcid.org/0000-0003-2202-4815,Name matches an author of the externally matched publication; initial differences are compatible.
Incentivesandtherepl323,"Umashev, Nicholas","Umashev, Nicholas",confirmed,Publisher-deposited DOI author list,https://api.crossref.org/works/10.1016%2Fj.socec.2024.102327,"Umashev, Nicholas",,Name matches an author of the externally matched publication; initial differences are compatible.
InherentTradeOffsint324,"Kleinberg, Jon","Kleinberg, Jon",confirmed,Publication page author metadata,https://drops.dagstuhl.de/entities/document/10.4230/LIPIcs.ITCS.2017.43,"Kleinberg, Jon",,Name matches an author of the externally matched publication; initial differences are compatible.
InherentTradeOffsint324,"Mullainathan, Sendhil","Mullainathan, Sendhil",confirmed,Publication page author metadata,https://drops.dagstuhl.de/entities/document/10.4230/LIPIcs.ITCS.2017.43,"Mullainathan, Sendhil",,Name matches an author of the externally matched publication; initial differences are compatible.
InherentTradeOffsint324,"Raghavan, Manish","Raghavan, Manish",confirmed,Publication page author metadata,https://drops.dagstuhl.de/entities/document/10.4230/LIPIcs.ITCS.2017.43,"Raghavan, Manish",,Name matches an author of the externally matched publication; initial differences are compatible.
InnovationSpotlightP325,"Ficklin, P.A.","Ficklin, P.A.",unverified,,,,,No sufficient publication-specific author evidence found.
InnovationSpotlightP325,"Pahl, T.","Pahl, T.",unverified,,,,,No sufficient publication-specific author evidence found.
InnovationSpotlightP325,"Watkins, P.","Watkins, P.",unverified,,,,,No sufficient publication-specific author evidence found.
Interannotatoragreem326,"Duran, Nathan","Duran, Nathan",confirmed,Publisher-deposited DOI author list,https://api.crossref.org/works/10.1080%2F19312458.2021.2020229,"Duran, Nathan",https://orcid.org/0000-0001-6084-4406,Name matches an author of the externally matched publication; initial differences are compatible.
Interannotatoragreem326,"Battle, Steve","Battle, Steve",confirmed,Publisher-deposited DOI author list,https://api.crossref.org/works/10.1080%2F19312458.2021.2020229,"Battle, Steve",https://orcid.org/0000-0002-7154-7869,Name matches an author of the externally matched publication; initial differences are compatible.
Interannotatoragreem326,"Smith, Jim","Smith, Jim",confirmed,Publisher-deposited DOI author list,https://api.crossref.org/works/10.1080%2F19312458.2021.2020229,"Smith, Jim",https://orcid.org/0000-0001-7908-1859,Name matches an author of the externally matched publication; initial differences are compatible.
Interraterreliabilit327,"Gwet, K.L.","Gwet, K.L.",unverified,,,,,No sufficient publication-specific author evidence found.
Interpretability328,"Williams, Mike","Williams, Mike",unverified,,,,,No sufficient publication-specific author evidence found.
Interpretability328,others,others,unverified,,,,,No sufficient publication-specific author evidence found.
InterpretableMachine329,"Molnar, Christoph","Molnar, Christoph",unverified,,,,,No sufficient publication-specific author evidence found.
InterpretableMachine330,"Murdoch, W. James","Murdoch, W. James",confirmed,Publication page author metadata,https://arxiv.org/abs/1901.04592,"Murdoch, W. James",,Name matches an author of the externally matched publication; initial differences are compatible.
InterpretableMachine330,"Singh, Chandan","Singh, Chandan",confirmed,Publication page author metadata,https://arxiv.org/abs/1901.04592,"Singh, Chandan",,Name matches an author of the externally matched publication; initial differences are compatible.
InterpretableMachine330,"Kumbier, Karl","Kumbier, Karl",confirmed,Publication page author metadata,https://arxiv.org/abs/1901.04592,"Kumbier, Karl",,Name matches an author of the externally matched publication; initial differences are compatible.
InterpretableMachine330,"Abbasi-Asl, Reza","Abbasi-Asl, Reza",confirmed,Publication page author metadata,https://arxiv.org/abs/1901.04592,"Abbasi-Asl, Reza",,Name matches an author of the externally matched publication; initial differences are compatible.
InterpretableMachine330,"Yu, Bin","Yu, Bin",confirmed,Publication page author metadata,https://arxiv.org/abs/1901.04592,"Yu, Bin",,Name matches an author of the externally matched publication; initial differences are compatible.
InterpretabletoWhomA331,"Tomsett, Richard","Tomsett, Richard",confirmed,Publication page author metadata,https://arxiv.org/abs/1806.07552,"Tomsett, Richard",,Name matches an author of the externally matched publication; initial differences are compatible.
InterpretabletoWhomA331,"Braines, Dave","Braines, Dave",confirmed,Publication page author metadata,https://arxiv.org/abs/1806.07552,"Braines, Dave",,Name matches an author of the externally matched publication; initial differences are compatible.
InterpretabletoWhomA331,"Harborne, Dan","Harborne, Dan",confirmed,Publication page author metadata,https://arxiv.org/abs/1806.07552,"Harborne, Dan",,Name matches an author of the externally matched publication; initial differences are compatible.
InterpretabletoWhomA331,"Preece, Alun","Preece, Alun",confirmed,Publication page author metadata,https://arxiv.org/abs/1806.07552,"Preece, Alun",,Name matches an author of the externally matched publication; initial differences are compatible.
InterpretabletoWhomA331,"Chakraborty, Supriyo","Chakraborty, Supriyo",confirmed,Publication page author metadata,https://arxiv.org/abs/1806.07552,"Chakraborty, Supriyo",,Name matches an author of the externally matched publication; initial differences are compatible.
Interpretingblackbox332,"Bastani, Osbert","Bastani, Osbert",confirmed,Publication page author metadata,https://arxiv.org/abs/1705.08504,"Bastani, Osbert",,Name matches an author of the externally matched publication; initial differences are compatible.
Interpretingblackbox332,"Kim, Carolyn","Kim, Carolyn",confirmed,Publication page author metadata,https://arxiv.org/abs/1705.08504,"Kim, Carolyn",,Name matches an author of the externally matched publication; initial differences are compatible.
Interpretingblackbox332,"Bastani, Hamsa","Bastani, Hamsa",confirmed,Publication page author metadata,https://arxiv.org/abs/1705.08504,"Bastani, Hamsa",,Name matches an author of the externally matched publication; initial differences are compatible.
InterpretingtheRepea333,"Yona, Itay","Yona, Itay",confirmed,Publication page author metadata,https://arxiv.org/abs/2503.08908,"Yona, Itay",,Name matches an author of the externally matched publication; initial differences are compatible.
InterpretingtheRepea333,"Shumailov, Ilia","Shumailov, Ilia",confirmed,Publication page author metadata,https://arxiv.org/abs/2503.08908,"Shumailov, Ilia",,Name matches an author of the externally matched publication; initial differences are compatible.
InterpretingtheRepea333,"Hayes, Jamie","Hayes, Jamie",confirmed,Publication page author metadata,https://arxiv.org/abs/2503.08908,"Hayes, Jamie",,Name matches an author of the externally matched publication; initial differences are compatible.
InterpretingtheRepea333,and Yossi Gandelsman,"Gandelsman, Yossi",corrected,Reviewed publication-specific name evidence,https://arxiv.org/abs/2503.08908,"Gandelsman, Yossi",,Publication metadata identifies Yossi Gandelsman; remove duplicated and prefix and parse surname first.
Interraterreliabilit334,"McHugh, Mary L.","McHugh, Mary L.",unverified,,,,,No sufficient publication-specific author evidence found.
Intraclasscorrelatio335,"Liljequist, David","Liljequist, David",confirmed,Publisher-deposited DOI author list,https://api.crossref.org/works/10.1371%2Fjournal.pone.0219854,"Liljequist, David",https://orcid.org/0000-0002-7790-4863,Name matches an author of the externally matched publication; initial differences are compatible.
Intraclasscorrelatio335,"Elfving, Britt","Elfving, Britt",confirmed,Publisher-deposited DOI author list,https://api.crossref.org/works/10.1371%2Fjournal.pone.0219854,"Elfving, Britt",,Name matches an author of the externally matched publication; initial differences are compatible.
Intraclasscorrelatio335,"Skavberg Roaldsen, Kirsti","Skavberg Roaldsen, Kirsti",confirmed,Publisher-deposited DOI author list,https://api.crossref.org/works/10.1371%2Fjournal.pone.0219854,"Skavberg Roaldsen, Kirsti",,Name matches an author of the externally matched publication; initial differences are compatible.
IntriguingProperties336,"Szegedy, Christian","Szegedy, Christian",confirmed,Publication page author metadata,https://arxiv.org/abs/1312.6199,"Szegedy, Christian",,Name matches an author of the externally matched publication; initial differences are compatible.
IntriguingProperties336,"Zaremba, Wojciech","Zaremba, Wojciech",confirmed,Publication page author metadata,https://arxiv.org/abs/1312.6199,"Zaremba, Wojciech",,Name matches an author of the externally matched publication; initial differences are compatible.
IntriguingProperties336,"Sutskever, Ilya","Sutskever, Ilya",confirmed,Publication page author metadata,https://arxiv.org/abs/1312.6199,"Sutskever, Ilya",,Name matches an author of the externally matched publication; initial differences are compatible.
IntriguingProperties336,"Bruna, Joan","Bruna, Joan",confirmed,Publication page author metadata,https://arxiv.org/abs/1312.6199,"Bruna, Joan",,Name matches an author of the externally matched publication; initial differences are compatible.
IntriguingProperties336,"Erhan, Dumitru","Erhan, Dumitru",confirmed,Publication page author metadata,https://arxiv.org/abs/1312.6199,"Erhan, Dumitru",,Name matches an author of the externally matched publication; initial differences are compatible.
IntriguingProperties336,"Goodfellow, Ian","Goodfellow, Ian",confirmed,Publication page author metadata,https://arxiv.org/abs/1312.6199,"Goodfellow, Ian",,Name matches an author of the externally matched publication; initial differences are compatible.
IntriguingProperties336,"Fergus, Rob","Fergus, Rob",confirmed,Publication page author metadata,https://arxiv.org/abs/1312.6199,"Fergus, Rob",,Name matches an author of the externally matched publication; initial differences are compatible.
IntroducingTwittersF337,"Chowdhury, R.","Chowdhury, R.",unverified,,,,,No sufficient publication-specific author evidence found.
IntroducingTwittersF337,"Williams, J.","Williams, J.",unverified,,,,,No sufficient publication-specific author evidence found.
InvestigatingRiskUnc338,"M{\""u}ller, Marcus","M{\""u}ller, Marcus",confirmed,Publisher-deposited DOI author list,https://api.crossref.org/works/10.1007%2F978-3-319-95852-1_13,"Müller, Marcus",,Name matches an author of the externally matched publication; initial differences are compatible.
InvestigatingRiskUnc338,"Stegmeier, J{\""o}rn","Stegmeier, J{\""o}rn",confirmed,Publisher-deposited DOI author list,https://api.crossref.org/works/10.1007%2F978-3-319-95852-1_13,"Stegmeier, Jörn",,Name matches an author of the externally matched publication; initial differences are compatible.
Isriskanalysisscient339,"Hansson, Sven Ove","Hansson, Sven Ove",confirmed,Publisher-deposited DOI author list,https://api.crossref.org/works/10.1111%2Frisa.12230,"Hansson, Sven Ove",,Name matches an author of the externally matched publication; initial differences are compatible.
Isriskanalysisscient339,"Aven, Terje","Aven, Terje",confirmed,Publisher-deposited DOI author list,https://api.crossref.org/works/10.1111%2Frisa.12230,"Aven, Terje",,Name matches an author of the externally matched publication; initial differences are compatible.
ISO353412006Statisti340,{ISO},{ISO},unverified,,,,,No sufficient publication-specific author evidence found.
ISOIEC420012023Artif341,{ISO},{ISO},unverified,,,,,No sufficient publication-specific author evidence found.
ISOIEC420052025Infor342,{ISO},{ISO},unverified,,,,,No sufficient publication-specific author evidence found.
IsoprenoidBiosynthes343,"Leon, Annette","Leon, Annette",confirmed,Publisher-deposited DOI author list,https://api.crossref.org/works/10.1021%2Fjm060492b,"Leon, Annette",,Name matches an author of the externally matched publication; initial differences are compatible.
IsoprenoidBiosynthes343,"Liu, Lei","Liu, Lei",confirmed,Publisher-deposited DOI author list,https://api.crossref.org/works/10.1021%2Fjm060492b,"Liu, Lei",,Name matches an author of the externally matched publication; initial differences are compatible.
IsoprenoidBiosynthes343,"Yang, Yan","Yang, Yan",confirmed,Publisher-deposited DOI author list,https://api.crossref.org/works/10.1021%2Fjm060492b,"Yang, Yan",,Name matches an author of the externally matched publication; initial differences are compatible.
IsoprenoidBiosynthes343,"Hudock, Michael P.","Hudock, Michael P.",confirmed,Publisher-deposited DOI author list,https://api.crossref.org/works/10.1021%2Fjm060492b,"Hudock, Michael P.",,Name matches an author of the externally matched publication; initial differences are compatible.
IsoprenoidBiosynthes343,"Hall, Patrick","Hall, Patrick",confirmed,Publisher-deposited DOI author list,https://api.crossref.org/works/10.1021%2Fjm060492b,"Hall, Patrick",,Name matches an author of the externally matched publication; initial differences are compatible.
IsoprenoidBiosynthes343,"Yin, Fenglin","Yin, Fenglin",confirmed,Publisher-deposited DOI author list,https://api.crossref.org/works/10.1021%2Fjm060492b,"Yin, Fenglin",,Name matches an author of the externally matched publication; initial differences are compatible.
IsoprenoidBiosynthes343,"Studer, Danielle","Studer, Danielle",confirmed,Publisher-deposited DOI author list,https://api.crossref.org/works/10.1021%2Fjm060492b,"Studer, Danielle",,Name matches an author of the externally matched publication; initial differences are compatible.
IsoprenoidBiosynthes343,"Puan, Kia-Joo","Puan, Kia-Joo",confirmed,Publisher-deposited DOI author list,https://api.crossref.org/works/10.1021%2Fjm060492b,"Puan, Kia-Joo",,Name matches an author of the externally matched publication; initial differences are compatible.
IsoprenoidBiosynthes343,"Morita, Craig T.","Morita, Craig T.",confirmed,Publisher-deposited DOI author list,https://api.crossref.org/works/10.1021%2Fjm060492b,"Morita, Craig T.",,Name matches an author of the externally matched publication; initial differences are compatible.
IsoprenoidBiosynthes343,"Oldfield, Eric","Oldfield, Eric",confirmed,Publisher-deposited DOI author list,https://api.crossref.org/works/10.1021%2Fjm060492b,"Oldfield, Eric",,Name matches an author of the externally matched publication; initial differences are compatible.
IssueBenchMillionsof344,"R{\""""o}ttger, Paul","R{\""""o}ttger, Paul",confirmed,Publisher-deposited DOI author list,https://api.crossref.org/works/10.1162%2FTACL.a.626,"Röttger, Paul",,Name matches an author of the externally matched publication; initial differences are compatible.
IssueBenchMillionsof344,"Hinck, Musashi","Hinck, Musashi",confirmed,Publisher-deposited DOI author list,https://api.crossref.org/works/10.1162%2FTACL.a.626,"Hinck, Musashi",,Name matches an author of the externally matched publication; initial differences are compatible.
IssueBenchMillionsof344,"Hofmann, Valentin","Hofmann, Valentin",confirmed,Publisher-deposited DOI author list,https://api.crossref.org/works/10.1162%2FTACL.a.626,"Hofmann, Valentin",,Name matches an author of the externally matched publication; initial differences are compatible.
IssueBenchMillionsof344,"Hackenburg, Kobi","Hackenburg, Kobi",confirmed,Publisher-deposited DOI author list,https://api.crossref.org/works/10.1162%2FTACL.a.626,"Hackenburg, Kobi",,Name matches an author of the externally matched publication; initial differences are compatible.
IssueBenchMillionsof344,"Pyatkin, Valentina","Pyatkin, Valentina",confirmed,Publisher-deposited DOI author list,https://api.crossref.org/works/10.1162%2FTACL.a.626,"Pyatkin, Valentina",,Name matches an author of the externally matched publication; initial differences are compatible.
IssueBenchMillionsof344,"Brahman, Faeze","Brahman, Faeze",confirmed,Publisher-deposited DOI author list,https://api.crossref.org/works/10.1162%2FTACL.a.626,"Brahman, Faeze",,Name matches an author of the externally matched publication; initial differences are compatible.
IssueBenchMillionsof344,"Hovy, Dirk","Hovy, Dirk",confirmed,Publisher-deposited DOI author list,https://api.crossref.org/works/10.1162%2FTACL.a.626,"Hovy, Dirk",,Name matches an author of the externally matched publication; initial differences are compatible.
Iterativeparticipato345,"Simonsen, J.","Simonsen, Jesper",corrected,Publication page author metadata,https://forskning.ruc.dk/da/publications/iterative-participatory-design/,"Simonsen, Jesper",,Name matches an author of the externally matched publication; initial differences are compatible.
Iterativeparticipato345,"Hertzum, M.","Hertzum, Morten",corrected,Publication page author metadata,https://forskning.ruc.dk/da/publications/iterative-participatory-design/,"Hertzum, Morten",,Name matches an author of the externally matched publication; initial differences are compatible.
JailbreakingBlackBox346,"Chao, Patrick","Chao, Patrick",confirmed,Publication page author metadata,https://arxiv.org/abs/2310.08419,"Chao, Patrick",,Name matches an author of the externally matched publication; initial differences are compatible.
JailbreakingBlackBox346,"Robey, Alexander","Robey, Alexander",confirmed,Publication page author metadata,https://arxiv.org/abs/2310.08419,"Robey, Alexander",,Name matches an author of the externally matched publication; initial differences are compatible.
JailbreakingBlackBox346,"Dobriban, Edgar","Dobriban, Edgar",confirmed,Publication page author metadata,https://arxiv.org/abs/2310.08419,"Dobriban, Edgar",,Name matches an author of the externally matched publication; initial differences are compatible.
JailbreakingBlackBox346,"Hassani, Hamed","Hassani, Hamed",confirmed,Publication page author metadata,https://arxiv.org/abs/2310.08419,"Hassani, Hamed",,Name matches an author of the externally matched publication; initial differences are compatible.
JailbreakingBlackBox346,"Pappas, George J.","Pappas, George J.",confirmed,Publication page author metadata,https://arxiv.org/abs/2310.08419,"Pappas, George J.",,Name matches an author of the externally matched publication; initial differences are compatible.
JailbreakingBlackBox346,"Wong, Eric","Wong, Eric",confirmed,Publication page author metadata,https://arxiv.org/abs/2310.08419,"Wong, Eric",,Name matches an author of the externally matched publication; initial differences are compatible.
JailbrokenHowdoesLLM347,"Wei, Alexander","Wei, Alexander",confirmed,Publication opening-page author block,https://proceedings.neurips.cc/paper_files/paper/2023/file/fd6613131889a4b656206c50a8bd7790-Paper-Conference.pdf,,,Full given name and surname occur together in the matched publication author block.
JailbrokenHowdoesLLM347,"Haghtalab, Nika","Haghtalab, Nika",confirmed,Publication opening-page author block,https://proceedings.neurips.cc/paper_files/paper/2023/file/fd6613131889a4b656206c50a8bd7790-Paper-Conference.pdf,,,Full given name and surname occur together in the matched publication author block.
JailbrokenHowdoesLLM347,"Steinhardt, Jacob","Steinhardt, Jacob",confirmed,Publication opening-page author block,https://proceedings.neurips.cc/paper_files/paper/2023/file/fd6613131889a4b656206c50a8bd7790-Paper-Conference.pdf,,,Full given name and surname occur together in the matched publication author block.
JudgingLLMasaJudgewi348,"Zheng, Lianmin","Zheng, Lianmin",confirmed,Publication page author metadata,https://arxiv.org/abs/2306.05685,"Zheng, Lianmin",,Name matches an author of the externally matched publication; initial differences are compatible.
JudgingLLMasaJudgewi348,"Chiang, Wei-Lin","Chiang, Wei-Lin",confirmed,Publication page author metadata,https://arxiv.org/abs/2306.05685,"Chiang, Wei-Lin",,Name matches an author of the externally matched publication; initial differences are compatible.
JudgingLLMasaJudgewi348,"Sheng, Ying","Sheng, Ying",confirmed,Publication page author metadata,https://arxiv.org/abs/2306.05685,"Sheng, Ying",,Name matches an author of the externally matched publication; initial differences are compatible.
JudgingLLMasaJudgewi348,"Zhuang, Siyuan","Zhuang, Siyuan",confirmed,Publication page author metadata,https://arxiv.org/abs/2306.05685,"Zhuang, Siyuan",,Name matches an author of the externally matched publication; initial differences are compatible.
JudgingLLMasaJudgewi348,"Wu, Zhanghao","Wu, Zhanghao",confirmed,Publication page author metadata,https://arxiv.org/abs/2306.05685,"Wu, Zhanghao",,Name matches an author of the externally matched publication; initial differences are compatible.
JudgingLLMasaJudgewi348,"Zhuang, Yonghao","Zhuang, Yonghao",confirmed,Publication page author metadata,https://arxiv.org/abs/2306.05685,"Zhuang, Yonghao",,Name matches an author of the externally matched publication; initial differences are compatible.
JudgingLLMasaJudgewi348,"Lin, Zi","Lin, Zi",confirmed,Publication page author metadata,https://arxiv.org/abs/2306.05685,"Lin, Zi",,Name matches an author of the externally matched publication; initial differences are compatible.
JudgingLLMasaJudgewi348,"Li, Zhuohan","Li, Zhuohan",confirmed,Publication page author metadata,https://arxiv.org/abs/2306.05685,"Li, Zhuohan",,Name matches an author of the externally matched publication; initial differences are compatible.
JudgingLLMasaJudgewi348,"Li, Dacheng","Li, Dacheng",confirmed,Publication page author metadata,https://arxiv.org/abs/2306.05685,"Li, Dacheng",,Name matches an author of the externally matched publication; initial differences are compatible.
JudgingLLMasaJudgewi348,"Xing, Eric P.","Xing, Eric P.",confirmed,Publication page author metadata,https://arxiv.org/abs/2306.05685,"Xing, Eric P.",,Name matches an author of the externally matched publication; initial differences are compatible.
JudgingLLMasaJudgewi348,"Zhang, Hao","Zhang, Hao",confirmed,Publication page author metadata,https://arxiv.org/abs/2306.05685,"Zhang, Hao",,Name matches an author of the externally matched publication; initial differences are compatible.
JudgingLLMasaJudgewi348,"Gonzalez, Joseph E.","Gonzalez, Joseph E.",confirmed,Publication page author metadata,https://arxiv.org/abs/2306.05685,"Gonzalez, Joseph E.",,Name matches an author of the externally matched publication; initial differences are compatible.
JudgingLLMasaJudgewi348,"Stoica, Ion","Stoica, Ion",confirmed,Publication page author metadata,https://arxiv.org/abs/2306.05685,"Stoica, Ion",,Name matches an author of the externally matched publication; initial differences are compatible.
JustWhatdoYouThinkYo349,"Rogers, Anna","Rogers, Anna",confirmed,Publication page author metadata,https://arxiv.org/abs/2109.06598,"Rogers, Anna",,Name matches an author of the externally matched publication; initial differences are compatible.
JustWhatdoYouThinkYo349,"Baldwin, Tim","Baldwin, Tim",confirmed,Publication page author metadata,https://arxiv.org/abs/2109.06598,"Baldwin, Tim",,Name matches an author of the externally matched publication; initial differences are compatible.
JustWhatdoYouThinkYo349,"Leins, Kobi","Leins, Kobi",confirmed,Publication page author metadata,https://arxiv.org/abs/2109.06598,"Leins, Kobi",,Name matches an author of the externally matched publication; initial differences are compatible.
KDDCup2004Resultsand350,"Caruana, Rich","Caruana, Rich",confirmed,Publication opening-page author block,https://www.cs.cornell.edu/people/tj/publications/caruana_etal_04a.pdf,,,Full given name and surname occur together in the matched publication author block.
KDDCup2004Resultsand350,"Joachims, Thorsten","Joachims, Thorsten",confirmed,Publication opening-page author block,https://www.cs.cornell.edu/people/tj/publications/caruana_etal_04a.pdf,,,Full given name and surname occur together in the matched publication author block.
KDDCup2004Resultsand350,"Backstrom, Lars","Backstrom, Lars",confirmed,Publication opening-page author block,https://www.cs.cornell.edu/people/tj/publications/caruana_etal_04a.pdf,,,Full given name and surname occur together in the matched publication author block.
LabelSegmentFeaturiz351,"Kanter, James Max","Kanter, James Max",confirmed,Publisher-deposited DOI author list,https://api.crossref.org/works/10.1109%2Fdsaa.2016.54,"Kanter, James Max",,Name matches an author of the externally matched publication; initial differences are compatible.
LabelSegmentFeaturiz351,"Gillespie, Owen","Gillespie, Owen",confirmed,Publisher-deposited DOI author list,https://api.crossref.org/works/10.1109%2Fdsaa.2016.54,"Gillespie, Owen",,Name matches an author of the externally matched publication; initial differences are compatible.
LabelSegmentFeaturiz351,"Veeramachaneni, Kalyan","Veeramachaneni, Kalyan",confirmed,Publisher-deposited DOI author list,https://api.crossref.org/works/10.1109%2Fdsaa.2016.54,"Veeramachaneni, Kalyan",,Name matches an author of the externally matched publication; initial differences are compatible.
Labeledfacesinthewil352,"Huang, Gary B.","Huang, Gary B.",confirmed,Publication opening-page author block,https://tamaraberg.com/papers/Huang_eccv2008-lfw.pdf,,,Full given name and surname occur together in the matched publication author block.
Labeledfacesinthewil352,"Mattar, Marwan","Mattar, Marwan",confirmed,Publication opening-page author block,https://tamaraberg.com/papers/Huang_eccv2008-lfw.pdf,,,Full given name and surname occur together in the matched publication author block.
Labeledfacesinthewil352,"Berg, Tamara","Berg, Tamara",confirmed,Publication opening-page author block,https://tamaraberg.com/papers/Huang_eccv2008-lfw.pdf,,,Full given name and surname occur together in the matched publication author block.
Labeledfacesinthewil352,"Learned-Miller, Eric","Learned-Miller, Eric",unverified,,,,,No sufficient publication-specific author evidence found.
LanguageModelsareFew353,"Brown, Tom","Brown, Tom B.",corrected,Publication page author metadata,https://arxiv.org/abs/2005.14165v1,"Brown, Tom B.",,Complete authoritative author list matches all previously listed authors; restore omitted authors in source order.
LanguageModelsareFew353,"Mann, Benjamin","Mann, Benjamin",confirmed,Publication page author metadata,https://arxiv.org/abs/2005.14165v1,"Mann, Benjamin",,Complete authoritative author list matches all previously listed authors; restore omitted authors in source order.
LanguageModelsareFew353,"Ryder, Nick","Ryder, Nick",confirmed,Publication page author metadata,https://arxiv.org/abs/2005.14165v1,"Ryder, Nick",,Complete authoritative author list matches all previously listed authors; restore omitted authors in source order.
LanguageModelsareFew353,"Subbiah, Melanie","Subbiah, Melanie",confirmed,Publication page author metadata,https://arxiv.org/abs/2005.14165v1,"Subbiah, Melanie",,Complete authoritative author list matches all previously listed authors; restore omitted authors in source order.
LanguageModelsareFew353,"Kaplan, Jared D.","Kaplan, Jared D.",confirmed,Publication page author metadata,https://arxiv.org/abs/2005.14165v1,"Kaplan, Jared",,Complete authoritative author list matches all previously listed authors; restore omitted authors in source order.
LanguageModelsareFew353,"Dhariwal, Prafulla","Dhariwal, Prafulla",confirmed,Publication page author metadata,https://arxiv.org/abs/2005.14165v1,"Dhariwal, Prafulla",,Complete authoritative author list matches all previously listed authors; restore omitted authors in source order.
LanguageModelsareFew353,"Neelakantan, Arvind","Neelakantan, Arvind",confirmed,Publication page author metadata,https://arxiv.org/abs/2005.14165v1,"Neelakantan, Arvind",,Complete authoritative author list matches all previously listed authors; restore omitted authors in source order.
LanguageModelsareFew353,"Shyam, Pranav","Shyam, Pranav",confirmed,Publication page author metadata,https://arxiv.org/abs/2005.14165v1,"Shyam, Pranav",,Complete authoritative author list matches all previously listed authors; restore omitted authors in source order.
LanguageModelsareFew353,"Sastry, Girish","Sastry, Girish",confirmed,Publication page author metadata,https://arxiv.org/abs/2005.14165v1,"Sastry, Girish",,Complete authoritative author list matches all previously listed authors; restore omitted authors in source order.
LanguageModelsareFew353,"Askell, Amanda","Askell, Amanda",confirmed,Publication page author metadata,https://arxiv.org/abs/2005.14165v1,"Askell, Amanda",,Complete authoritative author list matches all previously listed authors; restore omitted authors in source order.
LanguageModelsareFew353,,"Agarwal, Sandhini",corrected,Publication page author metadata,https://arxiv.org/abs/2005.14165v1,"Agarwal, Sandhini",,Complete authoritative author list matches all previously listed authors; restore omitted authors in source order.
LanguageModelsareFew353,,"Herbert-Voss, Ariel",corrected,Publication page author metadata,https://arxiv.org/abs/2005.14165v1,"Herbert-Voss, Ariel",,Complete authoritative author list matches all previously listed authors; restore omitted authors in source order.
LanguageModelsareFew353,,"Krueger, Gretchen",corrected,Publication page author metadata,https://arxiv.org/abs/2005.14165v1,"Krueger, Gretchen",,Complete authoritative author list matches all previously listed authors; restore omitted authors in source order.
LanguageModelsareFew353,,"Henighan, Tom",corrected,Publication page author metadata,https://arxiv.org/abs/2005.14165v1,"Henighan, Tom",,Complete authoritative author list matches all previously listed authors; restore omitted authors in source order.
LanguageModelsareFew353,,"Child, Rewon",corrected,Publication page author metadata,https://arxiv.org/abs/2005.14165v1,"Child, Rewon",,Complete authoritative author list matches all previously listed authors; restore omitted authors in source order.
LanguageModelsareFew353,,"Ramesh, Aditya",corrected,Publication page author metadata,https://arxiv.org/abs/2005.14165v1,"Ramesh, Aditya",,Complete authoritative author list matches all previously listed authors; restore omitted authors in source order.
LanguageModelsareFew353,,"Ziegler, Daniel M.",corrected,Publication page author metadata,https://arxiv.org/abs/2005.14165v1,"Ziegler, Daniel M.",,Complete authoritative author list matches all previously listed authors; restore omitted authors in source order.
LanguageModelsareFew353,,"Wu, Jeffrey",corrected,Publication page author metadata,https://arxiv.org/abs/2005.14165v1,"Wu, Jeffrey",,Complete authoritative author list matches all previously listed authors; restore omitted authors in source order.
LanguageModelsareFew353,,"Winter, Clemens",corrected,Publication page author metadata,https://arxiv.org/abs/2005.14165v1,"Winter, Clemens",,Complete authoritative author list matches all previously listed authors; restore omitted authors in source order.
LanguageModelsareFew353,,"Hesse, Christopher",corrected,Publication page author metadata,https://arxiv.org/abs/2005.14165v1,"Hesse, Christopher",,Complete authoritative author list matches all previously listed authors; restore omitted authors in source order.
LanguageModelsareFew353,,"Chen, Mark",corrected,Publication page author metadata,https://arxiv.org/abs/2005.14165v1,"Chen, Mark",,Complete authoritative author list matches all previously listed authors; restore omitted authors in source order.
LanguageModelsareFew353,,"Sigler, Eric",corrected,Publication page author metadata,https://arxiv.org/abs/2005.14165v1,"Sigler, Eric",,Complete authoritative author list matches all previously listed authors; restore omitted authors in source order.
LanguageModelsareFew353,,"Litwin, Mateusz",corrected,Publication page author metadata,https://arxiv.org/abs/2005.14165v1,"Litwin, Mateusz",,Complete authoritative author list matches all previously listed authors; restore omitted authors in source order.
LanguageModelsareFew353,,"Gray, Scott",corrected,Publication page author metadata,https://arxiv.org/abs/2005.14165v1,"Gray, Scott",,Complete authoritative author list matches all previously listed authors; restore omitted authors in source order.
LanguageModelsareFew353,,"Chess, Benjamin",corrected,Publication page author metadata,https://arxiv.org/abs/2005.14165v1,"Chess, Benjamin",,Complete authoritative author list matches all previously listed authors; restore omitted authors in source order.
LanguageModelsareFew353,,"Clark, Jack",corrected,Publication page author metadata,https://arxiv.org/abs/2005.14165v1,"Clark, Jack",,Complete authoritative author list matches all previously listed authors; restore omitted authors in source order.
LanguageModelsareFew353,,"Berner, Christopher",corrected,Publication page author metadata,https://arxiv.org/abs/2005.14165v1,"Berner, Christopher",,Complete authoritative author list matches all previously listed authors; restore omitted authors in source order.
LanguageModelsareFew353,,"McCandlish, Sam",corrected,Publication page author metadata,https://arxiv.org/abs/2005.14165v1,"McCandlish, Sam",,Complete authoritative author list matches all previously listed authors; restore omitted authors in source order.
LanguageModelsareFew353,,"Radford, Alec",corrected,Publication page author metadata,https://arxiv.org/abs/2005.14165v1,"Radford, Alec",,Complete authoritative author list matches all previously listed authors; restore omitted authors in source order.
LanguageModelsareFew353,,"Sutskever, Ilya",corrected,Publication page author metadata,https://arxiv.org/abs/2005.14165v1,"Sutskever, Ilya",,Complete authoritative author list matches all previously listed authors; restore omitted authors in source order.
LanguageModelsareFew353,,"Amodei, Dario",corrected,Publication page author metadata,https://arxiv.org/abs/2005.14165v1,"Amodei, Dario",,Complete authoritative author list matches all previously listed authors; restore omitted authors in source order.
LanguageModelsareUns354,"Radford, Alec","Radford, Alec",confirmed,Reviewed full publication author list,https://cdn.openai.com/better-language-models/language_models_are_unsupervised_multitask_learners.pdf,"Radford, Alec",,Original OpenAI paper title page explicitly provides all six authors.
LanguageModelsareUns354,"Wu, Jeffrey","Wu, Jeffrey",confirmed,Reviewed full publication author list,https://cdn.openai.com/better-language-models/language_models_are_unsupervised_multitask_learners.pdf,"Wu, Jeffrey",,Original OpenAI paper title page explicitly provides all six authors.
LanguageModelsareUns354,"Child, Rewon","Child, Rewon",confirmed,Reviewed full publication author list,https://cdn.openai.com/better-language-models/language_models_are_unsupervised_multitask_learners.pdf,"Child, Rewon",,Original OpenAI paper title page explicitly provides all six authors.
LanguageModelsareUns354,"Luan, David","Luan, David",confirmed,Reviewed full publication author list,https://cdn.openai.com/better-language-models/language_models_are_unsupervised_multitask_learners.pdf,"Luan, David",,Original OpenAI paper title page explicitly provides all six authors.
LanguageModelsareUns354,"Amodei, Dario","Amodei, Dario",confirmed,Reviewed full publication author list,https://cdn.openai.com/better-language-models/language_models_are_unsupervised_multitask_learners.pdf,"Amodei, Dario",,Original OpenAI paper title page explicitly provides all six authors.
LanguageModelsareUns354,"Sutskever, Ilya","Sutskever, Ilya",confirmed,Reviewed full publication author list,https://cdn.openai.com/better-language-models/language_models_are_unsupervised_multitask_learners.pdf,"Sutskever, Ilya",,Original OpenAI paper title page explicitly provides all six authors.
LargeAImodelsarecult355,"Farrell, Henry","Farrell, Henry",confirmed,Publisher-deposited DOI author list,https://api.crossref.org/works/10.1126%2Fscience.adt9819,"Farrell, Henry",,Name matches an author of the externally matched publication; initial differences are compatible.
LargeAImodelsarecult355,"Gopnik, Alison","Gopnik, Alison",confirmed,Publisher-deposited DOI author list,https://api.crossref.org/works/10.1126%2Fscience.adt9819,"Gopnik, Alison",,Name matches an author of the externally matched publication; initial differences are compatible.
LargeAImodelsarecult355,"Shalizi, Cosma","Shalizi, Cosma",confirmed,Publisher-deposited DOI author list,https://api.crossref.org/works/10.1126%2Fscience.adt9819,"Shalizi, Cosma",,Name matches an author of the externally matched publication; initial differences are compatible.
LargeAImodelsarecult355,"Evans, James","Evans, James",confirmed,Publisher-deposited DOI author list,https://api.crossref.org/works/10.1126%2Fscience.adt9819,"Evans, James",,Name matches an author of the externally matched publication; initial differences are compatible.
LeakcheatrepeatDatac356,"Balloccu, Simone","Balloccu, Simone",confirmed,Publisher-deposited DOI author list,https://api.crossref.org/works/10.18653%2Fv1%2F2024.eacl-long.5,"Balloccu, Simone",,Name matches an author of the externally matched publication; initial differences are compatible.
LeakcheatrepeatDatac356,"Schmidtov{\'a}, Patr{\'\i}cia","Schmidtov{\'a}, Patr{\'\i}cia",confirmed,Publisher-deposited DOI author list,https://api.crossref.org/works/10.18653%2Fv1%2F2024.eacl-long.5,"Schmidtová, Patrícia",,Name matches an author of the externally matched publication; initial differences are compatible.
LeakcheatrepeatDatac356,"Lango, Mateusz","Lango, Mateusz",confirmed,Publisher-deposited DOI author list,https://api.crossref.org/works/10.18653%2Fv1%2F2024.eacl-long.5,"Lango, Mateusz",,Name matches an author of the externally matched publication; initial differences are compatible.
LeakcheatrepeatDatac356,"Du{\v{s}}ek, Ond{\v{r}}ej","Du{\v{s}}ek, Ond{\v{r}}ej",confirmed,Publisher-deposited DOI author list,https://api.crossref.org/works/10.18653%2Fv1%2F2024.eacl-long.5,"Dusek, Ondrej",,Name matches an author of the externally matched publication; initial differences are compatible.
LeakageandtheReprodu357,"Kapoor, Sayash","Kapoor, Sayash",confirmed,Publication page author metadata,https://arxiv.org/abs/2207.07048,"Kapoor, Sayash",,Name matches an author of the externally matched publication; initial differences are compatible.
LeakageandtheReprodu357,"Narayanan, Arvind","Narayanan, Arvind",confirmed,Publication page author metadata,https://arxiv.org/abs/2207.07048,"Narayanan, Arvind",,Name matches an author of the externally matched publication; initial differences are compatible.
LearningCertifiablyO358,"Angelino, Elaine","Angelino, Elaine",confirmed,Publication opening-page author block,https://www.jmlr.org/papers/volume18/17-716/17-716.pdf,,,Full given name and surname occur together in the matched publication author block.
LearningCertifiablyO358,"Larus-Stone, Nicholas","Larus-Stone, Nicholas",confirmed,Publication opening-page author block,https://www.jmlr.org/papers/volume18/17-716/17-716.pdf,,,Full given name and surname occur together in the matched publication author block.
LearningCertifiablyO358,"Alabi, Daniel","Alabi, Daniel",confirmed,Publication opening-page author block,https://www.jmlr.org/papers/volume18/17-716/17-716.pdf,,,Full given name and surname occur together in the matched publication author block.
LearningCertifiablyO358,"Seltzer, Margo","Seltzer, Margo",confirmed,Publication opening-page author block,https://www.jmlr.org/papers/volume18/17-716/17-716.pdf,,,Full given name and surname occur together in the matched publication author block.
LearningCertifiablyO358,"Rudin, Cynthia","Rudin, Cynthia",confirmed,Publication opening-page author block,https://www.jmlr.org/papers/volume18/17-716/17-716.pdf,,,Full given name and surname occur together in the matched publication author block.
LearningDeepArchitec359,"Bengio, Yoshua","Bengio, Yoshua",confirmed,Publisher-deposited DOI author list,https://api.crossref.org/works/10.1561%2F9781601982957,"Bengio, Y.",,Name matches an author of the externally matched publication; initial differences are compatible.
LearningFairRepresen360,"Zemel, Rich","Zemel, Rich",confirmed,Publication opening-page author block,https://proceedings.mlr.press/v28/zemel13.pdf,,,Full given name and surname occur together in the matched publication author block.
LearningFairRepresen360,"Wu, Yu","Wu, Yu",unverified,,,,,No sufficient publication-specific author evidence found.
LearningFairRepresen360,"Swersky, Kevin","Swersky, Kevin",confirmed,Publication opening-page author block,https://proceedings.mlr.press/v28/zemel13.pdf,,,Full given name and surname occur together in the matched publication author block.
LearningFairRepresen360,"Pitassi, Toni","Pitassi, Toni",confirmed,Publication opening-page author block,https://proceedings.mlr.press/v28/zemel13.pdf,,,Full given name and surname occur together in the matched publication author block.
LearningFairRepresen360,"Dwork, Cynthia","Dwork, Cynthia",confirmed,Publication opening-page author block,https://proceedings.mlr.press/v28/zemel13.pdf,,,Full given name and surname occur together in the matched publication author block.
LearningfromData361,"Abu-Mostafa, Yaser S.","Abu-Mostafa, Yaser S.",unverified,,,,,No sufficient publication-specific author evidence found.
LearningfromData361,"Magdon-Ismail, Malik","Magdon-Ismail, Malik",unverified,,,,,No sufficient publication-specific author evidence found.
LearningfromData361,"Lin, Hsuan-Tien","Lin, Hsuan-Tien",unverified,,,,,No sufficient publication-specific author evidence found.
LearningthePartsofOb362,"Lee, Daniel D.","Lee, Daniel D.",confirmed,Publication page author metadata,https://www.nature.com/articles/44565?error=cookies_not_supported&code=847d6682-c7b5-4be7-99b1-fef52b1a9a0c,"Lee, Daniel D.",,Name matches an author of the externally matched publication; initial differences are compatible.
LearningthePartsofOb362,"Seung, H. Sebastian","Seung, H. Sebastian",confirmed,Publication page author metadata,https://www.nature.com/articles/44565?error=cookies_not_supported&code=847d6682-c7b5-4be7-99b1-fef52b1a9a0c,"Seung, H. Sebastian",,Name matches an author of the externally matched publication; initial differences are compatible.
LegalRedTeamingASyst363,"Blaire, B.","Blaire, B.",unverified,,,,,No sufficient publication-specific author evidence found.
LegalRedTeamingASyst363,others,others,unverified,,,,,No sufficient publication-specific author evidence found.
LettheDataPaintthePi364,"Snyder, Ryan","Snyder, Ryan",confirmed,Publication opening-page author block,https://support.sas.com/resources/papers/proceedings12/275-2012.pdf,,,Full given name and surname occur together in the matched publication author block.
LettheDataPaintthePi364,"Hall, Patrick","Hall, Patrick",confirmed,Publication opening-page author block,https://support.sas.com/resources/papers/proceedings12/275-2012.pdf,,,Full given name and surname occur together in the matched publication author block.
LimitationsofInterpr365,"et al., Christoph Molnar","et al., Christoph Molnar",unverified,,,,,No sufficient publication-specific author evidence found.
LiveBenchAChallengin366,"White, Colin","White, Colin",confirmed,Publication page author metadata,https://arxiv.org/abs/2406.19314,"White, Colin",,Name matches an author of the externally matched publication; initial differences are compatible.
LiveBenchAChallengin366,"Dooley, Samuel","Dooley, Samuel",confirmed,Publication page author metadata,https://arxiv.org/abs/2406.19314,"Dooley, Samuel",,Name matches an author of the externally matched publication; initial differences are compatible.
LiveBenchAChallengin366,"Roberts, Manley","Roberts, Manley",confirmed,Publication page author metadata,https://arxiv.org/abs/2406.19314,"Roberts, Manley",,Name matches an author of the externally matched publication; initial differences are compatible.
LiveBenchAChallengin366,"Pal, Arka","Pal, Arka",confirmed,Publication page author metadata,https://arxiv.org/abs/2406.19314,"Pal, Arka",,Name matches an author of the externally matched publication; initial differences are compatible.
LiveBenchAChallengin366,"Feuer, Benjamin","Feuer, Benjamin",unverified,,,,,No sufficient publication-specific author evidence found.
LiveBenchAChallengin366,"Jain, Siddhartha","Jain, Siddhartha",confirmed,Publication page author metadata,https://arxiv.org/abs/2406.19314,"Jain, Siddhartha",,Name matches an author of the externally matched publication; initial differences are compatible.
LiveBenchAChallengin366,"Shwartz-Ziv, Ravid","Shwartz-Ziv, Ravid",confirmed,Publication page author metadata,https://arxiv.org/abs/2406.19314,"Shwartz-Ziv, Ravid",,Name matches an author of the externally matched publication; initial differences are compatible.
LiveBenchAChallengin366,"Jain, Neel","Jain, Neel",confirmed,Publication page author metadata,https://arxiv.org/abs/2406.19314,"Jain, Neel",,Name matches an author of the externally matched publication; initial differences are compatible.
LiveBenchAChallengin366,"Saifullah, Khalid","Saifullah, Khalid",confirmed,Publication page author metadata,https://arxiv.org/abs/2406.19314,"Saifullah, Khalid",,Name matches an author of the externally matched publication; initial differences are compatible.
LiveBenchAChallengin366,"Dey, Sreemanti","Dey, Sreemanti",confirmed,Publication page author metadata,https://arxiv.org/abs/2406.19314,"Dey, Sreemanti",,Name matches an author of the externally matched publication; initial differences are compatible.
LiveBenchAChallengin366,others,others,unverified,,,,,No sufficient publication-specific author evidence found.
LlamaguardLLMbasedin367,"Inan, Hakan","Inan, Hakan",confirmed,Publication page author metadata,https://arxiv.org/abs/2312.06674,"Inan, Hakan",,Complete authoritative author list matches all previously listed authors; restore omitted authors in source order.
LlamaguardLLMbasedin367,"Upasani, Kartikeya","Upasani, Kartikeya",confirmed,Publication page author metadata,https://arxiv.org/abs/2312.06674,"Upasani, Kartikeya",,Complete authoritative author list matches all previously listed authors; restore omitted authors in source order.
LlamaguardLLMbasedin367,"Chi, Jianfeng","Chi, Jianfeng",confirmed,Publication page author metadata,https://arxiv.org/abs/2312.06674,"Chi, Jianfeng",,Complete authoritative author list matches all previously listed authors; restore omitted authors in source order.
LlamaguardLLMbasedin367,"Rungta, Rashi","Rungta, Rashi",confirmed,Publication page author metadata,https://arxiv.org/abs/2312.06674,"Rungta, Rashi",,Complete authoritative author list matches all previously listed authors; restore omitted authors in source order.
LlamaguardLLMbasedin367,"Iyer, Krithika","Iyer, Krithika",confirmed,Publication page author metadata,https://arxiv.org/abs/2312.06674,"Iyer, Krithika",,Complete authoritative author list matches all previously listed authors; restore omitted authors in source order.
LlamaguardLLMbasedin367,"Mao, Yuning","Mao, Yuning",confirmed,Publication page author metadata,https://arxiv.org/abs/2312.06674,"Mao, Yuning",,Complete authoritative author list matches all previously listed authors; restore omitted authors in source order.
LlamaguardLLMbasedin367,"Tontchev, Michael","Tontchev, Michael",confirmed,Publication page author metadata,https://arxiv.org/abs/2312.06674,"Tontchev, Michael",,Complete authoritative author list matches all previously listed authors; restore omitted authors in source order.
LlamaguardLLMbasedin367,"Hu, Qing","Hu, Qing",confirmed,Publication page author metadata,https://arxiv.org/abs/2312.06674,"Hu, Qing",,Complete authoritative author list matches all previously listed authors; restore omitted authors in source order.
LlamaguardLLMbasedin367,"Fuller, Brian","Fuller, Brian",confirmed,Publication page author metadata,https://arxiv.org/abs/2312.06674,"Fuller, Brian",,Complete authoritative author list matches all previously listed authors; restore omitted authors in source order.
LlamaguardLLMbasedin367,"Testuggine, Davide","Testuggine, Davide",confirmed,Publication page author metadata,https://arxiv.org/abs/2312.06674,"Testuggine, Davide",,Complete authoritative author list matches all previously listed authors; restore omitted authors in source order.
LlamaguardLLMbasedin367,,"Khabsa, Madian",corrected,Publication page author metadata,https://arxiv.org/abs/2312.06674,"Khabsa, Madian",,Complete authoritative author list matches all previously listed authors; restore omitted authors in source order.
LLMDefensesAreNotRob368,"Li, Nathaniel","Li, Nathaniel",confirmed,Publication page author metadata,https://arxiv.org/abs/2408.15221,"Li, Nathaniel",,Name matches an author of the externally matched publication; initial differences are compatible.
LLMDefensesAreNotRob368,"Han, Ziwen","Han, Ziwen",confirmed,Publication page author metadata,https://arxiv.org/abs/2408.15221,"Han, Ziwen",,Name matches an author of the externally matched publication; initial differences are compatible.
LLMDefensesAreNotRob368,"Steneker, Ian","Steneker, Ian",confirmed,Publication page author metadata,https://arxiv.org/abs/2408.15221,"Steneker, Ian",,Name matches an author of the externally matched publication; initial differences are compatible.
LLMDefensesAreNotRob368,"Primack, Willow","Primack, Willow",confirmed,Publication page author metadata,https://arxiv.org/abs/2408.15221,"Primack, Willow",,Name matches an author of the externally matched publication; initial differences are compatible.
LLMDefensesAreNotRob368,"Goodside, Riley","Goodside, Riley",confirmed,Publication page author metadata,https://arxiv.org/abs/2408.15221,"Goodside, Riley",,Name matches an author of the externally matched publication; initial differences are compatible.
LLMDefensesAreNotRob368,"Zhang, Hugh","Zhang, Hugh",confirmed,Publication page author metadata,https://arxiv.org/abs/2408.15221,"Zhang, Hugh",,Name matches an author of the externally matched publication; initial differences are compatible.
LLMDefensesAreNotRob368,"Wang, Zifan","Wang, Zifan",confirmed,Publication page author metadata,https://arxiv.org/abs/2408.15221,"Wang, Zifan",,Name matches an author of the externally matched publication; initial differences are compatible.
LLMDefensesAreNotRob368,"Menghini, Cristina","Menghini, Cristina",confirmed,Publication page author metadata,https://arxiv.org/abs/2408.15221,"Menghini, Cristina",,Name matches an author of the externally matched publication; initial differences are compatible.
LLMDefensesAreNotRob368,"Yue, Summer","Yue, Summer",confirmed,Publication page author metadata,https://arxiv.org/abs/2408.15221,"Yue, Summer",,Name matches an author of the externally matched publication; initial differences are compatible.
LLMSecurityandPrivac369,"Sitawarin, Chawin","Sitawarin, Chawin",unverified,,,,,No sufficient publication-specific author evidence found.
LLMSecurityandPrivac369,"Ji, Charlie Cheng-Jie","Ji, Charlie Cheng-Jie",unverified,,,,,No sufficient publication-specific author evidence found.
LLMSecurityandPrivac369,"Verma, Apurv","Verma, Apurv",unverified,,,,,No sufficient publication-specific author evidence found.
LLMSecurityandPrivac369,Luckyfan-cs,Luckyfan-cs,unverified,,,,,No sufficient publication-specific author evidence found.
LLMscaughtinthecross370,"Li, Haoyang","Li, Haoyang",confirmed,Publisher-deposited DOI author list,https://api.crossref.org/works/10.18653%2Fv1%2F2025.acl-long.1350,"Li, Haoyang",,Name matches an author of the externally matched publication; initial differences are compatible.
LLMscaughtinthecross370,"Gao, Huan","Gao, Huan",confirmed,Publisher-deposited DOI author list,https://api.crossref.org/works/10.18653%2Fv1%2F2025.acl-long.1350,"Gao, Huan",,Name matches an author of the externally matched publication; initial differences are compatible.
LLMscaughtinthecross370,"Zhao, Zhiyuan","Zhao, Zhiyuan",confirmed,Publisher-deposited DOI author list,https://api.crossref.org/works/10.18653%2Fv1%2F2025.acl-long.1350,"Zhao, Zhiyuan",,Name matches an author of the externally matched publication; initial differences are compatible.
LLMscaughtinthecross370,"Lin, Zhiyu","Lin, Zhiyu",confirmed,Publisher-deposited DOI author list,https://api.crossref.org/works/10.18653%2Fv1%2F2025.acl-long.1350,"Lin, Zhiyu",,Name matches an author of the externally matched publication; initial differences are compatible.
LLMscaughtinthecross370,"Gao, Junyu","Gao, Junyu",confirmed,Publisher-deposited DOI author list,https://api.crossref.org/works/10.18653%2Fv1%2F2025.acl-long.1350,"Gao, Junyu",,Name matches an author of the externally matched publication; initial differences are compatible.
LLMscaughtinthecross370,"Li, Xuelong","Li, Xuelong",confirmed,Publisher-deposited DOI author list,https://api.crossref.org/works/10.18653%2Fv1%2F2025.acl-long.1350,"Li, Xuelong",,Name matches an author of the externally matched publication; initial differences are compatible.
LocallyInterpretable371,"Hu, Linwei","Hu, Linwei",confirmed,Publication page author metadata,https://arxiv.org/abs/1806.00663,"Hu, Linwei",,Name matches an author of the externally matched publication; initial differences are compatible.
LocallyInterpretable371,"Chen, Jie","Chen, Jie",confirmed,Publication page author metadata,https://arxiv.org/abs/1806.00663,"Chen, Jie",,Name matches an author of the externally matched publication; initial differences are compatible.
LocallyInterpretable371,"Nair, Vijayan N.","Nair, Vijayan N.",confirmed,Publication page author metadata,https://arxiv.org/abs/1806.00663,"Nair, Vijayan N.",,Name matches an author of the externally matched publication; initial differences are compatible.
LocallyInterpretable371,"Sudjianto, Agus","Sudjianto, Agus",confirmed,Publication page author metadata,https://arxiv.org/abs/1806.00663,"Sudjianto, Agus",,Name matches an author of the externally matched publication; initial differences are compatible.
LoraLowrankAdaptatio372,"Hu, Edward J.","Hu, Edward J.",confirmed,Publication page author metadata,https://arxiv.org/abs/2106.09685v1,"Hu, Edward J.",,Name matches an author of the externally matched publication; initial differences are compatible.
LoraLowrankAdaptatio372,"Shen, Yelong","Shen, Yelong",confirmed,Publication page author metadata,https://arxiv.org/abs/2106.09685v1,"Shen, Yelong",,Name matches an author of the externally matched publication; initial differences are compatible.
LoraLowrankAdaptatio372,"Wallis, Phillip","Wallis, Phillip",confirmed,Publication page author metadata,https://arxiv.org/abs/2106.09685v1,"Wallis, Phillip",,Name matches an author of the externally matched publication; initial differences are compatible.
LoraLowrankAdaptatio372,"Allen-Zhu, Zeyuan","Allen-Zhu, Zeyuan",confirmed,Publication page author metadata,https://arxiv.org/abs/2106.09685v1,"Allen-Zhu, Zeyuan",,Name matches an author of the externally matched publication; initial differences are compatible.
LoraLowrankAdaptatio372,"Li, Yuanzhi","Li, Yuanzhi",confirmed,Publication page author metadata,https://arxiv.org/abs/2106.09685v1,"Li, Yuanzhi",,Name matches an author of the externally matched publication; initial differences are compatible.
LoraLowrankAdaptatio372,"Wang, Shean","Wang, Shean",confirmed,Publication page author metadata,https://arxiv.org/abs/2106.09685v1,"Wang, Shean",,Name matches an author of the externally matched publication; initial differences are compatible.
LoraLowrankAdaptatio372,"Wang, Lu","Wang, Lu",unverified,,,,,No sufficient publication-specific author evidence found.
LoraLowrankAdaptatio372,"Chen, Weizhu","Chen, Weizhu",confirmed,Publication page author metadata,https://arxiv.org/abs/2106.09685v1,"Chen, Weizhu",,Name matches an author of the externally matched publication; initial differences are compatible.
LoraLowrankAdaptatio372,others,others,unverified,,,,,No sufficient publication-specific author evidence found.
MachineLearning373,"Mitchell, Tom","Mitchell, Tom",confirmed,Publication opening-page author block,http://www.cs.cmu.edu/~tom/mlbook/Joint_MLE_MAP.pdf,,,Full given name and surname occur together in the matched publication author block.
MachineLearningBiasS374,"Dietterich, Thomas","Dietterich, Thomas",unverified,,,,,No sufficient publication-specific author evidence found.
MachineLearningBiasS374,"Kong, Eun Bae","Kong, Eun Bae",unverified,,,,,No sufficient publication-specific author evidence found.
MachineLearningExpla375,"Bracke, Philippe","Bracke, Philippe",confirmed,Publication opening-page author block,https://www.bankofengland.co.uk/-/media/boe/files/working-paper/2019/machine-learning-explainability-in-finance-an-application-to-default-risk-analysis.pdf,,,Full given name and surname occur together in the matched publication author block.
MachineLearningExpla375,"Datta, Anupam","Datta, Anupam",confirmed,Publication opening-page author block,https://www.bankofengland.co.uk/-/media/boe/files/working-paper/2019/machine-learning-explainability-in-finance-an-application-to-default-risk-analysis.pdf,,,Full given name and surname occur together in the matched publication author block.
MachineLearningExpla375,"Jung, Carsten","Jung, Carsten",confirmed,Publication opening-page author block,https://www.bankofengland.co.uk/-/media/boe/files/working-paper/2019/machine-learning-explainability-in-finance-an-application-to-default-risk-analysis.pdf,,,Full given name and surname occur together in the matched publication author block.
MachineLearningExpla375,"Sen, Shayak","Sen, Shayak",confirmed,Publication opening-page author block,https://www.bankofengland.co.uk/-/media/boe/files/working-paper/2019/machine-learning-explainability-in-finance-an-application-to-default-risk-analysis.pdf,,,Full given name and surname occur together in the matched publication author block.
MachineLearningforHi376,"Hall, Patrick","Hall, Patrick",normalized_by_user,User-approved canonical name,Explicit user normalization of Patrick Hall,,,"Retain the user-approved Hall, Patrick normalization and black marking."
MachineLearningforHi376,"Curtis, James","Curtis, James",unverified,,,,,No sufficient publication-specific author evidence found.
MachineLearningforHi376,"Pandey, Parul","Pandey, Parul",unverified,,,,,No sufficient publication-specific author evidence found.
MachineLearningInter377,"Hall, Patrick","Hall, Patrick",confirmed,Publication opening-page author block,https://docs.h2o.ai/driverless-ai/latest-stable/docs/booklets/MLIBooklet.pdf,,,Full given name and surname occur together in the matched publication author block.
MachineLearningInter377,"Gill, Navdeep","Gill, Navdeep",confirmed,Publication opening-page author block,https://docs.h2o.ai/driverless-ai/latest-stable/docs/booklets/MLIBooklet.pdf,,,Full given name and surname occur together in the matched publication author block.
MachineLearningInter377,"Kurka, Megan","Kurka, Megan",confirmed,Publication opening-page author block,https://docs.h2o.ai/driverless-ai/latest-stable/docs/booklets/MLIBooklet.pdf,,,Full given name and surname occur together in the matched publication author block.
MachineLearningInter377,"Phan, Wen","Phan, Wen",confirmed,Publication opening-page author block,https://docs.h2o.ai/driverless-ai/latest-stable/docs/booklets/MLIBooklet.pdf,,,Full given name and surname occur together in the matched publication author block.
MachineLearningConsi378,"Hall, Patrick","Hall, Patrick",normalized_by_user,User-approved canonical name,Explicit user normalization of Patrick Hall,,,"Retain the user-approved Hall, Patrick normalization and black marking."
MachineLearningConsi378,others,others,unverified,,,,,No sufficient publication-specific author evidence found.
MakingAILessThirstyU379,"Li, Pengfei","Li, Pengfei",confirmed,Publication page author metadata,https://arxiv.org/abs/2304.03271,"Li, Pengfei",,Name matches an author of the externally matched publication; initial differences are compatible.
MakingAILessThirstyU379,"Yang, Jianyi","Yang, Jianyi",confirmed,Publication page author metadata,https://arxiv.org/abs/2304.03271,"Yang, Jianyi",,Name matches an author of the externally matched publication; initial differences are compatible.
MakingAILessThirstyU379,"Islam, Mohammad A.","Islam, Mohammad A.",confirmed,Publication page author metadata,https://arxiv.org/abs/2304.03271,"Islam, Mohammad A.",,Name matches an author of the externally matched publication; initial differences are compatible.
MakingAILessThirstyU379,"Ren, Shaolei","Ren, Shaolei",confirmed,Publication page author metadata,https://arxiv.org/abs/2304.03271,"Ren, Shaolei",,Name matches an author of the externally matched publication; initial differences are compatible.
MakingPeaceWithGenAI380,"O'Marah, Kevin","O'Marah, Kevin",unverified,,,,,No sufficient publication-specific author evidence found.
ManagementInformatio381,"Laudon, Kenneth C.","Laudon, Kenneth C.",unverified,,,,,No sufficient publication-specific author evidence found.
ManagementInformatio381,"Laudon, Jane Price","Laudon, Jane Price",unverified,,,,,No sufficient publication-specific author evidence found.
ManipulatingandMeasu382,"Poursabzi-Sangdeh, Forough","Poursabzi-Sangdeh, Forough",confirmed,Publication page author metadata,https://arxiv.org/abs/1802.07810,"Poursabzi-Sangdeh, Forough",,Name matches an author of the externally matched publication; initial differences are compatible.
ManipulatingandMeasu382,"Goldstein, Daniel G.","Goldstein, Daniel G.",confirmed,Publication page author metadata,https://arxiv.org/abs/1802.07810,"Goldstein, Daniel G.",,Name matches an author of the externally matched publication; initial differences are compatible.
ManipulatingandMeasu382,"Hofman, Jake M.","Hofman, Jake M.",confirmed,Publication page author metadata,https://arxiv.org/abs/1802.07810,"Hofman, Jake M.",,Name matches an author of the externally matched publication; initial differences are compatible.
ManipulatingandMeasu382,"Vaughan, Jennifer Wortman","Vaughan, Jennifer Wortman",confirmed,Publication page author metadata,https://arxiv.org/abs/1802.07810,"Vaughan, Jennifer Wortman",,Name matches an author of the externally matched publication; initial differences are compatible.
ManipulatingandMeasu382,"Wallach, Hanna","Wallach, Hanna",confirmed,Publication page author metadata,https://arxiv.org/abs/1802.07810,"Wallach, Hanna",,Name matches an author of the externally matched publication; initial differences are compatible.
ManyHandsMakeManyFin383,"Slota, Stephen C.","Slota, Stephen C.",confirmed,Publisher-deposited DOI author list,https://api.crossref.org/works/10.1007%2Fs00146-021-01302-0,"Slota, Stephen C.",https://orcid.org/0000-0001-6526-8030,Name matches an author of the externally matched publication; initial differences are compatible.
ManyHandsMakeManyFin383,"Fleischmann, Kenneth R.","Fleischmann, Kenneth R.",confirmed,Publisher-deposited DOI author list,https://api.crossref.org/works/10.1007%2Fs00146-021-01302-0,"Fleischmann, Kenneth R.",,Name matches an author of the externally matched publication; initial differences are compatible.
ManyHandsMakeManyFin383,"Greenberg, Sherri","Greenberg, Sherri",confirmed,Publisher-deposited DOI author list,https://api.crossref.org/works/10.1007%2Fs00146-021-01302-0,"Greenberg, Sherri",,Name matches an author of the externally matched publication; initial differences are compatible.
ManyHandsMakeManyFin383,"Verma, Nitin","Verma, Nitin",confirmed,Publisher-deposited DOI author list,https://api.crossref.org/works/10.1007%2Fs00146-021-01302-0,"Verma, Nitin",,Name matches an author of the externally matched publication; initial differences are compatible.
ManyHandsMakeManyFin383,"Cummings, Brenna","Cummings, Brenna",confirmed,Publisher-deposited DOI author list,https://api.crossref.org/works/10.1007%2Fs00146-021-01302-0,"Cummings, Brenna",,Name matches an author of the externally matched publication; initial differences are compatible.
ManyHandsMakeManyFin383,"Li, Lan","Li, Lan",confirmed,Publisher-deposited DOI author list,https://api.crossref.org/works/10.1007%2Fs00146-021-01302-0,"Li, Lan",,Name matches an author of the externally matched publication; initial differences are compatible.
ManyHandsMakeManyFin383,"Shenefiel, Chris","Shenefiel, Chris",confirmed,Publisher-deposited DOI author list,https://api.crossref.org/works/10.1007%2Fs00146-021-01302-0,"Shenefiel, Chris",,Name matches an author of the externally matched publication; initial differences are compatible.
MarkMyWordsAnalyzing384,"Piet, Julien","Piet, Julien",confirmed,Publication page author metadata,https://arxiv.org/abs/2312.00273,"Piet, Julien",,Name matches an author of the externally matched publication; initial differences are compatible.
MarkMyWordsAnalyzing384,"Sitawarin, Chawin","Sitawarin, Chawin",confirmed,Publication page author metadata,https://arxiv.org/abs/2312.00273,"Sitawarin, Chawin",,Name matches an author of the externally matched publication; initial differences are compatible.
MarkMyWordsAnalyzing384,"Fang, Vivian","Fang, Vivian",confirmed,Publication page author metadata,https://arxiv.org/abs/2312.00273,"Fang, Vivian",,Name matches an author of the externally matched publication; initial differences are compatible.
MarkMyWordsAnalyzing384,"Mu, Norman","Mu, Norman",confirmed,Publication page author metadata,https://arxiv.org/abs/2312.00273,"Mu, Norman",,Name matches an author of the externally matched publication; initial differences are compatible.
MarkMyWordsAnalyzing384,"Wagner, David","Wagner, David",confirmed,Publication page author metadata,https://arxiv.org/abs/2312.00273,"Wagner, David",,Name matches an author of the externally matched publication; initial differences are compatible.
Maxoutnetworks385,"Goodfellow, Ian J.","Goodfellow, Ian J.",confirmed,Publication page author metadata,https://arxiv.org/abs/1302.4389,"Goodfellow, Ian J.",,Name matches an author of the externally matched publication; initial differences are compatible.
Maxoutnetworks385,"Warde-farley, David","Warde-farley, David",confirmed,Publication page author metadata,https://arxiv.org/abs/1302.4389,"Warde-Farley, David",,Name matches an author of the externally matched publication; initial differences are compatible.
Maxoutnetworks385,"Mirza, Mehdi","Mirza, Mehdi",confirmed,Publication page author metadata,https://arxiv.org/abs/1302.4389,"Mirza, Mehdi",,Name matches an author of the externally matched publication; initial differences are compatible.
Maxoutnetworks385,"Courville, Aaron","Courville, Aaron",confirmed,Publication page author metadata,https://arxiv.org/abs/1302.4389,"Courville, Aaron",,Name matches an author of the externally matched publication; initial differences are compatible.
Maxoutnetworks385,"Bengio, Yoshua","Bengio, Yoshua",confirmed,Publication page author metadata,https://arxiv.org/abs/1302.4389,"Bengio, Yoshua",,Name matches an author of the externally matched publication; initial differences are compatible.
Measurementandfairne386,"Jacobs, Abigail Z","Jacobs, Abigail Z",confirmed,Publisher-deposited DOI author list,https://api.crossref.org/works/10.1145%2F3442188.3445901,"Jacobs, Abigail Z.",,Name matches an author of the externally matched publication; initial differences are compatible.
Measurementandfairne386,"Wallach, Hanna","Wallach, Hanna",confirmed,Publisher-deposited DOI author list,https://api.crossref.org/works/10.1145%2F3442188.3445901,"Wallach, Hanna",,Name matches an author of the externally matched publication; initial differences are compatible.
MeasurementvalidityA387,"Adcock, Robert","Adcock, Robert",confirmed,Publisher-deposited DOI author list,https://api.crossref.org/works/10.1017%2FS0003055401003100,"Adcock, Robert",,Name matches an author of the externally matched publication; initial differences are compatible.
MeasurementvalidityA387,"Collier, David","Collier, David",confirmed,Publisher-deposited DOI author list,https://api.crossref.org/works/10.1017%2FS0003055401003100,"Collier, David",,Name matches an author of the externally matched publication; initial differences are compatible.
MeasuringMassiveMult388,"Hendrycks, Dan","Hendrycks, Dan",unverified,,,,,No sufficient publication-specific author evidence found.
MeasuringMassiveMult388,"Burns, Collin","Burns, Collin",unverified,,,,,No sufficient publication-specific author evidence found.
MeasuringMassiveMult388,"Basart, Steven","Basart, Steven",unverified,,,,,No sufficient publication-specific author evidence found.
MeasuringMassiveMult388,"Zou, Andy","Zou, Andy",unverified,,,,,No sufficient publication-specific author evidence found.
MeasuringMassiveMult388,"Mazeika, Mantas","Mazeika, Mantas",unverified,,,,,No sufficient publication-specific author evidence found.
MeasuringMassiveMult388,"Song, Dawn","Song, Dawn",unverified,,,,,No sufficient publication-specific author evidence found.
MeasuringMassiveMult388,"Steinhardt, Jacob","Steinhardt, Jacob",unverified,,,,,No sufficient publication-specific author evidence found.
Measuringnominalscal389,"Fleiss, Joseph L.","Fleiss, Joseph L.",confirmed,Publisher-deposited DOI author list,https://api.crossref.org/works/10.1037%2Fh0031619,"Fleiss, Joseph L.",,Name matches an author of the externally matched publication; initial differences are compatible.
MembershipInferenceA390,"Shokri, Reza","Shokri, Reza",confirmed,Publication page author metadata,https://arxiv.org/abs/1610.05820,"Shokri, Reza",,Name matches an author of the externally matched publication; initial differences are compatible.
MembershipInferenceA390,"Stronati, Marco","Stronati, Marco",confirmed,Publication page author metadata,https://arxiv.org/abs/1610.05820,"Stronati, Marco",,Name matches an author of the externally matched publication; initial differences are compatible.
MembershipInferenceA390,"Song, Congzheng","Song, Congzheng",confirmed,Publication page author metadata,https://arxiv.org/abs/1610.05820,"Song, Congzheng",,Name matches an author of the externally matched publication; initial differences are compatible.
MembershipInferenceA390,"Shmatikov, Vitaly","Shmatikov, Vitaly",confirmed,Publication page author metadata,https://arxiv.org/abs/1610.05820,"Shmatikov, Vitaly",,Name matches an author of the externally matched publication; initial differences are compatible.
MicrosoftAIBountyPro391,{Microsoft},{Microsoft},unverified,,,,,No sufficient publication-specific author evidence found.
MicrosoftCOCOCommono392,"Lin, Tsung-Yi","Lin, Tsung-Yi",confirmed,Publisher-deposited DOI author list,https://api.crossref.org/works/10.1007%2F978-3-319-10602-1_48,"Lin, Tsung-Yi",,Name matches an author of the externally matched publication; initial differences are compatible.
MicrosoftCOCOCommono392,"Maire, Michael","Maire, Michael",confirmed,Publisher-deposited DOI author list,https://api.crossref.org/works/10.1007%2F978-3-319-10602-1_48,"Maire, Michael",,Name matches an author of the externally matched publication; initial differences are compatible.
MicrosoftCOCOCommono392,"Belongie, Serge","Belongie, Serge",confirmed,Publisher-deposited DOI author list,https://api.crossref.org/works/10.1007%2F978-3-319-10602-1_48,"Belongie, Serge",,Name matches an author of the externally matched publication; initial differences are compatible.
MicrosoftCOCOCommono392,"Hays, James","Hays, James",confirmed,Publisher-deposited DOI author list,https://api.crossref.org/works/10.1007%2F978-3-319-10602-1_48,"Hays, James",,Name matches an author of the externally matched publication; initial differences are compatible.
MicrosoftCOCOCommono392,"Perona, Pietro","Perona, Pietro",confirmed,Publisher-deposited DOI author list,https://api.crossref.org/works/10.1007%2F978-3-319-10602-1_48,"Perona, Pietro",,Name matches an author of the externally matched publication; initial differences are compatible.
MicrosoftCOCOCommono392,"Ramanan, Deva","Ramanan, Deva",confirmed,Publisher-deposited DOI author list,https://api.crossref.org/works/10.1007%2F978-3-319-10602-1_48,"Ramanan, Deva",,Name matches an author of the externally matched publication; initial differences are compatible.
MicrosoftCOCOCommono392,"Doll{\'a}r, Piotr","Doll{\'a}r, Piotr",confirmed,Publisher-deposited DOI author list,https://api.crossref.org/works/10.1007%2F978-3-319-10602-1_48,"Dollár, Piotr",,Name matches an author of the externally matched publication; initial differences are compatible.
MicrosoftCOCOCommono392,"Zitnick, C. Lawrence","Zitnick, C. Lawrence",confirmed,Publisher-deposited DOI author list,https://api.crossref.org/works/10.1007%2F978-3-319-10602-1_48,"Zitnick, C. Lawrence",,Name matches an author of the externally matched publication; initial differences are compatible.
MicrosoftResponsible393,{Microsoft},{Microsoft},unverified,,,,,No sufficient publication-specific author evidence found.
MicrosoftResponsible394,{Microsoft},{Microsoft},unverified,,,,,No sufficient publication-specific author evidence found.
MitigatingUnwantedBi395,"Zhang, Brian Hu","Zhang, Brian Hu",confirmed,Publication page author metadata,https://arxiv.org/abs/1801.07593,"Zhang, Brian Hu",,Name matches an author of the externally matched publication; initial differences are compatible.
MitigatingUnwantedBi395,"Lemoine, Blake","Lemoine, Blake",confirmed,Publication page author metadata,https://arxiv.org/abs/1801.07593,"Lemoine, Blake",,Name matches an author of the externally matched publication; initial differences are compatible.
MitigatingUnwantedBi395,"Mitchell, Margaret","Mitchell, Margaret",confirmed,Publication page author metadata,https://arxiv.org/abs/1801.07593,"Mitchell, Margaret",,Name matches an author of the externally matched publication; initial differences are compatible.
ModelCardsforModelRe396,"Mitchell, Margaret","Mitchell, Margaret",confirmed,Publisher-deposited DOI author list,https://api.crossref.org/works/10.1145%2F3287560.3287596,"Mitchell, Margaret",,Name matches an author of the externally matched publication; initial differences are compatible.
ModelCardsforModelRe396,"Wu, Simone","Wu, Simone",confirmed,Publisher-deposited DOI author list,https://api.crossref.org/works/10.1145%2F3287560.3287596,"Wu, Simone",,Name matches an author of the externally matched publication; initial differences are compatible.
ModelCardsforModelRe396,"Zaldivar, Andrew","Zaldivar, Andrew",confirmed,Publisher-deposited DOI author list,https://api.crossref.org/works/10.1145%2F3287560.3287596,"Zaldivar, Andrew",,Name matches an author of the externally matched publication; initial differences are compatible.
ModelCardsforModelRe396,"Barnes, Parker","Barnes, Parker",confirmed,Publisher-deposited DOI author list,https://api.crossref.org/works/10.1145%2F3287560.3287596,"Barnes, Parker",,Name matches an author of the externally matched publication; initial differences are compatible.
ModelCardsforModelRe396,"Vasserman, Lucy","Vasserman, Lucy",confirmed,Publisher-deposited DOI author list,https://api.crossref.org/works/10.1145%2F3287560.3287596,"Vasserman, Lucy",,Name matches an author of the externally matched publication; initial differences are compatible.
ModelCardsforModelRe396,"Hutchinson, Ben","Hutchinson, Ben",confirmed,Publisher-deposited DOI author list,https://api.crossref.org/works/10.1145%2F3287560.3287596,"Hutchinson, Ben",,Name matches an author of the externally matched publication; initial differences are compatible.
ModelCardsforModelRe396,"Spitzer, Elena","Spitzer, Elena",confirmed,Publisher-deposited DOI author list,https://api.crossref.org/works/10.1145%2F3287560.3287596,"Spitzer, Elena",,Name matches an author of the externally matched publication; initial differences are compatible.
ModelCardsforModelRe396,"Raji, Inioluwa Deborah","Raji, Inioluwa Deborah",confirmed,Publisher-deposited DOI author list,https://api.crossref.org/works/10.1145%2F3287560.3287596,"Raji, Inioluwa Deborah",,Name matches an author of the externally matched publication; initial differences are compatible.
ModelCardsforModelRe396,"Gebru, Timnit","Gebru, Timnit",confirmed,Publisher-deposited DOI author list,https://api.crossref.org/works/10.1145%2F3287560.3287596,"Gebru, Timnit",,Name matches an author of the externally matched publication; initial differences are compatible.
ModelDBASystemforMac397,"Vartak, Manasi","Vartak, Manasi",unverified,,,,,No sufficient publication-specific author evidence found.
ModelDBASystemforMac397,"Subramanyam, Harihar","Subramanyam, Harihar",unverified,,,,,No sufficient publication-specific author evidence found.
ModelDBASystemforMac397,"Lee, Wei-En","Lee, Wei-En",unverified,,,,,No sufficient publication-specific author evidence found.
ModelDBASystemforMac397,"Viswanathan, Srinidhi","Viswanathan, Srinidhi",unverified,,,,,No sufficient publication-specific author evidence found.
ModelDBASystemforMac397,"Husnoo, Saadiyah","Husnoo, Saadiyah",unverified,,,,,No sufficient publication-specific author evidence found.
ModelDBASystemforMac397,"Madden, Samuel","Madden, Samuel",unverified,,,,,No sufficient publication-specific author evidence found.
ModelDBASystemforMac397,"Zaharia, Matei","Zaharia, Matei",unverified,,,,,No sufficient publication-specific author evidence found.
ModelRiskManagementG398,{FHFA},{FHFA},unverified,,,,,No sufficient publication-specific author evidence found.
ModeltrackerRedesign399,"Amershi, Saleema","Amershi, Saleema",confirmed,Publication opening-page author block,https://www.microsoft.com/en-us/research/wp-content/uploads/2016/02/amershi.CHI2015.ModelTracker.pdf,,,Full given name and surname occur together in the matched publication author block.
ModeltrackerRedesign399,"Chickering, Max","Chickering, Max",confirmed,Publication opening-page author block,https://www.microsoft.com/en-us/research/wp-content/uploads/2016/02/amershi.CHI2015.ModelTracker.pdf,,,Full given name and surname occur together in the matched publication author block.
ModeltrackerRedesign399,"Drucker, Steven M","Drucker, Steven M",confirmed,Publication opening-page author block,https://www.microsoft.com/en-us/research/wp-content/uploads/2016/02/amershi.CHI2015.ModelTracker.pdf,,,Full given name and surname occur together in the matched publication author block.
ModeltrackerRedesign399,"Lee, Bongshin","Lee, Bongshin",confirmed,Publication opening-page author block,https://www.microsoft.com/en-us/research/wp-content/uploads/2016/02/amershi.CHI2015.ModelTracker.pdf,,,Full given name and surname occur together in the matched publication author block.
ModeltrackerRedesign399,"Simard, Patrice","Simard, Patrice",confirmed,Publication opening-page author block,https://www.microsoft.com/en-us/research/wp-content/uploads/2016/02/amershi.CHI2015.ModelTracker.pdf,,,Full given name and surname occur together in the matched publication author block.
ModeltrackerRedesign399,"Suh, Jina","Suh, Jina",confirmed,Publication opening-page author block,https://www.microsoft.com/en-us/research/wp-content/uploads/2016/02/amershi.CHI2015.ModelTracker.pdf,,,Full given name and surname occur together in the matched publication author block.
MonotonicCalibratedI400,"Gupta, Maya","Gupta, Maya",confirmed,Publication opening-page author block,https://www.jmlr.org/papers/volume17/15-243/15-243.pdf,,,Full given name and surname occur together in the matched publication author block.
MonotonicCalibratedI400,"Cotter, Andrew","Cotter, Andrew",confirmed,Publication opening-page author block,https://www.jmlr.org/papers/volume17/15-243/15-243.pdf,,,Full given name and surname occur together in the matched publication author block.
MonotonicCalibratedI400,"Pfeifer, Jan","Pfeifer, Jan",confirmed,Publication opening-page author block,https://www.jmlr.org/papers/volume17/15-243/15-243.pdf,,,Full given name and surname occur together in the matched publication author block.
MonotonicCalibratedI400,"Voevodski, Konstantin","Voevodski, Konstantin",confirmed,Publication opening-page author block,https://www.jmlr.org/papers/volume17/15-243/15-243.pdf,,,Full given name and surname occur together in the matched publication author block.
MonotonicCalibratedI400,"Canini, Kevin","Canini, Kevin",confirmed,Publication opening-page author block,https://www.jmlr.org/papers/volume17/15-243/15-243.pdf,,,Full given name and surname occur together in the matched publication author block.
MonotonicCalibratedI400,"Mangylov, Alexander","Mangylov, Alexander",confirmed,Publication opening-page author block,https://www.jmlr.org/papers/volume17/15-243/15-243.pdf,,,Full given name and surname occur together in the matched publication author block.
MonotonicCalibratedI400,"Moczydlowski, Wojciech","Moczydlowski, Wojciech",confirmed,Publication opening-page author block,https://www.jmlr.org/papers/volume17/15-243/15-243.pdf,,,Full given name and surname occur together in the matched publication author block.
MonotonicCalibratedI400,"Van Esbroeck, Alexander","Van Esbroeck, Alexander",confirmed,Publication opening-page author block,https://www.jmlr.org/papers/volume17/15-243/15-243.pdf,,,Full given name and surname occur together in the matched publication author block.
Morethanyouveaskedfo401,"Greshake, Kai","Greshake, Kai",confirmed,Publication page author metadata,https://arxiv.org/abs/2302.12173v1,"Greshake, Kai",,Name matches an author of the externally matched publication; initial differences are compatible.
Morethanyouveaskedfo401,"Abdelnabi, Sahar","Abdelnabi, Sahar",confirmed,Publication page author metadata,https://arxiv.org/abs/2302.12173v1,"Abdelnabi, Sahar",,Name matches an author of the externally matched publication; initial differences are compatible.
Morethanyouveaskedfo401,"Mishra, Shailesh","Mishra, Shailesh",confirmed,Publication page author metadata,https://arxiv.org/abs/2302.12173v1,"Mishra, Shailesh",,Name matches an author of the externally matched publication; initial differences are compatible.
Morethanyouveaskedfo401,"Endres, Christoph","Endres, Christoph",confirmed,Publication page author metadata,https://arxiv.org/abs/2302.12173v1,"Endres, Christoph",,Name matches an author of the externally matched publication; initial differences are compatible.
Morethanyouveaskedfo401,"Holz, Thorsten","Holz, Thorsten",confirmed,Publication page author metadata,https://arxiv.org/abs/2302.12173v1,"Holz, Thorsten",,Name matches an author of the externally matched publication; initial differences are compatible.
Morethanyouveaskedfo401,"Fritz, Mario","Fritz, Mario",confirmed,Publication page author metadata,https://arxiv.org/abs/2302.12173v1,"Fritz, Mario",,Name matches an author of the externally matched publication; initial differences are compatible.
MortgagedataHMDA402,,,unverified,No author supplied,,,,Author field is empty; no supported author list found.
MultilevelBellTypeIn403,"Xiong, H.","Xiong, Hui",corrected,Publisher-deposited DOI author list,https://api.crossref.org/works/10.1049%2Fcje.2015.04.031,"Xiong, Hui",,Name matches an author of the externally matched publication; initial differences are compatible.
MultivariateAdaptive404,"Friedman, Jerome H.","Friedman, Jerome H.",confirmed,Publisher-deposited DOI author list,https://api.crossref.org/works/10.1214%2Faos%2F1176347963,"Friedman, Jerome H.",,Name matches an author of the externally matched publication; initial differences are compatible.
MultivariateAdaptive404,others,others,unverified,,,,,No sufficient publication-specific author evidence found.
NASASystemsEngineeri405,"Hirshorn, Steven R.","Hirshorn, Steven R.",unverified,,,,,No sufficient publication-specific author evidence found.
NASASystemsEngineeri405,"Voss, Linda D.","Voss, Linda D.",unverified,,,,,No sufficient publication-specific author evidence found.
NASASystemsEngineeri405,"Bromley, Linda K.","Bromley, Linda K.",unverified,,,,,No sufficient publication-specific author evidence found.
NeMoGuardrailsAToolk406,"Rebedea, Traian","Rebedea, Traian",confirmed,Publisher-deposited DOI author list,https://api.crossref.org/works/10.18653%2Fv1%2F2023.emnlp-demo.40,"Rebedea, Traian",,Name matches an author of the externally matched publication; initial differences are compatible.
NeMoGuardrailsAToolk406,"Dinu, Razvan","Dinu, Razvan",confirmed,Publisher-deposited DOI author list,https://api.crossref.org/works/10.18653%2Fv1%2F2023.emnlp-demo.40,"Dinu, Razvan",,Name matches an author of the externally matched publication; initial differences are compatible.
NeMoGuardrailsAToolk406,"Sreedhar, Makesh Narsimhan","Sreedhar, Makesh Narsimhan",confirmed,Publisher-deposited DOI author list,https://api.crossref.org/works/10.18653%2Fv1%2F2023.emnlp-demo.40,"Sreedhar, Makesh Narsimhan",,Name matches an author of the externally matched publication; initial differences are compatible.
NeMoGuardrailsAToolk406,"Parisien, Christopher","Parisien, Christopher",confirmed,Publisher-deposited DOI author list,https://api.crossref.org/works/10.18653%2Fv1%2F2023.emnlp-demo.40,"Parisien, Christopher",,Name matches an author of the externally matched publication; initial differences are compatible.
NeMoGuardrailsAToolk406,"Cohen, Jonathan","Cohen, Jonathan",confirmed,Publisher-deposited DOI author list,https://api.crossref.org/works/10.18653%2Fv1%2F2023.emnlp-demo.40,"Cohen, Jonathan",,Name matches an author of the externally matched publication; initial differences are compatible.
NeuralAdditiveModels407,"Agarwal, Rishabh","Agarwal, Rishabh",confirmed,Publication opening-page author block,https://proceedings.neurips.cc/paper/2021/file/251bd0442dfcc53b5a761e050f8022b8-Paper.pdf,,,Full given name and surname occur together in the matched publication author block.
NeuralAdditiveModels407,"Melnick, Levi","Melnick, Levi",confirmed,Publication opening-page author block,https://proceedings.neurips.cc/paper/2021/file/251bd0442dfcc53b5a761e050f8022b8-Paper.pdf,,,Full given name and surname occur together in the matched publication author block.
NeuralAdditiveModels407,"Frosst, Nicholas","Frosst, Nicholas",confirmed,Publication opening-page author block,https://proceedings.neurips.cc/paper/2021/file/251bd0442dfcc53b5a761e050f8022b8-Paper.pdf,,,Full given name and surname occur together in the matched publication author block.
NeuralAdditiveModels407,"Zhang, Xuezhou","Zhang, Xuezhou",confirmed,Publication opening-page author block,https://proceedings.neurips.cc/paper/2021/file/251bd0442dfcc53b5a761e050f8022b8-Paper.pdf,,,Full given name and surname occur together in the matched publication author block.
NeuralAdditiveModels407,"Lengerich, Ben","Lengerich, Ben",confirmed,Publication opening-page author block,https://proceedings.neurips.cc/paper/2021/file/251bd0442dfcc53b5a761e050f8022b8-Paper.pdf,,,Full given name and surname occur together in the matched publication author block.
NeuralAdditiveModels407,"Caruana, Rich","Caruana, Rich",confirmed,Publication opening-page author block,https://proceedings.neurips.cc/paper/2021/file/251bd0442dfcc53b5a761e050f8022b8-Paper.pdf,,,Full given name and surname occur together in the matched publication author block.
NeuralAdditiveModels407,"Hinton, Geoffrey E.","Hinton, Geoffrey E.",confirmed,Publication opening-page author block,https://proceedings.neurips.cc/paper/2021/file/251bd0442dfcc53b5a761e050f8022b8-Paper.pdf,,,Full given name and surname occur together in the matched publication author block.
NewandImprovedEmbedd408,{OpenAI},{OpenAI},unverified,,,,,No sufficient publication-specific author evidence found.
NISTAI1003TheLanguag409,"Atherton, Daniel","Atherton, Daniel",confirmed,Publication opening-page author block,https://nvlpubs.nist.gov/nistpubs/ai/NIST.AI.100-3.pdf,,,Full given name and surname occur together in the matched publication author block.
NISTAI1003TheLanguag409,"Schwartz, Reva","Schwartz, Reva",confirmed,Publication opening-page author block,https://nvlpubs.nist.gov/nistpubs/ai/NIST.AI.100-3.pdf,,,Full given name and surname occur together in the matched publication author block.
NISTAI1003TheLanguag409,"Fontana, Peter C.","Fontana, Peter C.",confirmed,Publication opening-page author block,https://nvlpubs.nist.gov/nistpubs/ai/NIST.AI.100-3.pdf,,,Full given name and surname occur together in the matched publication author block.
NISTAI1003TheLanguag409,"Hall, Patrick","Hall, Patrick",confirmed,Publication opening-page author block,https://nvlpubs.nist.gov/nistpubs/ai/NIST.AI.100-3.pdf,,,Full given name and surname occur together in the matched publication author block.
Notwhatyouvesignedup411,"Greshake, Kai","Greshake, Kai",confirmed,Publication page author metadata,https://arxiv.org/abs/2302.12173,"Greshake, Kai",,Name matches an author of the externally matched publication; initial differences are compatible.
Notwhatyouvesignedup411,"Abdelnabi, Sahar","Abdelnabi, Sahar",confirmed,Publication page author metadata,https://arxiv.org/abs/2302.12173,"Abdelnabi, Sahar",,Name matches an author of the externally matched publication; initial differences are compatible.
Notwhatyouvesignedup411,"Mishra, Shailesh","Mishra, Shailesh",confirmed,Publication page author metadata,https://arxiv.org/abs/2302.12173,"Mishra, Shailesh",,Name matches an author of the externally matched publication; initial differences are compatible.
Notwhatyouvesignedup411,"Endres, Christoph","Endres, Christoph",confirmed,Publication page author metadata,https://arxiv.org/abs/2302.12173,"Endres, Christoph",,Name matches an author of the externally matched publication; initial differences are compatible.
Notwhatyouvesignedup411,"Holz, Thorsten","Holz, Thorsten",confirmed,Publication page author metadata,https://arxiv.org/abs/2302.12173,"Holz, Thorsten",,Name matches an author of the externally matched publication; initial differences are compatible.
Notwhatyouvesignedup411,"Fritz, Mario","Fritz, Mario",confirmed,Publication page author metadata,https://arxiv.org/abs/2302.12173,"Fritz, Mario",,Name matches an author of the externally matched publication; initial differences are compatible.
OfficialInterpretati413,{CFPB},{CFPB},unverified,,,,,No sufficient publication-specific author evidence found.
Onamathematicalsymbo414,"Kantorovich, Leonid Vitalevich","Kantorovich, Leonid Vitalevich",unverified,,,,,No sufficient publication-specific author evidence found.
Onreleasingannotator415,"Prabhakaran, Vinodkumar","Prabhakaran, Vinodkumar",confirmed,Publisher-deposited DOI author list,https://api.crossref.org/works/10.18653%2Fv1%2F2021.law-1.14,"Prabhakaran, Vinodkumar",,Name matches an author of the externally matched publication; initial differences are compatible.
Onreleasingannotator415,"Davani, Aida Mostafazadeh","Davani, Aida Mostafazadeh",confirmed,Publication page author metadata,https://aclanthology.org/2021.law-1.14/,"Davani, Aida Mostafazadeh",,Name matches an author of the externally matched publication; initial differences are compatible.
Onreleasingannotator415,"Diaz, Mark","Diaz, Mark",confirmed,Publisher-deposited DOI author list,https://api.crossref.org/works/10.18653%2Fv1%2F2021.law-1.14,"Diaz, Mark",,Name matches an author of the externally matched publication; initial differences are compatible.
OntheArtandScienceof416,"Hall, Patrick","Hall, Patrick",confirmed,Publication page author metadata,https://arxiv.org/abs/1810.02909,"Hall, Patrick",,Name matches an author of the externally matched publication; initial differences are compatible.
Onthedangersofstocha417,"Bender, Emily M","Bender, Emily M",confirmed,Publisher-deposited DOI author list,https://api.crossref.org/works/10.1145%2F3442188.3445922,"Bender, Emily M.",,Name matches an author of the externally matched publication; initial differences are compatible.
Onthedangersofstocha417,"Gebru, Timnit","Gebru, Timnit",confirmed,Publisher-deposited DOI author list,https://api.crossref.org/works/10.1145%2F3442188.3445922,"Gebru, Timnit",,Name matches an author of the externally matched publication; initial differences are compatible.
Onthedangersofstocha417,"McMillan-Major, Angelina","McMillan-Major, Angelina",confirmed,Publisher-deposited DOI author list,https://api.crossref.org/works/10.1145%2F3442188.3445922,"McMillan-Major, Angelina",,Name matches an author of the externally matched publication; initial differences are compatible.
Onthedangersofstocha417,"Shmitchell, Shmargaret","Shmitchell, Shmargaret",confirmed,Publisher-deposited DOI author list,https://api.crossref.org/works/10.1145%2F3442188.3445922,"Shmitchell, Shmargaret",,Name matches an author of the externally matched publication; initial differences are compatible.
Ontheimportanceofini418,"Sutskever, Ilya","Sutskever, Ilya",confirmed,Publication opening-page author block,http://www.cs.toronto.edu/~fritz/absps/momentum.pdf,,,Full given name and surname occur together in the matched publication author block.
Ontheimportanceofini418,"Martens, James","Martens, James",confirmed,Publication opening-page author block,http://www.cs.toronto.edu/~fritz/absps/momentum.pdf,,,Full given name and surname occur together in the matched publication author block.
Ontheimportanceofini418,"Dahl, George","Dahl, George",confirmed,Publication opening-page author block,http://www.cs.toronto.edu/~fritz/absps/momentum.pdf,,,Full given name and surname occur together in the matched publication author block.
Ontheimportanceofini418,"Hinton, Geoffrey","Hinton, Geoffrey",confirmed,Publication opening-page author block,http://www.cs.toronto.edu/~fritz/absps/momentum.pdf,,,Full given name and surname occur together in the matched publication author block.
OntheImpossibleSafet419,"El-Mhamdi, El-Mahdi","El-Mhamdi, El-Mahdi",confirmed,Publication page author metadata,https://arxiv.org/abs/2209.15259,"El-Mhamdi, El-Mahdi",,Name matches an author of the externally matched publication; initial differences are compatible.
OntheImpossibleSafet419,"Farhadkhani, Sadegh","Farhadkhani, Sadegh",confirmed,Publication page author metadata,https://arxiv.org/abs/2209.15259,"Farhadkhani, Sadegh",,Name matches an author of the externally matched publication; initial differences are compatible.
OntheImpossibleSafet419,"Guerraoui, Rachid","Guerraoui, Rachid",confirmed,Publication page author metadata,https://arxiv.org/abs/2209.15259,"Guerraoui, Rachid",,Name matches an author of the externally matched publication; initial differences are compatible.
OntheImpossibleSafet419,"Gupta, Nirupam","Gupta, Nirupam",confirmed,Publication page author metadata,https://arxiv.org/abs/2209.15259,"Gupta, Nirupam",,Name matches an author of the externally matched publication; initial differences are compatible.
OntheImpossibleSafet419,"Hoang, Lê-Nguyên","Hoang, Lê-Nguyên",confirmed,Publication page author metadata,https://arxiv.org/abs/2209.15259,"Hoang, Lê-Nguyên",,Name matches an author of the externally matched publication; initial differences are compatible.
OntheImpossibleSafet419,"Pinot, Rafael","Pinot, Rafael",confirmed,Publication page author metadata,https://arxiv.org/abs/2209.15259,"Pinot, Rafael",,Name matches an author of the externally matched publication; initial differences are compatible.
OntheImpossibleSafet419,"Rouault, Sébastien","Rouault, Sébastien",confirmed,Publication page author metadata,https://arxiv.org/abs/2209.15259,"Rouault, Sébastien",,Name matches an author of the externally matched publication; initial differences are compatible.
OntheImpossibleSafet419,"Stephan, John","Stephan, John",confirmed,Publication page author metadata,https://arxiv.org/abs/2209.15259,"Stephan, John",,Name matches an author of the externally matched publication; initial differences are compatible.
OpenProblemsandFunda420,"Casper, Stephen","Casper, Stephen",confirmed,Publication page author metadata,https://arxiv.org/abs/2307.15217,"Casper, Stephen",,Name matches an author of the externally matched publication; initial differences are compatible.
OpenProblemsandFunda420,"Davies, Xander","Davies, Xander",confirmed,Publication page author metadata,https://arxiv.org/abs/2307.15217,"Davies, Xander",,Name matches an author of the externally matched publication; initial differences are compatible.
OpenProblemsandFunda420,"Shi, Claudia","Shi, Claudia",confirmed,Publication page author metadata,https://arxiv.org/abs/2307.15217,"Shi, Claudia",,Name matches an author of the externally matched publication; initial differences are compatible.
OpenProblemsandFunda420,"Gilbert, Thomas Krendl","Gilbert, Thomas Krendl",confirmed,Publication page author metadata,https://arxiv.org/abs/2307.15217,"Gilbert, Thomas Krendl",,Name matches an author of the externally matched publication; initial differences are compatible.
OpenProblemsandFunda420,"Scheurer, Jérémy","Scheurer, Jérémy",confirmed,Publication page author metadata,https://arxiv.org/abs/2307.15217,"Scheurer, Jérémy",,Name matches an author of the externally matched publication; initial differences are compatible.
OpenProblemsandFunda420,"Rando, Javier","Rando, Javier",confirmed,Publication page author metadata,https://arxiv.org/abs/2307.15217,"Rando, Javier",,Name matches an author of the externally matched publication; initial differences are compatible.
OpenProblemsandFunda420,"Freedman, Rachel","Freedman, Rachel",confirmed,Publication page author metadata,https://arxiv.org/abs/2307.15217,"Freedman, Rachel",,Name matches an author of the externally matched publication; initial differences are compatible.
OpenProblemsandFunda420,"Korbak, Tomasz","Korbak, Tomasz",confirmed,Publication page author metadata,https://arxiv.org/abs/2307.15217,"Korbak, Tomasz",,Name matches an author of the externally matched publication; initial differences are compatible.
OpenProblemsandFunda420,"Lindner, David","Lindner, David",confirmed,Publication page author metadata,https://arxiv.org/abs/2307.15217,"Lindner, David",,Name matches an author of the externally matched publication; initial differences are compatible.
OpenProblemsandFunda420,"Freire, Pedro","Freire, Pedro",confirmed,Publication page author metadata,https://arxiv.org/abs/2307.15217,"Freire, Pedro",,Name matches an author of the externally matched publication; initial differences are compatible.
OpenProblemsandFunda420,"Wang, Tony","Wang, Tony",confirmed,Publication page author metadata,https://arxiv.org/abs/2307.15217,"Wang, Tony",,Name matches an author of the externally matched publication; initial differences are compatible.
OpenProblemsandFunda420,"Marks, Samuel","Marks, Samuel",confirmed,Publication page author metadata,https://arxiv.org/abs/2307.15217,"Marks, Samuel",,Name matches an author of the externally matched publication; initial differences are compatible.
OpenProblemsandFunda420,"Segerie, Charbel-Raphaël","Segerie, Charbel-Raphaël",confirmed,Publication page author metadata,https://arxiv.org/abs/2307.15217,"Segerie, Charbel-Raphaël",,Name matches an author of the externally matched publication; initial differences are compatible.
OpenProblemsandFunda420,"Carroll, Micah","Carroll, Micah",confirmed,Publication page author metadata,https://arxiv.org/abs/2307.15217,"Carroll, Micah",,Name matches an author of the externally matched publication; initial differences are compatible.
OpenProblemsandFunda420,"Peng, Andi","Peng, Andi",confirmed,Publication page author metadata,https://arxiv.org/abs/2307.15217,"Peng, Andi",,Name matches an author of the externally matched publication; initial differences are compatible.
OpenProblemsandFunda420,"Christoffersen, Phillip","Christoffersen, Phillip",confirmed,Publication page author metadata,https://arxiv.org/abs/2307.15217,"Christoffersen, Phillip",,Name matches an author of the externally matched publication; initial differences are compatible.
OpenProblemsandFunda420,"Damani, Mehul","Damani, Mehul",confirmed,Publication page author metadata,https://arxiv.org/abs/2307.15217,"Damani, Mehul",,Name matches an author of the externally matched publication; initial differences are compatible.
OpenProblemsandFunda420,"Slocum, Stewart","Slocum, Stewart",confirmed,Publication page author metadata,https://arxiv.org/abs/2307.15217,"Slocum, Stewart",,Name matches an author of the externally matched publication; initial differences are compatible.
OpenProblemsandFunda420,"Anwar, Usman","Anwar, Usman",confirmed,Publication page author metadata,https://arxiv.org/abs/2307.15217,"Anwar, Usman",,Name matches an author of the externally matched publication; initial differences are compatible.
OpenProblemsandFunda420,"Siththaranjan, Anand","Siththaranjan, Anand",confirmed,Publication page author metadata,https://arxiv.org/abs/2307.15217,"Siththaranjan, Anand",,Name matches an author of the externally matched publication; initial differences are compatible.
OpenProblemsandFunda420,"Nadeau, Max","Nadeau, Max",confirmed,Publication page author metadata,https://arxiv.org/abs/2307.15217,"Nadeau, Max",,Name matches an author of the externally matched publication; initial differences are compatible.
OpenProblemsandFunda420,"Michaud, Eric J.","Michaud, Eric J.",confirmed,Publication page author metadata,https://arxiv.org/abs/2307.15217,"Michaud, Eric J.",,Name matches an author of the externally matched publication; initial differences are compatible.
OpenProblemsandFunda420,"Pfau, Jacob","Pfau, Jacob",confirmed,Publication page author metadata,https://arxiv.org/abs/2307.15217,"Pfau, Jacob",,Name matches an author of the externally matched publication; initial differences are compatible.
OpenProblemsandFunda420,"Krasheninnikov, Dmitrii","Krasheninnikov, Dmitrii",confirmed,Publication page author metadata,https://arxiv.org/abs/2307.15217,"Krasheninnikov, Dmitrii",,Name matches an author of the externally matched publication; initial differences are compatible.
OpenProblemsandFunda420,"Chen, Xin","Chen, Xin",confirmed,Publication page author metadata,https://arxiv.org/abs/2307.15217,"Chen, Xin",,Name matches an author of the externally matched publication; initial differences are compatible.
OpenProblemsandFunda420,"Langosco, Lauro","Langosco, Lauro",confirmed,Publication page author metadata,https://arxiv.org/abs/2307.15217,"Langosco, Lauro",,Name matches an author of the externally matched publication; initial differences are compatible.
OpenProblemsandFunda420,"Hase, Peter","Hase, Peter",confirmed,Publication page author metadata,https://arxiv.org/abs/2307.15217,"Hase, Peter",,Name matches an author of the externally matched publication; initial differences are compatible.
OpenProblemsandFunda420,"Bıyık, Erdem","Bıyık, Erdem",confirmed,Publication page author metadata,https://arxiv.org/abs/2307.15217,"Bıyık, Erdem",,Name matches an author of the externally matched publication; initial differences are compatible.
OpenProblemsandFunda420,"Dragan, Anca","Dragan, Anca",confirmed,Publication page author metadata,https://arxiv.org/abs/2307.15217,"Dragan, Anca",,Name matches an author of the externally matched publication; initial differences are compatible.
OpenProblemsandFunda420,"Krueger, David","Krueger, David",confirmed,Publication page author metadata,https://arxiv.org/abs/2307.15217,"Krueger, David",,Name matches an author of the externally matched publication; initial differences are compatible.
OpenProblemsandFunda420,"Sadigh, Dorsa","Sadigh, Dorsa",confirmed,Publication page author metadata,https://arxiv.org/abs/2307.15217,"Sadigh, Dorsa",,Name matches an author of the externally matched publication; initial differences are compatible.
OpenProblemsandFunda420,"Hadfield-Menell, Dylan","Hadfield-Menell, Dylan",confirmed,Publication page author metadata,https://arxiv.org/abs/2307.15217,"Hadfield-Menell, Dylan",,Name matches an author of the externally matched publication; initial differences are compatible.
OpentheBlackBoxDataD421,"Pedreschi, Dino","Pedreschi, Dino",confirmed,Publication page author metadata,https://arxiv.org/abs/1806.09936v1,"Pedreschi, Dino",,Name matches an author of the externally matched publication; initial differences are compatible.
OpentheBlackBoxDataD421,"Giannotti, Fosca","Giannotti, Fosca",confirmed,Publication page author metadata,https://arxiv.org/abs/1806.09936v1,"Giannotti, Fosca",,Name matches an author of the externally matched publication; initial differences are compatible.
OpentheBlackBoxDataD421,"Guidotti, Riccardo","Guidotti, Riccardo",confirmed,Publication page author metadata,https://arxiv.org/abs/1806.09936v1,"Guidotti, Riccardo",,Name matches an author of the externally matched publication; initial differences are compatible.
OpentheBlackBoxDataD421,"Monreale, Anna","Monreale, Anna",confirmed,Publication page author metadata,https://arxiv.org/abs/1806.09936v1,"Monreale, Anna",,Name matches an author of the externally matched publication; initial differences are compatible.
OpentheBlackBoxDataD421,"Pappalardo, Luca","Pappalardo, Luca",confirmed,Publication page author metadata,https://arxiv.org/abs/1806.09936v1,"Pappalardo, Luca",,Name matches an author of the externally matched publication; initial differences are compatible.
OpentheBlackBoxDataD421,"Ruggieri, Salvatore","Ruggieri, Salvatore",confirmed,Publication page author metadata,https://arxiv.org/abs/1806.09936v1,"Ruggieri, Salvatore",,Name matches an author of the externally matched publication; initial differences are compatible.
OpentheBlackBoxDataD421,"Turini, Franco","Turini, Franco",confirmed,Publication page author metadata,https://arxiv.org/abs/1806.09936v1,"Turini, Franco",,Name matches an author of the externally matched publication; initial differences are compatible.
OpenAIsPoliciesHinde422,"Kapoor, S.","Kapoor, Sayash",corrected,Publication page author metadata,https://www.normaltech.ai/p/openais-policies-hinder-reproducible,"Kapoor, Sayash",,Name matches an author of the externally matched publication; initial differences are compatible.
OpenAIsPoliciesHinde422,"Narayanan, A.","Narayanan, Arvind",corrected,Publication page author metadata,https://www.normaltech.ai/p/openais-policies-hinder-reproducible,"Narayanan, Arvind",,Name matches an author of the externally matched publication; initial differences are compatible.
OptimalSparseDecisio423,"Hu, Xiyang","Hu, Xiyang",confirmed,Publication page author metadata,https://arxiv.org/abs/1904.12847,"Hu, Xiyang",,Name matches an author of the externally matched publication; initial differences are compatible.
OptimalSparseDecisio423,"Rudin, Cynthia","Rudin, Cynthia",confirmed,Publication page author metadata,https://arxiv.org/abs/1904.12847,"Rudin, Cynthia",,Name matches an author of the externally matched publication; initial differences are compatible.
OptimalSparseDecisio423,"Seltzer, Margo","Seltzer, Margo",confirmed,Publication page author metadata,https://arxiv.org/abs/1904.12847,"Seltzer, Margo",,Name matches an author of the externally matched publication; initial differences are compatible.
OptimizedPreprocessi424,"Calmon, Flavio","Calmon, Flavio",confirmed,Publication opening-page author block,https://proceedings.neurips.cc/paper_files/paper/2017/file/9a49a25d845a483fae4be7e341368e36-Paper.pdf,,,Full given name and surname occur together in the matched publication author block.
OptimizedPreprocessi424,"Wei, Dennis","Wei, Dennis",confirmed,Publication opening-page author block,https://proceedings.neurips.cc/paper_files/paper/2017/file/9a49a25d845a483fae4be7e341368e36-Paper.pdf,,,Full given name and surname occur together in the matched publication author block.
OptimizedPreprocessi424,"Vinzamuri, Bhanukiran","Vinzamuri, Bhanukiran",confirmed,Publication opening-page author block,https://proceedings.neurips.cc/paper_files/paper/2017/file/9a49a25d845a483fae4be7e341368e36-Paper.pdf,,,Full given name and surname occur together in the matched publication author block.
OptimizedPreprocessi424,"Ramamurthy, Karthikeyan Natesan","Ramamurthy, Karthikeyan Natesan",confirmed,Publication opening-page author block,https://proceedings.neurips.cc/paper_files/paper/2017/file/9a49a25d845a483fae4be7e341368e36-Paper.pdf,,,Full given name and surname occur together in the matched publication author block.
OptimizedPreprocessi424,"Varshney, Kush R.","Varshney, Kush R.",confirmed,Publication opening-page author block,https://proceedings.neurips.cc/paper_files/paper/2017/file/9a49a25d845a483fae4be7e341368e36-Paper.pdf,,,Full given name and surname occur together in the matched publication author block.
OvercomingFailuresof425,"Boyarskaya, Margarita","Boyarskaya, Margarita",confirmed,Publication page author metadata,https://arxiv.org/abs/2011.13416,"Boyarskaya, Margarita",,Name matches an author of the externally matched publication; initial differences are compatible.
OvercomingFailuresof425,"Olteanu, Alexandra","Olteanu, Alexandra",confirmed,Publication page author metadata,https://arxiv.org/abs/2011.13416,"Olteanu, Alexandra",,Name matches an author of the externally matched publication; initial differences are compatible.
OvercomingFailuresof425,"Crawford, Kate","Crawford, Kate",confirmed,Publication page author metadata,https://arxiv.org/abs/2011.13416,"Crawford, Kate",,Name matches an author of the externally matched publication; initial differences are compatible.
OWASPTop10forLargeLa426,OWASP,OWASP,unverified,,,,,No sufficient publication-specific author evidence found.
ParaPOAligningLangua427,"Chen, Tong","Chen, Tong",confirmed,Publication page author metadata,https://arxiv.org/abs/2504.14452,"Chen, Tong",,Name matches an author of the externally matched publication; initial differences are compatible.
ParaPOAligningLangua427,"Brahman, Faeze","Brahman, Faeze",confirmed,Publication page author metadata,https://arxiv.org/abs/2504.14452,"Brahman, Faeze",,Name matches an author of the externally matched publication; initial differences are compatible.
ParaPOAligningLangua427,"Liu, Jiacheng","Liu, Jiacheng",confirmed,Publication page author metadata,https://arxiv.org/abs/2504.14452,"Liu, Jiacheng",,Name matches an author of the externally matched publication; initial differences are compatible.
ParaPOAligningLangua427,"Mireshghallah, Niloofar","Mireshghallah, Niloofar",confirmed,Publication page author metadata,https://arxiv.org/abs/2504.14452,"Mireshghallah, Niloofar",,Name matches an author of the externally matched publication; initial differences are compatible.
ParaPOAligningLangua427,"Shi, Weijia","Shi, Weijia",confirmed,Publication page author metadata,https://arxiv.org/abs/2504.14452,"Shi, Weijia",,Name matches an author of the externally matched publication; initial differences are compatible.
ParaPOAligningLangua427,"Koh, Pang Wei","Koh, Pang Wei",confirmed,Publication page author metadata,https://arxiv.org/abs/2504.14452,"Koh, Pang Wei",,Name matches an author of the externally matched publication; initial differences are compatible.
ParaPOAligningLangua427,"Zettlemoyer, Luke","Zettlemoyer, Luke",confirmed,Publication page author metadata,https://arxiv.org/abs/2504.14452,"Zettlemoyer, Luke",,Name matches an author of the externally matched publication; initial differences are compatible.
ParaPOAligningLangua427,"Hajishirzi, Hannaneh","Hajishirzi, Hannaneh",confirmed,Publication page author metadata,https://arxiv.org/abs/2504.14452,"Hajishirzi, Hannaneh",,Name matches an author of the externally matched publication; initial differences are compatible.
ParticipationIsnotaD428,"Sloane, Mona","Sloane, Mona",confirmed,Publisher-deposited DOI author list,https://api.crossref.org/works/10.1145%2F3551624.3555285,"Sloane, Mona",,Name matches an author of the externally matched publication; initial differences are compatible.
ParticipationIsnotaD428,"Moss, Emanuel","Moss, Emanuel",confirmed,Publisher-deposited DOI author list,https://api.crossref.org/works/10.1145%2F3551624.3555285,"Moss, Emanuel",,Name matches an author of the externally matched publication; initial differences are compatible.
ParticipationIsnotaD428,"Awomolo, Olaitan","Awomolo, Olaitan",confirmed,Publisher-deposited DOI author list,https://api.crossref.org/works/10.1145%2F3551624.3555285,"Awomolo, Olaitan",,Name matches an author of the externally matched publication; initial differences are compatible.
ParticipationIsnotaD428,"Forlano, Laura","Forlano, Laura",confirmed,Publisher-deposited DOI author list,https://api.crossref.org/works/10.1145%2F3551624.3555285,"Forlano, Laura",,Name matches an author of the externally matched publication; initial differences are compatible.
ParticipatoryAIforhu429,"Berditchevskaia, Aleks","Berditchevskaia, Aleks",confirmed,Publication opening-page author block,https://media.nesta.org.uk/documents/Nesta_Participatory_AI_for_humanitarian_innovation_Final.pdf,,,Full given name and surname occur together in the matched publication author block.
ParticipatoryAIforhu429,"Malliaraki, Eirini","Malliaraki, Eirini",confirmed,Publication opening-page author block,https://media.nesta.org.uk/documents/Nesta_Participatory_AI_for_humanitarian_innovation_Final.pdf,,,Full given name and surname occur together in the matched publication author block.
ParticipatoryAIforhu429,"Peach, Kathy","Peach, Kathy",confirmed,Publication opening-page author block,https://media.nesta.org.uk/documents/Nesta_Participatory_AI_for_humanitarian_innovation_Final.pdf,,,Full given name and surname occur together in the matched publication author block.
PatternRecognitionan430,"Bishop, Christopher M.","Bishop, Christopher M.",confirmed,Reviewed full publication author list,https://link.springer.com/book/9780387310732,"Bishop, Christopher M.",,Publisher identifies Christopher M. Bishop as the sole book author; Nasser M. Nasrabadi is not an author of this book.
PeekingInsidetheBlac431,"Goldstein, Alex","Goldstein, Alex",confirmed,Publication page author metadata,https://arxiv.org/abs/1309.6392,"Goldstein, Alex",,Name matches an author of the externally matched publication; initial differences are compatible.
PeekingInsidetheBlac431,"Kapelner, Adam","Kapelner, Adam",confirmed,Publication page author metadata,https://arxiv.org/abs/1309.6392,"Kapelner, Adam",,Name matches an author of the externally matched publication; initial differences are compatible.
PeekingInsidetheBlac431,"Bleich, Justin","Bleich, Justin",confirmed,Publication page author metadata,https://arxiv.org/abs/1309.6392,"Bleich, Justin",,Name matches an author of the externally matched publication; initial differences are compatible.
PeekingInsidetheBlac431,"Pitkin, Emil","Pitkin, Emil",confirmed,Publication page author metadata,https://arxiv.org/abs/1309.6392,"Pitkin, Emil",,Name matches an author of the externally matched publication; initial differences are compatible.
PEFTStateoftheartPar432,"Mangrulkar, Sourab","Mangrulkar, Sourab",unverified,,,,,No sufficient publication-specific author evidence found.
PEFTStateoftheartPar432,"Gugger, Sylvain","Gugger, Sylvain",unverified,,,,,No sufficient publication-specific author evidence found.
PEFTStateoftheartPar432,"Debut, Lysandre","Debut, Lysandre",unverified,,,,,No sufficient publication-specific author evidence found.
PEFTStateoftheartPar432,"Belkada, Younes","Belkada, Younes",unverified,,,,,No sufficient publication-specific author evidence found.
PEFTStateoftheartPar432,"Paul, Sayak","Paul, Sayak",unverified,,,,,No sufficient publication-specific author evidence found.
PEFTStateoftheartPar432,"Bossan, Benjamin","Bossan, Benjamin",unverified,,,,,No sufficient publication-specific author evidence found.
PeopleAIGuidebook433,{Google PAIR},{Google PAIR},unverified,,,,,No sufficient publication-specific author evidence found.
PhysicsforScientists434,"Giancoli, D.C.","Giancoli, D.C.",unverified,,,,,No sufficient publication-specific author evidence found.
Pickingonthesamepers435,"Bommasani, R.","Bommasani, Rishi",corrected,Publication page author metadata,https://arxiv.org/abs/2211.13972,"Bommasani, Rishi",,Complete authoritative author list matches all previously listed authors; restore omitted authors in source order.
Pickingonthesamepers435,,"Creel, Kathleen A.",corrected,Publication page author metadata,https://arxiv.org/abs/2211.13972,"Creel, Kathleen A.",,Complete authoritative author list matches all previously listed authors; restore omitted authors in source order.
Pickingonthesamepers435,,"Kumar, Ananya",corrected,Publication page author metadata,https://arxiv.org/abs/2211.13972,"Kumar, Ananya",,Complete authoritative author list matches all previously listed authors; restore omitted authors in source order.
Pickingonthesamepers435,,"Jurafsky, Dan",corrected,Publication page author metadata,https://arxiv.org/abs/2211.13972,"Jurafsky, Dan",,Complete authoritative author list matches all previously listed authors; restore omitted authors in source order.
Pickingonthesamepers435,,"Liang, Percy",corrected,Publication page author metadata,https://arxiv.org/abs/2211.13972,"Liang, Percy",,Complete authoritative author list matches all previously listed authors; restore omitted authors in source order.
PlagBenchExploringth436,"Lee, Jooyoung","Lee, Jooyoung",confirmed,Publication page author metadata,https://aclanthology.org/2025.naacl-long.384/,"Lee, Joo-Young",,Name matches an author of the externally matched publication; initial differences are compatible.
PlagBenchExploringth436,"Agrawal, Toshini","Agrawal, Toshini",confirmed,Publication page author metadata,https://aclanthology.org/2025.naacl-long.384/,"Agrawal, Toshini",,Name matches an author of the externally matched publication; initial differences are compatible.
PlagBenchExploringth436,"Uchendu, Adaku","Uchendu, Adaku",confirmed,Publication page author metadata,https://aclanthology.org/2025.naacl-long.384/,"Uchendu, Adaku",,Name matches an author of the externally matched publication; initial differences are compatible.
PlagBenchExploringth436,"Le, Thai","Le, Thai",confirmed,Publication page author metadata,https://aclanthology.org/2025.naacl-long.384/,"Le, Thai",,Name matches an author of the externally matched publication; initial differences are compatible.
PlagBenchExploringth436,"Chen, Jinghui","Chen, Jinghui",confirmed,Publication page author metadata,https://aclanthology.org/2025.naacl-long.384/,"Chen, Jinghui",,Name matches an author of the externally matched publication; initial differences are compatible.
PlagBenchExploringth436,"Lee, Dongwon","Lee, Dongwon",confirmed,Publication page author metadata,https://aclanthology.org/2025.naacl-long.384/,"Lee, Dongwon",,Name matches an author of the externally matched publication; initial differences are compatible.
PleaseBePolitetoChat437,"Wright, Webb","Wright, Webb",unverified,,,,,No sufficient publication-specific author evidence found.
PleaseStopExplaining438,"Rudin, Cynthia","Rudin, Cynthia",confirmed,Publication opening-page author block,https://arxiv.org/pdf/1811.10154v1,,,Full given name and surname occur together in the matched publication author block.
PMLBAlargebenchmarks439,"Olson, Randal S.","Olson, Randal S.",confirmed,Publisher-deposited DOI author list,https://api.crossref.org/works/10.1186%2Fs13040-017-0154-4,"Olson, Randal S.",,Name matches an author of the externally matched publication; initial differences are compatible.
PMLBAlargebenchmarks439,"La Cava, William","La Cava, William",confirmed,Publisher-deposited DOI author list,https://api.crossref.org/works/10.1186%2Fs13040-017-0154-4,"La Cava, William",,Name matches an author of the externally matched publication; initial differences are compatible.
PMLBAlargebenchmarks439,"Orzechowski, Patryk","Orzechowski, Patryk",confirmed,Publisher-deposited DOI author list,https://api.crossref.org/works/10.1186%2Fs13040-017-0154-4,"Orzechowski, Patryk",,Name matches an author of the externally matched publication; initial differences are compatible.
PMLBAlargebenchmarks439,"Urbanowicz, Ryan J.","Urbanowicz, Ryan J.",confirmed,Publisher-deposited DOI author list,https://api.crossref.org/works/10.1186%2Fs13040-017-0154-4,"Urbanowicz, Ryan J.",,Name matches an author of the externally matched publication; initial differences are compatible.
PMLBAlargebenchmarks439,"Moore, Jason H.","Moore, Jason H.",confirmed,Publisher-deposited DOI author list,https://api.crossref.org/works/10.1186%2Fs13040-017-0154-4,"Moore, Jason H.",,Name matches an author of the externally matched publication; initial differences are compatible.
Poisoninglanguagemod440,"Wan, Alexander","Wan, Alexander",confirmed,Publication page author metadata,https://arxiv.org/abs/2305.00944,"Wan, Alexander",,Name matches an author of the externally matched publication; initial differences are compatible.
Poisoninglanguagemod440,"Wallace, Eric","Wallace, Eric",confirmed,Publication page author metadata,https://arxiv.org/abs/2305.00944,"Wallace, Eric",,Name matches an author of the externally matched publication; initial differences are compatible.
Poisoninglanguagemod440,"Shen, Sheng","Shen, Sheng",confirmed,Publication page author metadata,https://arxiv.org/abs/2305.00944,"Shen, Sheng",,Name matches an author of the externally matched publication; initial differences are compatible.
Poisoninglanguagemod440,"Klein, Dan","Klein, Dan",confirmed,Publication page author metadata,https://arxiv.org/abs/2305.00944,"Klein, Dan",,Name matches an author of the externally matched publication; initial differences are compatible.
PositionEvaluatingGe441,"Wallach, Hanna","Wallach, Hanna",confirmed,Publication page author metadata,https://arxiv.org/abs/2502.00561,"Wallach, Hanna",,Name matches an author of the externally matched publication; initial differences are compatible.
PositionEvaluatingGe441,"Desai, Meera","Desai, Meera",confirmed,Publication page author metadata,https://arxiv.org/abs/2502.00561,"Desai, Meera",,Name matches an author of the externally matched publication; initial differences are compatible.
PositionEvaluatingGe441,"Cooper, A. Feder","Cooper, A. Feder",confirmed,Publication page author metadata,https://arxiv.org/abs/2502.00561,"Cooper, A. Feder",,Name matches an author of the externally matched publication; initial differences are compatible.
PositionEvaluatingGe441,"Wang, Angelina","Wang, Angelina",confirmed,Publication page author metadata,https://arxiv.org/abs/2502.00561,"Wang, Angelina",,Name matches an author of the externally matched publication; initial differences are compatible.
PositionEvaluatingGe441,"Atalla, Chad","Atalla, Chad",confirmed,Publication page author metadata,https://arxiv.org/abs/2502.00561,"Atalla, Chad",,Name matches an author of the externally matched publication; initial differences are compatible.
PositionEvaluatingGe441,"Barocas, Solon","Barocas, Solon",confirmed,Publication page author metadata,https://arxiv.org/abs/2502.00561,"Barocas, Solon",,Name matches an author of the externally matched publication; initial differences are compatible.
PositionEvaluatingGe441,"Blodgett, Su Lin","Blodgett, Su Lin",confirmed,Publication page author metadata,https://arxiv.org/abs/2502.00561,"Blodgett, Su Lin",,Name matches an author of the externally matched publication; initial differences are compatible.
PositionEvaluatingGe441,"Chouldechova, Alexandra","Chouldechova, Alexandra",confirmed,Publication page author metadata,https://arxiv.org/abs/2502.00561,"Chouldechova, Alexandra",,Name matches an author of the externally matched publication; initial differences are compatible.
PositionEvaluatingGe441,"Corvi, Emily","Corvi, Emily",confirmed,Publication page author metadata,https://arxiv.org/abs/2502.00561,"Corvi, Emily",,Name matches an author of the externally matched publication; initial differences are compatible.
PositionEvaluatingGe441,"Dow, P. Alex","Dow, P. Alex",confirmed,Publication page author metadata,https://arxiv.org/abs/2502.00561,"Dow, P. Alex",,Name matches an author of the externally matched publication; initial differences are compatible.
PositionEvaluatingGe441,"Garcia-Gathright, Jean","Garcia-Gathright, Jean",confirmed,Publication page author metadata,https://arxiv.org/abs/2502.00561,"Garcia-Gathright, Jean",,Name matches an author of the externally matched publication; initial differences are compatible.
PositionEvaluatingGe441,"Olteanu, Alexandra","Olteanu, Alexandra",confirmed,Publication page author metadata,https://arxiv.org/abs/2502.00561,"Olteanu, Alexandra",,Name matches an author of the externally matched publication; initial differences are compatible.
PositionEvaluatingGe441,"Pangakis, Nicholas","Pangakis, Nicholas",confirmed,Publication page author metadata,https://arxiv.org/abs/2502.00561,"Pangakis, Nicholas",,Name matches an author of the externally matched publication; initial differences are compatible.
PositionEvaluatingGe441,"Reed, Stefanie","Reed, Stefanie",confirmed,Publication page author metadata,https://arxiv.org/abs/2502.00561,"Reed, Stefanie",,Name matches an author of the externally matched publication; initial differences are compatible.
PositionEvaluatingGe441,"Sheng, Emily","Sheng, Emily",confirmed,Publication page author metadata,https://arxiv.org/abs/2502.00561,"Sheng, Emily",,Name matches an author of the externally matched publication; initial differences are compatible.
PositionEvaluatingGe441,"Vann, Dan","Vann, Dan",confirmed,Publication page author metadata,https://arxiv.org/abs/2502.00561,"Vann, Dan",,Name matches an author of the externally matched publication; initial differences are compatible.
PositionEvaluatingGe441,"Vaughan, Jennifer Wortman","Vaughan, Jennifer Wortman",confirmed,Publication page author metadata,https://arxiv.org/abs/2502.00561,"Vaughan, Jennifer Wortman",,Name matches an author of the externally matched publication; initial differences are compatible.
PositionEvaluatingGe441,"Vogel, Matthew","Vogel, Matthew",confirmed,Publication page author metadata,https://arxiv.org/abs/2502.00561,"Vogel, Matthew",,Name matches an author of the externally matched publication; initial differences are compatible.
PositionEvaluatingGe441,"Washington, Hannah","Washington, Hannah",confirmed,Publication page author metadata,https://arxiv.org/abs/2502.00561,"Washington, Hannah",,Name matches an author of the externally matched publication; initial differences are compatible.
PositionEvaluatingGe441,"Jacobs, Abigail Z.","Jacobs, Abigail Z.",confirmed,Publication page author metadata,https://arxiv.org/abs/2502.00561,"Jacobs, Abigail Z.",,Name matches an author of the externally matched publication; initial differences are compatible.
Powerhungryprocessin442,"Luccioni, S.","Luccioni, S.",unverified,,,,,No sufficient publication-specific author evidence found.
Powerhungryprocessin442,"Jernite, Y.","Jernite, Yacine",corrected,Publication page author metadata,https://arxiv.org/abs/2311.16863,"Jernite, Yacine",,Name matches an author of the externally matched publication; initial differences are compatible.
Powerhungryprocessin442,"Strubell, E.","Strubell, Emma",corrected,Publication page author metadata,https://arxiv.org/abs/2311.16863,"Strubell, Emma",,Name matches an author of the externally matched publication; initial differences are compatible.
PowertothePeopleOppo443,"Birhane, Abeba","Birhane, Abeba",confirmed,Publisher-deposited DOI author list,https://api.crossref.org/works/10.1145%2F3551624.3555290,"Birhane, Abeba",,Name matches an author of the externally matched publication; initial differences are compatible.
PowertothePeopleOppo443,"Isaac, William","Isaac, William",confirmed,Publisher-deposited DOI author list,https://api.crossref.org/works/10.1145%2F3551624.3555290,"Isaac, William",,Name matches an author of the externally matched publication; initial differences are compatible.
PowertothePeopleOppo443,"Prabhakaran, Vinodkumar","Prabhakaran, Vinodkumar",confirmed,Publisher-deposited DOI author list,https://api.crossref.org/works/10.1145%2F3551624.3555290,"Prabhakaran, Vinodkumar",,Name matches an author of the externally matched publication; initial differences are compatible.
PowertothePeopleOppo443,"Diaz, Mark","Diaz, Mark",confirmed,Publisher-deposited DOI author list,https://api.crossref.org/works/10.1145%2F3551624.3555290,"Diaz, Mark",,Name matches an author of the externally matched publication; initial differences are compatible.
PowertothePeopleOppo443,"Elish, Madeleine Clare","Elish, Madeleine Clare",confirmed,Publisher-deposited DOI author list,https://api.crossref.org/works/10.1145%2F3551624.3555290,"Elish, Madeleine Clare",,Name matches an author of the externally matched publication; initial differences are compatible.
PowertothePeopleOppo443,"Gabriel, Iason","Gabriel, Iason",confirmed,Publisher-deposited DOI author list,https://api.crossref.org/works/10.1145%2F3551624.3555290,"Gabriel, Iason",,Name matches an author of the externally matched publication; initial differences are compatible.
PowertothePeopleOppo443,"Mohamed, Shakir","Mohamed, Shakir",confirmed,Publisher-deposited DOI author list,https://api.crossref.org/works/10.1145%2F3551624.3555290,"Mohamed, Shakir",,Name matches an author of the externally matched publication; initial differences are compatible.
Pragmaticannotationf444,"Mil{\`a}-Garcia, Alba","Mil{\`a}-Garcia, Alba",confirmed,Publisher-deposited DOI author list,https://api.crossref.org/works/10.1007%2Fs41701-018-0037-z,"Milà-Garcia, Alba",https://orcid.org/0000-0002-4747-361X,Name matches an author of the externally matched publication; initial differences are compatible.
PredictingGoodProbab445,"Niculescu-Mizil, Alexandru","Niculescu-Mizil, Alexandru",confirmed,Publisher-deposited DOI author list,https://api.crossref.org/works/10.1145%2F1102351.1102430,"Niculescu-Mizil, Alexandru",,Name matches an author of the externally matched publication; initial differences are compatible.
PredictingGoodProbab445,"Caruana, Rich","Caruana, Rich",confirmed,Publisher-deposited DOI author list,https://api.crossref.org/works/10.1145%2F1102351.1102430,"Caruana, Rich",,Name matches an author of the externally matched publication; initial differences are compatible.
PredictiveLearningVi446,"Friedman, Jerome H.","Friedman, Jerome H.",confirmed,Publisher-deposited DOI author list,https://api.crossref.org/works/10.1214%2F07-aoas148,"Friedman, Jerome H.",,Name matches an author of the externally matched publication; initial differences are compatible.
PredictiveLearningVi446,"Popescu, Bogdan E.","Popescu, Bogdan E.",confirmed,Publisher-deposited DOI author list,https://api.crossref.org/works/10.1214%2F07-aoas148,"Popescu, Bogdan E.",,Name matches an author of the externally matched publication; initial differences are compatible.
PredictiveLearningVi446,others,others,unverified,,,,,No sufficient publication-specific author evidence found.
PredictiveModelingSt447,"Hall, Patrick","Hall, Patrick",confirmed,Publication page author metadata,https://www.oreilly.com/content/predictive-modeling-striking-a-balance-between-accuracy-and-interpretability/,"Hall, Patrick",,Name matches an author of the externally matched publication; initial differences are compatible.
PresidioDataProtecti448,{Microsoft},{Microsoft},unverified,,,,,No sufficient publication-specific author evidence found.
PretrainingDataMixtu449,"Yadlowsky, Steve","Yadlowsky, Steve",confirmed,Publication page author metadata,https://arxiv.org/abs/2311.00871,"Yadlowsky, Steve",,Name matches an author of the externally matched publication; initial differences are compatible.
PretrainingDataMixtu449,"Doshi, Lyric","Doshi, Lyric",confirmed,Publication page author metadata,https://arxiv.org/abs/2311.00871,"Doshi, Lyric",,Name matches an author of the externally matched publication; initial differences are compatible.
PretrainingDataMixtu449,"Tripuraneni, Nilesh","Tripuraneni, Nilesh",confirmed,Publication page author metadata,https://arxiv.org/abs/2311.00871,"Tripuraneni, Nilesh",,Name matches an author of the externally matched publication; initial differences are compatible.
PreventingRepeatedRe450,"McGregor, Sean","McGregor, Sean",confirmed,Publication page author metadata,https://arxiv.org/abs/2011.08512,"McGregor, Sean",,Name matches an author of the externally matched publication; initial differences are compatible.
PrimeMinistersetsout451,"UK Department for Science, Innovation","UK Department for Science, Innovation",unverified,,,,,No sufficient publication-specific author evidence found.
PrimeMinistersetsout451,Technology,Technology,unverified,,,,,No sufficient publication-specific author evidence found.
PrivacyRisksofExplai452,"Shokri, Reza","Shokri, Reza",confirmed,Publication opening-page author block,https://arxiv.org/pdf/1907.00164v1,,,Full given name and surname occur together in the matched publication author block.
PrivacyRisksofExplai452,"Strobel, Martin","Strobel, Martin",confirmed,Publication opening-page author block,https://arxiv.org/pdf/1907.00164v1,,,Full given name and surname occur together in the matched publication author block.
PrivacyRisksofExplai452,"Zick, Yair","Zick, Yair",confirmed,Publication opening-page author block,https://arxiv.org/pdf/1907.00164v1,,,Full given name and surname occur together in the matched publication author block.
PrivacyPreservingDat453,"Agrawal, Rakesh","Agrawal, Rakesh",confirmed,Publisher-deposited DOI author list,https://api.crossref.org/works/10.1145%2F342009.335438,"Agrawal, Rakesh",,Name matches an author of the externally matched publication; initial differences are compatible.
PrivacyPreservingDat453,"Srikant, Ramakrishnan","Srikant, Ramakrishnan",confirmed,Publisher-deposited DOI author list,https://api.crossref.org/works/10.1145%2F342009.335438,"Srikant, Ramakrishnan",,Name matches an author of the externally matched publication; initial differences are compatible.
ProbabilisticProgram454,"Salvatier, John","Salvatier, John",confirmed,Publisher-deposited DOI author list,https://api.crossref.org/works/10.7717%2Fpeerj-cs.55,"Salvatier, John",,Name matches an author of the externally matched publication; initial differences are compatible.
ProbabilisticProgram454,"Wiecki, Thomas V","Wiecki, Thomas V",confirmed,Publisher-deposited DOI author list,https://api.crossref.org/works/10.7717%2Fpeerj-cs.55,"Wiecki, Thomas V.",,Name matches an author of the externally matched publication; initial differences are compatible.
ProbabilisticProgram454,"Fonnesbeck, Christopher","Fonnesbeck, Christopher",confirmed,Publisher-deposited DOI author list,https://api.crossref.org/works/10.7717%2Fpeerj-cs.55,"Fonnesbeck, Christopher",,Name matches an author of the externally matched publication; initial differences are compatible.
Problemsofmonetaryma455,"Goodhart, Charles AE","Goodhart, Charles AE",confirmed,Publisher-deposited DOI author list,https://api.crossref.org/works/10.1007%2F978-1-349-17295-5_4,"Goodhart, C. A. E.",,Name matches an author of the externally matched publication; initial differences are compatible.
ProblemswithShapleyv456,"Kumar, I. Elizabeth","Kumar, I. Elizabeth",confirmed,Publication page author metadata,https://arxiv.org/abs/2002.11097,"Kumar, I. Elizabeth",,Name matches an author of the externally matched publication; initial differences are compatible.
ProblemswithShapleyv456,"Venkatasubramanian, Suresh","Venkatasubramanian, Suresh",confirmed,Publication page author metadata,https://arxiv.org/abs/2002.11097,"Venkatasubramanian, Suresh",,Name matches an author of the externally matched publication; initial differences are compatible.
ProblemswithShapleyv456,"Scheidegger, Carlos","Scheidegger, Carlos",confirmed,Publication page author metadata,https://arxiv.org/abs/2002.11097,"Scheidegger, Carlos",,Name matches an author of the externally matched publication; initial differences are compatible.
ProblemswithShapleyv456,"Friedler, Sorelle","Friedler, Sorelle",confirmed,Publication page author metadata,https://arxiv.org/abs/2002.11097,"Friedler, Sorelle",,Name matches an author of the externally matched publication; initial differences are compatible.
Proceedingsofthe60th457,,,unverified,No author supplied,,,,Author field is empty; no supported author list found.
PromptEngineeringGui458,"Saravia, Elvis","Saravia, Elvis",confirmed,Reviewed full publication author list,https://github.com/dair-ai/Prompt-Engineering-Guide/blob/main/README.md?plain=1,"Saravia, Elvis",,Project README supplies the recommended citation with Elvis Saravia as author.
PromptInjectionattac459,"Liu, Yi","Liu, Yi",confirmed,Publication page author metadata,https://arxiv.org/abs/2306.05499,"Liu, Yi",,Name matches an author of the externally matched publication; initial differences are compatible.
PromptInjectionattac459,"Deng, Gelei","Deng, Gelei",confirmed,Publication page author metadata,https://arxiv.org/abs/2306.05499,"Deng, Gelei",,Name matches an author of the externally matched publication; initial differences are compatible.
PromptInjectionattac459,"Li, Yuekang","Li, Yuekang",confirmed,Publication page author metadata,https://arxiv.org/abs/2306.05499,"Li, Yuekang",,Name matches an author of the externally matched publication; initial differences are compatible.
PromptInjectionattac459,"Wang, Kailong","Wang, Kailong",confirmed,Publication page author metadata,https://arxiv.org/abs/2306.05499,"Wang, Kailong",,Name matches an author of the externally matched publication; initial differences are compatible.
PromptInjectionattac459,"Zhang, Tianwei","Zhang, Tianwei",confirmed,Publication page author metadata,https://arxiv.org/abs/2306.05499,"Zhang, Tianwei",,Name matches an author of the externally matched publication; initial differences are compatible.
PromptInjectionattac459,"Liu, Yepang","Liu, Yepang",confirmed,Publication page author metadata,https://arxiv.org/abs/2306.05499,"Liu, Yepang",,Name matches an author of the externally matched publication; initial differences are compatible.
PromptInjectionattac459,"Wang, Haoyu","Wang, Haoyu",confirmed,Publication page author metadata,https://arxiv.org/abs/2306.05499,"Wang, Haoyu",,Name matches an author of the externally matched publication; initial differences are compatible.
PromptInjectionattac459,"Zheng, Yan","Zheng, Yan",confirmed,Publication page author metadata,https://arxiv.org/abs/2306.05499,"Zheng, Yan",,Name matches an author of the externally matched publication; initial differences are compatible.
PromptInjectionattac459,"Liu, Yang","Liu, Yang",confirmed,Publication page author metadata,https://arxiv.org/abs/2306.05499,"Liu, Yang",,Name matches an author of the externally matched publication; initial differences are compatible.
Promptinjectionattac460,"Shi, Jiawen","Shi, Jiawen",confirmed,Publication page author metadata,https://arxiv.org/abs/2504.19793,"Shi, Jiawen",,Name matches an author of the externally matched publication; initial differences are compatible.
Promptinjectionattac460,"Yuan, Zenghui","Yuan, Zenghui",confirmed,Publication page author metadata,https://arxiv.org/abs/2504.19793,"Yuan, Zenghui",,Name matches an author of the externally matched publication; initial differences are compatible.
Promptinjectionattac460,"Tie, Guiyao","Tie, Guiyao",confirmed,Publication page author metadata,https://arxiv.org/abs/2504.19793,"Tie, Guiyao",,Name matches an author of the externally matched publication; initial differences are compatible.
Promptinjectionattac460,"Zhou, Pan","Zhou, Pan",confirmed,Publication page author metadata,https://arxiv.org/abs/2504.19793,"Zhou, Pan",,Name matches an author of the externally matched publication; initial differences are compatible.
Promptinjectionattac460,"Gong, Neil Zhenqiang","Gong, Neil Zhenqiang",confirmed,Publication page author metadata,https://arxiv.org/abs/2504.19793,"Gong, Neil Zhenqiang",,Name matches an author of the externally matched publication; initial differences are compatible.
Promptinjectionattac460,"Sun, Lichao","Sun, Lichao",confirmed,Publication page author metadata,https://arxiv.org/abs/2504.19793,"Sun, Lichao",,Name matches an author of the externally matched publication; initial differences are compatible.
PromptbenchAunifiedl461,"Zhu, Kaijie","Zhu, Kaijie",confirmed,Publication page author metadata,https://arxiv.org/abs/2312.07910,"Zhu, Kaijie",,Name matches an author of the externally matched publication; initial differences are compatible.
PromptbenchAunifiedl461,"Zhao, Qinlin","Zhao, Qinlin",confirmed,Publication page author metadata,https://arxiv.org/abs/2312.07910,"Zhao, Qinlin",,Name matches an author of the externally matched publication; initial differences are compatible.
PromptbenchAunifiedl461,"Chen, Hao","Chen, Hao",confirmed,Publication page author metadata,https://arxiv.org/abs/2312.07910,"Chen, Hao",,Name matches an author of the externally matched publication; initial differences are compatible.
PromptbenchAunifiedl461,"Wang, Jindong","Wang, Jindong",confirmed,Publication page author metadata,https://arxiv.org/abs/2312.07910,"Wang, Jindong",,Name matches an author of the externally matched publication; initial differences are compatible.
PromptbenchAunifiedl461,"Xie, Xing","Xie, Xing",confirmed,Publication page author metadata,https://arxiv.org/abs/2312.07910,"Xie, Xing",,Name matches an author of the externally matched publication; initial differences are compatible.
PromptSourceAnIntegr462,"Bach, Stephen H.","Bach, Stephen H.",confirmed,Publication page author metadata,https://arxiv.org/abs/2202.01279,"Bach, Stephen H.",,Name matches an author of the externally matched publication; initial differences are compatible.
PromptSourceAnIntegr462,"Sanh, Victor","Sanh, Victor",confirmed,Publication page author metadata,https://arxiv.org/abs/2202.01279,"Sanh, Victor",,Name matches an author of the externally matched publication; initial differences are compatible.
PromptSourceAnIntegr462,"Yong, Zheng-Xin","Yong, Zheng-Xin",confirmed,Publication page author metadata,https://arxiv.org/abs/2202.01279,"Yong, Zheng-Xin",,Name matches an author of the externally matched publication; initial differences are compatible.
PromptSourceAnIntegr462,"Webson, Albert","Webson, Albert",confirmed,Publication page author metadata,https://arxiv.org/abs/2202.01279,"Webson, Albert",,Name matches an author of the externally matched publication; initial differences are compatible.
PromptSourceAnIntegr462,"Raffel, Colin","Raffel, Colin",confirmed,Publication page author metadata,https://arxiv.org/abs/2202.01279,"Raffel, Colin",,Name matches an author of the externally matched publication; initial differences are compatible.
PromptSourceAnIntegr462,"Nayak, Nihal V.","Nayak, Nihal V.",confirmed,Publication page author metadata,https://arxiv.org/abs/2202.01279,"Nayak, Nihal V.",,Name matches an author of the externally matched publication; initial differences are compatible.
PromptSourceAnIntegr462,"Sharma, Abheesht","Sharma, Abheesht",confirmed,Publication page author metadata,https://arxiv.org/abs/2202.01279,"Sharma, Abheesht",,Name matches an author of the externally matched publication; initial differences are compatible.
PromptSourceAnIntegr462,"Kim, Taewoon","Kim, Taewoon",confirmed,Publication page author metadata,https://arxiv.org/abs/2202.01279,"Kim, Taewoon",,Name matches an author of the externally matched publication; initial differences are compatible.
PromptSourceAnIntegr462,"Bari, M Saiful","Bari, M Saiful",confirmed,Publication page author metadata,https://arxiv.org/abs/2202.01279,"Bari, M. Saiful",,Name matches an author of the externally matched publication; initial differences are compatible.
PromptSourceAnIntegr462,"Fevry, Thibault","Fevry, Thibault",confirmed,Publication page author metadata,https://arxiv.org/abs/2202.01279,"Fevry, Thibault",,Name matches an author of the externally matched publication; initial differences are compatible.
PromptSourceAnIntegr462,"Alyafeai, Zaid","Alyafeai, Zaid",confirmed,Publication page author metadata,https://arxiv.org/abs/2202.01279,"Alyafeai, Zaid",,Name matches an author of the externally matched publication; initial differences are compatible.
PromptSourceAnIntegr462,"Dey, Manan","Dey, Manan",confirmed,Publication page author metadata,https://arxiv.org/abs/2202.01279,"Dey, Manan",,Name matches an author of the externally matched publication; initial differences are compatible.
PromptSourceAnIntegr462,"Santilli, Andrea","Santilli, Andrea",confirmed,Publication page author metadata,https://arxiv.org/abs/2202.01279,"Santilli, Andrea",,Name matches an author of the externally matched publication; initial differences are compatible.
PromptSourceAnIntegr462,"Sun, Zhiqing","Sun, Zhiqing",confirmed,Publication page author metadata,https://arxiv.org/abs/2202.01279,"Sun, Zhiqing",,Name matches an author of the externally matched publication; initial differences are compatible.
PromptSourceAnIntegr462,"Ben-David, Srulik","Ben-David, Srulik",confirmed,Publication page author metadata,https://arxiv.org/abs/2202.01279,"Ben-David, Srulik",,Name matches an author of the externally matched publication; initial differences are compatible.
PromptSourceAnIntegr462,"Xu, Canwen","Xu, Canwen",confirmed,Publication page author metadata,https://arxiv.org/abs/2202.01279,"Xu, Canwen",,Name matches an author of the externally matched publication; initial differences are compatible.
PromptSourceAnIntegr462,"Chhablani, Gunjan","Chhablani, Gunjan",confirmed,Publication page author metadata,https://arxiv.org/abs/2202.01279,"Chhablani, Gunjan",,Name matches an author of the externally matched publication; initial differences are compatible.
PromptSourceAnIntegr462,"Wang, Han","Wang, Han",confirmed,Publication page author metadata,https://arxiv.org/abs/2202.01279,"Wang, Han",,Name matches an author of the externally matched publication; initial differences are compatible.
PromptSourceAnIntegr462,"Fries, Jason Alan","Fries, Jason Alan",confirmed,Publication page author metadata,https://arxiv.org/abs/2202.01279,"Fries, Jason Alan",,Name matches an author of the externally matched publication; initial differences are compatible.
PromptSourceAnIntegr462,"Al-shaibani, Maged S.","Al-shaibani, Maged S.",confirmed,Publication page author metadata,https://arxiv.org/abs/2202.01279,"Al-shaibani, Maged S.",,Name matches an author of the externally matched publication; initial differences are compatible.
PromptSourceAnIntegr462,"Sharma, Shanya","Sharma, Shanya",confirmed,Publication page author metadata,https://arxiv.org/abs/2202.01279,"Sharma, Shanya",,Name matches an author of the externally matched publication; initial differences are compatible.
PromptSourceAnIntegr462,"Thakker, Urmish","Thakker, Urmish",confirmed,Publication page author metadata,https://arxiv.org/abs/2202.01279,"Thakker, Urmish",,Name matches an author of the externally matched publication; initial differences are compatible.
PromptSourceAnIntegr462,"Almubarak, Khalid","Almubarak, Khalid",confirmed,Publication page author metadata,https://arxiv.org/abs/2202.01279,"Almubarak, Khalid",,Name matches an author of the externally matched publication; initial differences are compatible.
PromptSourceAnIntegr462,"Tang, Xiangru","Tang, Xiangru",confirmed,Publication page author metadata,https://arxiv.org/abs/2202.01279,"Tang, Xiangru",,Name matches an author of the externally matched publication; initial differences are compatible.
PromptSourceAnIntegr462,"Tang, Xiangru","Tang, Xiangru",confirmed,Publication page author metadata,https://arxiv.org/abs/2202.01279,"Tang, Xiangru",,Name matches an author of the externally matched publication; initial differences are compatible.
PromptSourceAnIntegr462,"Jiang, Mike Tian-Jian","Jiang, Mike Tian-Jian",confirmed,Publication page author metadata,https://arxiv.org/abs/2202.01279,"Jiang, Mike Tian-Jian",,Name matches an author of the externally matched publication; initial differences are compatible.
PromptSourceAnIntegr462,"Rush, Alexander M.","Rush, Alexander M.",confirmed,Publication page author metadata,https://arxiv.org/abs/2202.01279,"Rush, Alexander M.",,Name matches an author of the externally matched publication; initial differences are compatible.
ProposalsforModelVul463,"Hall, Patrick","Hall, Patrick",confirmed,Publication page author metadata,https://www.oreilly.com/content/proposals-for-model-vulnerability-and-security/,"Hall, Patrick",,Name matches an author of the externally matched publication; initial differences are compatible.
ProposedGuidelinesfo464,"Hall, Patrick","Hall, Patrick",confirmed,Publication page author metadata,https://arxiv.org/abs/1906.03533,"Hall, Patrick",,Name matches an author of the externally matched publication; initial differences are compatible.
ProposedGuidelinesfo464,"Gill, Navdeep","Gill, Navdeep",confirmed,Publication page author metadata,https://arxiv.org/abs/1906.03533,"Gill, Navdeep",,Name matches an author of the externally matched publication; initial differences are compatible.
ProposedGuidelinesfo464,"Schmidt, Nicholas","Schmidt, Nicholas",confirmed,Publication page author metadata,https://arxiv.org/abs/1906.03533,"Schmidt, Nicholas",,Name matches an author of the externally matched publication; initial differences are compatible.
ProximalAlgorithms465,"Parikh, Neal","Parikh, Neal",confirmed,Publication opening-page author block,https://web.stanford.edu/~boyd/papers/pdf/prox_algs.pdf,,,Full given name and surname occur together in the matched publication author block.
ProximalAlgorithms465,"Boyd, Stephen","Boyd, Stephen",confirmed,Publication opening-page author block,https://web.stanford.edu/~boyd/papers/pdf/prox_algs.pdf,,,Full given name and surname occur together in the matched publication author block.
PsychologicalFoundat466,"Broniatowski, David A.","Broniatowski, David A.",confirmed,Publication opening-page author block,https://tsapps.nist.gov/publication/get_pdf.cfm?pub_id=931426,,,Full given name and surname occur together in the matched publication author block.
PyRITAFrameworkforSe467,"Munoz, Gary D. Lopez","Munoz, Gary D. Lopez",confirmed,Publication opening-page author block,https://arxiv.org/pdf/2410.02828,,,Full given name and surname occur together in the matched publication author block.
PyRITAFrameworkforSe467,"Minnich, Amanda J.","Minnich, Amanda J.",confirmed,Publication opening-page author block,https://arxiv.org/pdf/2410.02828,,,Full given name and surname occur together in the matched publication author block.
PyRITAFrameworkforSe467,"Lutz, Roman","Lutz, Roman",confirmed,Publication opening-page author block,https://arxiv.org/pdf/2410.02828,,,Full given name and surname occur together in the matched publication author block.
PyRITAFrameworkforSe467,"Lundeen, Richard","Lundeen, Richard",confirmed,Publication opening-page author block,https://arxiv.org/pdf/2410.02828,,,Full given name and surname occur together in the matched publication author block.
PyRITAFrameworkforSe467,"Dheekonda, Raja Sekhar Rao","Dheekonda, Raja Sekhar Rao",confirmed,Publication opening-page author block,https://arxiv.org/pdf/2410.02828,,,Full given name and surname occur together in the matched publication author block.
PyRITAFrameworkforSe467,"Chikanov, Nina","Chikanov, Nina",confirmed,Publication opening-page author block,https://arxiv.org/pdf/2410.02828,,,Full given name and surname occur together in the matched publication author block.
PyRITAFrameworkforSe467,"Jagdagdorj, Bolor-Erdene","Jagdagdorj, Bolor-Erdene",confirmed,Publication opening-page author block,https://arxiv.org/pdf/2410.02828,,,Full given name and surname occur together in the matched publication author block.
PyRITAFrameworkforSe467,"Pouliot, Martin","Pouliot, Martin",confirmed,Publication opening-page author block,https://arxiv.org/pdf/2410.02828,,,Full given name and surname occur together in the matched publication author block.
PyRITAFrameworkforSe467,"Chawla, Shiven","Chawla, Shiven",confirmed,Publication opening-page author block,https://arxiv.org/pdf/2410.02828,,,Full given name and surname occur together in the matched publication author block.
PyRITAFrameworkforSe467,"Maxwell, Whitney","Maxwell, Whitney",confirmed,Publication opening-page author block,https://arxiv.org/pdf/2410.02828,,,Full given name and surname occur together in the matched publication author block.
PyRITAFrameworkforSe467,"Bullwinkel, Blake","Bullwinkel, Blake",confirmed,Publication opening-page author block,https://arxiv.org/pdf/2410.02828,,,Full given name and surname occur together in the matched publication author block.
PyRITAFrameworkforSe467,"Pratt, Katherine","Pratt, Katherine",confirmed,Publication opening-page author block,https://arxiv.org/pdf/2410.02828,,,Full given name and surname occur together in the matched publication author block.
PyRITAFrameworkforSe467,"de Gruyter, Joris","de Gruyter, Joris",confirmed,Publication opening-page author block,https://arxiv.org/pdf/2410.02828,,,Full given name and surname occur together in the matched publication author block.
PyRITAFrameworkforSe467,"Siska, Charlotte","Siska, Charlotte",confirmed,Publication opening-page author block,https://arxiv.org/pdf/2410.02828,,,Full given name and surname occur together in the matched publication author block.
PyRITAFrameworkforSe467,"Bryan, Pete","Bryan, Pete",confirmed,Publication opening-page author block,https://arxiv.org/pdf/2410.02828,,,Full given name and surname occur together in the matched publication author block.
PyRITAFrameworkforSe467,"Westerhoff, Tori","Westerhoff, Tori",confirmed,Publication opening-page author block,https://arxiv.org/pdf/2410.02828,,,Full given name and surname occur together in the matched publication author block.
PyRITAFrameworkforSe467,"Kawaguchi, Chang","Kawaguchi, Chang",confirmed,Publication opening-page author block,https://arxiv.org/pdf/2410.02828,,,Full given name and surname occur together in the matched publication author block.
PyRITAFrameworkforSe467,"Seifert, Christian","Seifert, Christian",confirmed,Publication opening-page author block,https://arxiv.org/pdf/2410.02828,,,Full given name and surname occur together in the matched publication author block.
PyRITAFrameworkforSe467,"Kumar, Ram Shankar Siva","Kumar, Ram Shankar Siva",confirmed,Publication opening-page author block,https://arxiv.org/pdf/2410.02828,,,Full given name and surname occur together in the matched publication author block.
PyRITAFrameworkforSe467,"Zunger, Yonatan","Zunger, Yonatan",confirmed,Publication opening-page author block,https://arxiv.org/pdf/2410.02828,,,Full given name and surname occur together in the matched publication author block.
Qualitymanagementsys468,{ISO},{ISO},unverified,,,,,No sufficient publication-specific author evidence found.
QuantifyingInterpret469,"Molnar, Christoph","Molnar, Christoph",confirmed,Publication opening-page author block,https://arxiv.org/pdf/1904.03867v1,,,Full given name and surname occur together in the matched publication author block.
QuantifyingInterpret469,"Casalicchio, Giuseppe","Casalicchio, Giuseppe",confirmed,Publication opening-page author block,https://arxiv.org/pdf/1904.03867v1,,,Full given name and surname occur together in the matched publication author block.
QuantifyingInterpret469,"Bischl, Bernd","Bischl, Bernd",confirmed,Publication opening-page author block,https://arxiv.org/pdf/1904.03867v1,,,Full given name and surname occur together in the matched publication author block.
QuantifyingMemorizat470,"Carlini, Nicholas","Carlini, Nicholas",confirmed,Publication page author metadata,https://arxiv.org/abs/2202.07646,"Carlini, Nicholas",,Name matches an author of the externally matched publication; initial differences are compatible.
QuantifyingMemorizat470,"Ippolito, Daphne","Ippolito, Daphne",confirmed,Publication page author metadata,https://arxiv.org/abs/2202.07646,"Ippolito, Daphne",,Name matches an author of the externally matched publication; initial differences are compatible.
QuantifyingMemorizat470,"Jagielski, Matthew","Jagielski, Matthew",confirmed,Publication page author metadata,https://arxiv.org/abs/2202.07646,"Jagielski, Matthew",,Name matches an author of the externally matched publication; initial differences are compatible.
QuantifyingMemorizat470,"Lee, Katherine","Lee, Katherine",confirmed,Publication page author metadata,https://arxiv.org/abs/2202.07646,"Lee, Katherine",,Name matches an author of the externally matched publication; initial differences are compatible.
QuantifyingMemorizat470,"Tramer, Florian","Tramer, Florian",confirmed,Publication page author metadata,https://arxiv.org/abs/2202.07646,"Tramer, Florian",,Name matches an author of the externally matched publication; initial differences are compatible.
QuantifyingMemorizat470,"Zhang, Chiyuan","Zhang, Chiyuan",confirmed,Publication page author metadata,https://arxiv.org/abs/2202.07646,"Zhang, Chiyuan",,Name matches an author of the externally matched publication; initial differences are compatible.
Questionablepractice471,"Leech, Gavin","Leech, Gavin",confirmed,Publication page author metadata,https://arxiv.org/abs/2407.12220,"Leech, Gavin",,Name matches an author of the externally matched publication; initial differences are compatible.
Questionablepractice471,"Vazquez, Juan J","Vazquez, Juan J",confirmed,Publication page author metadata,https://arxiv.org/abs/2407.12220,"Vazquez, Juan J.",,Name matches an author of the externally matched publication; initial differences are compatible.
Questionablepractice471,"Yagudin, Misha","Yagudin, Misha",confirmed,Publication page author metadata,https://arxiv.org/abs/2407.12220,"Yagudin, Misha",,Name matches an author of the externally matched publication; initial differences are compatible.
Questionablepractice471,"Kupper, Niclas","Kupper, Niclas",confirmed,Publication page author metadata,https://arxiv.org/abs/2407.12220,"Kupper, Niclas",,Name matches an author of the externally matched publication; initial differences are compatible.
Questionablepractice471,"Aitchison, Laurence","Aitchison, Laurence",confirmed,Publication page author metadata,https://arxiv.org/abs/2407.12220,"Aitchison, Laurence",,Name matches an author of the externally matched publication; initial differences are compatible.
REnsembleDocumentati472,"LeDell, Erin","LeDell, Erin",unverified,,,,,No sufficient publication-specific author evidence found.
RALanguageandEnviron473,"Team, R Core","Team, R Core",unverified,,,,,No sufficient publication-specific author evidence found.
RainbowTeamingOpenEn474,"Samvelyan, Mikayel","Samvelyan, Mikayel",confirmed,Publication page author metadata,https://arxiv.org/abs/2402.16822,"Samvelyan, Mikayel",,Name matches an author of the externally matched publication; initial differences are compatible.
RainbowTeamingOpenEn474,"Raparthy, Sharath Chandra","Raparthy, Sharath Chandra",confirmed,Publication page author metadata,https://arxiv.org/abs/2402.16822,"Raparthy, Sharath Chandra",,Name matches an author of the externally matched publication; initial differences are compatible.
RainbowTeamingOpenEn474,"Lupu, Andrei","Lupu, Andrei",confirmed,Publication page author metadata,https://arxiv.org/abs/2402.16822,"Lupu, Andrei",,Name matches an author of the externally matched publication; initial differences are compatible.
RainbowTeamingOpenEn474,"Hambro, Eric","Hambro, Eric",confirmed,Publication page author metadata,https://arxiv.org/abs/2402.16822,"Hambro, Eric",,Name matches an author of the externally matched publication; initial differences are compatible.
RainbowTeamingOpenEn474,"Markosyan, Aram H.","Markosyan, Aram H.",confirmed,Publication page author metadata,https://arxiv.org/abs/2402.16822,"Markosyan, Aram H.",,Name matches an author of the externally matched publication; initial differences are compatible.
RainbowTeamingOpenEn474,"Bhatt, Manish","Bhatt, Manish",confirmed,Publication page author metadata,https://arxiv.org/abs/2402.16822,"Bhatt, Manish",,Name matches an author of the externally matched publication; initial differences are compatible.
RainbowTeamingOpenEn474,"Mao, Yuning","Mao, Yuning",confirmed,Publication page author metadata,https://arxiv.org/abs/2402.16822,"Mao, Yuning",,Name matches an author of the externally matched publication; initial differences are compatible.
RainbowTeamingOpenEn474,"Jiang, Minqi","Jiang, Minqi",confirmed,Publication page author metadata,https://arxiv.org/abs/2402.16822,"Jiang, Minqi",,Name matches an author of the externally matched publication; initial differences are compatible.
RainbowTeamingOpenEn474,"Parker-Holder, Jack","Parker-Holder, Jack",confirmed,Publication page author metadata,https://arxiv.org/abs/2402.16822,"Parker-Holder, Jack",,Name matches an author of the externally matched publication; initial differences are compatible.
RainbowTeamingOpenEn474,"Foerster, Jakob","Foerster, Jakob",confirmed,Publication page author metadata,https://arxiv.org/abs/2402.16822,"Foerster, Jakob",,Name matches an author of the externally matched publication; initial differences are compatible.
RainbowTeamingOpenEn474,"Rocktäschel, Tim","Rocktäschel, Tim",confirmed,Publication page author metadata,https://arxiv.org/abs/2402.16822,"Rocktäschel, Tim",,Name matches an author of the externally matched publication; initial differences are compatible.
RainbowTeamingOpenEn474,"Raileanu, Roberta","Raileanu, Roberta",confirmed,Publication page author metadata,https://arxiv.org/abs/2402.16822,"Raileanu, Roberta",,Name matches an author of the externally matched publication; initial differences are compatible.
Randomforests475,"Breiman, Leo","Breiman, Leo",confirmed,Publication opening-page author block,https://www.stat.berkeley.edu/~breiman/randomforest2001.pdf,,,Full given name and surname occur together in the matched publication author block.
RandomSearchforHyper476,"Bergstra, James","Bergstra, James",confirmed,Publication opening-page author block,https://www.jmlr.org/papers/volume13/bergstra12a/bergstra12a.pdf,,,Full given name and surname occur together in the matched publication author block.
RandomSearchforHyper476,"Bengio, Yoshua","Bengio, Yoshua",confirmed,Publication opening-page author block,https://www.jmlr.org/papers/volume13/bergstra12a/bergstra12a.pdf,,,Full given name and surname occur together in the matched publication author block.
ReevaluatingGPT4sbar477,"Mart{\'\i}nez, E.","Martínez, Eric",corrected,Publication page author metadata,https://link.springer.com/article/10.1007/s10506-024-09396-9?error=cookies_not_supported&code=ed23fcc1-e005-437f-9ff2-a610daca0897,"Martínez, Eric",,Name matches an author of the externally matched publication; initial differences are compatible.
REALMLRecognizingExp478,"Smith, Jessie J.","Smith, Jessie J.",confirmed,Publisher-deposited DOI author list,https://api.crossref.org/works/10.1145%2F3531146.3533122,"Smith, Jessie J.",,Name matches an author of the externally matched publication; initial differences are compatible.
REALMLRecognizingExp478,"Amershi, Saleema","Amershi, Saleema",confirmed,Publisher-deposited DOI author list,https://api.crossref.org/works/10.1145%2F3531146.3533122,"Amershi, Saleema",,Name matches an author of the externally matched publication; initial differences are compatible.
REALMLRecognizingExp478,"Barocas, Solon","Barocas, Solon",confirmed,Publisher-deposited DOI author list,https://api.crossref.org/works/10.1145%2F3531146.3533122,"Barocas, Solon",,Name matches an author of the externally matched publication; initial differences are compatible.
REALMLRecognizingExp478,"Wallach, Hanna","Wallach, Hanna",confirmed,Publisher-deposited DOI author list,https://api.crossref.org/works/10.1145%2F3531146.3533122,"Wallach, Hanna",,Name matches an author of the externally matched publication; initial differences are compatible.
REALMLRecognizingExp478,"Wortman Vaughan, Jennifer","Wortman Vaughan, Jennifer",confirmed,Publisher-deposited DOI author list,https://api.crossref.org/works/10.1145%2F3531146.3533122,"Wortman Vaughan, Jennifer",,Name matches an author of the externally matched publication; initial differences are compatible.
RealworldStrategiesf479,"Hall, Patrick","Hall, Patrick",normalized_by_user,User-approved canonical name,Explicit user normalization of Patrick Hall,,,"Retain the user-approved Hall, Patrick normalization and black marking."
RealityCheckANewEval480,"Schwartz, Reva","Schwartz, Reva",confirmed,Publication page author metadata,https://arxiv.org/abs/2505.18893,"Schwartz, Reva",,Complete authoritative author list matches all previously listed authors; restore omitted authors in source order.
RealityCheckANewEval480,"Chowdhury, Rumman","Chowdhury, Rumman",confirmed,Publication page author metadata,https://arxiv.org/abs/2505.18893,"Chowdhury, Rumman",,Complete authoritative author list matches all previously listed authors; restore omitted authors in source order.
RealityCheckANewEval480,"Kundu, Akash","Kundu, Akash",confirmed,Publication page author metadata,https://arxiv.org/abs/2505.18893,"Kundu, Akash",,Complete authoritative author list matches all previously listed authors; restore omitted authors in source order.
RealityCheckANewEval480,"Frase, Heather","Frase, Heather",confirmed,Publication page author metadata,https://arxiv.org/abs/2505.18893,"Frase, Heather",,Complete authoritative author list matches all previously listed authors; restore omitted authors in source order.
RealityCheckANewEval480,"Fadaee, Marzieh","Fadaee, Marzieh",confirmed,Publication page author metadata,https://arxiv.org/abs/2505.18893,"Fadaee, Marzieh",,Complete authoritative author list matches all previously listed authors; restore omitted authors in source order.
RealityCheckANewEval480,"David, Tom","David, Tom",confirmed,Publication page author metadata,https://arxiv.org/abs/2505.18893,"David, Tom",,Complete authoritative author list matches all previously listed authors; restore omitted authors in source order.
RealityCheckANewEval480,"Waters, Gabriella","Waters, Gabriella",confirmed,Publication page author metadata,https://arxiv.org/abs/2505.18893,"Waters, Gabriella",,Complete authoritative author list matches all previously listed authors; restore omitted authors in source order.
RealityCheckANewEval480,"Taik, Afaf","Taik, Afaf",confirmed,Publication page author metadata,https://arxiv.org/abs/2505.18893,"Taik, Afaf",,Complete authoritative author list matches all previously listed authors; restore omitted authors in source order.
RealityCheckANewEval480,"Briggs, Morgan","Briggs, Morgan",confirmed,Publication page author metadata,https://arxiv.org/abs/2505.18893,"Briggs, Morgan",,Complete authoritative author list matches all previously listed authors; restore omitted authors in source order.
RealityCheckANewEval480,"Hall, Patrick","Hall, Patrick",confirmed,Publication page author metadata,https://arxiv.org/abs/2505.18893,"Hall, Patrick",,Complete authoritative author list matches all previously listed authors; restore omitted authors in source order.
RealityCheckANewEval480,others,others,unverified,Original-version comparison,https://arxiv.org/abs/2505.18893,,,Original PDF and current metadata have different author lists; full expansion is withheld to preserve the cited version.
RealtoxicitypromptsE481,"Gehman, Samuel","Gehman, Samuel",confirmed,Publication opening-page author block,https://aclanthology.org/2020.findings-emnlp.301.pdf,,,Full given name and surname occur together in the matched publication author block.
RealtoxicitypromptsE481,"Gururangan, Suchin","Gururangan, Suchin",confirmed,Publication opening-page author block,https://aclanthology.org/2020.findings-emnlp.301.pdf,,,Full given name and surname occur together in the matched publication author block.
RealtoxicitypromptsE481,"Sap, Maarten","Sap, Maarten",confirmed,Publication opening-page author block,https://aclanthology.org/2020.findings-emnlp.301.pdf,,,Full given name and surname occur together in the matched publication author block.
RealtoxicitypromptsE481,"Choi, Yejin","Choi, Yejin",confirmed,Publication opening-page author block,https://aclanthology.org/2020.findings-emnlp.301.pdf,,,Full given name and surname occur together in the matched publication author block.
RealtoxicitypromptsE481,"Smith, Noah A","Smith, Noah A",confirmed,Publication opening-page author block,https://aclanthology.org/2020.findings-emnlp.301.pdf,,,Full given name and surname occur together in the matched publication author block.
RedTeamingLanguageMo482,"Ganguli, Deep","Ganguli, Deep",confirmed,Publication page author metadata,https://arxiv.org/abs/2209.07858,"Ganguli, Deep",,Name matches an author of the externally matched publication; initial differences are compatible.
RedTeamingLanguageMo482,"Lovitt, Liane","Lovitt, Liane",confirmed,Publication page author metadata,https://arxiv.org/abs/2209.07858,"Lovitt, Liane",,Name matches an author of the externally matched publication; initial differences are compatible.
RedTeamingLanguageMo482,"Kernion, Jackson","Kernion, Jackson",confirmed,Publication page author metadata,https://arxiv.org/abs/2209.07858,"Kernion, Jackson",,Name matches an author of the externally matched publication; initial differences are compatible.
RedTeamingLanguageMo482,"Askell, Amanda","Askell, Amanda",confirmed,Publication page author metadata,https://arxiv.org/abs/2209.07858,"Askell, Amanda",,Name matches an author of the externally matched publication; initial differences are compatible.
RedTeamingLanguageMo482,"Bai, Yuntao","Bai, Yuntao",confirmed,Publication page author metadata,https://arxiv.org/abs/2209.07858,"Bai, Yuntao",,Name matches an author of the externally matched publication; initial differences are compatible.
RedTeamingLanguageMo482,"Kadavath, Saurav","Kadavath, Saurav",confirmed,Publication page author metadata,https://arxiv.org/abs/2209.07858,"Kadavath, Saurav",,Name matches an author of the externally matched publication; initial differences are compatible.
RedTeamingLanguageMo482,"Mann, Ben","Mann, Ben",confirmed,Publication page author metadata,https://arxiv.org/abs/2209.07858,"Mann, Ben",,Name matches an author of the externally matched publication; initial differences are compatible.
RedTeamingLanguageMo482,"Perez, Ethan","Perez, Ethan",confirmed,Publication page author metadata,https://arxiv.org/abs/2209.07858,"Perez, Ethan",,Name matches an author of the externally matched publication; initial differences are compatible.
RedTeamingLanguageMo482,"Schiefer, Nicholas","Schiefer, Nicholas",confirmed,Publication page author metadata,https://arxiv.org/abs/2209.07858,"Schiefer, Nicholas",,Name matches an author of the externally matched publication; initial differences are compatible.
RedTeamingLanguageMo482,"Ndousse, Kamal","Ndousse, Kamal",confirmed,Publication page author metadata,https://arxiv.org/abs/2209.07858,"Ndousse, Kamal",,Name matches an author of the externally matched publication; initial differences are compatible.
RedTeamingLanguageMo482,"Jones, Andy","Jones, Andy",confirmed,Publication page author metadata,https://arxiv.org/abs/2209.07858,"Jones, Andy",,Name matches an author of the externally matched publication; initial differences are compatible.
RedTeamingLanguageMo482,"Bowman, Sam","Bowman, Sam",confirmed,Publication page author metadata,https://arxiv.org/abs/2209.07858,"Bowman, Sam",,Name matches an author of the externally matched publication; initial differences are compatible.
RedTeamingLanguageMo482,"Chen, Anna","Chen, Anna",confirmed,Publication page author metadata,https://arxiv.org/abs/2209.07858,"Chen, Anna",,Name matches an author of the externally matched publication; initial differences are compatible.
RedTeamingLanguageMo482,"Conerly, Tom","Conerly, Tom",confirmed,Publication page author metadata,https://arxiv.org/abs/2209.07858,"Conerly, Tom",,Name matches an author of the externally matched publication; initial differences are compatible.
RedTeamingLanguageMo482,"DasSarma, Nova","DasSarma, Nova",confirmed,Publication page author metadata,https://arxiv.org/abs/2209.07858,"DasSarma, Nova",,Name matches an author of the externally matched publication; initial differences are compatible.
RedTeamingLanguageMo482,"Drain, Dawn","Drain, Dawn",confirmed,Publication page author metadata,https://arxiv.org/abs/2209.07858,"Drain, Dawn",,Name matches an author of the externally matched publication; initial differences are compatible.
RedTeamingLanguageMo482,"Elhage, Nelson","Elhage, Nelson",confirmed,Publication page author metadata,https://arxiv.org/abs/2209.07858,"Elhage, Nelson",,Name matches an author of the externally matched publication; initial differences are compatible.
RedTeamingLanguageMo482,"El-Showk, Sheer","El-Showk, Sheer",confirmed,Publication page author metadata,https://arxiv.org/abs/2209.07858,"El-Showk, Sheer",,Name matches an author of the externally matched publication; initial differences are compatible.
RedTeamingLanguageMo482,"Fort, Stanislav","Fort, Stanislav",confirmed,Publication page author metadata,https://arxiv.org/abs/2209.07858,"Fort, Stanislav",,Name matches an author of the externally matched publication; initial differences are compatible.
RedTeamingLanguageMo482,"Hatfield-Dodds, Zac","Hatfield-Dodds, Zac",confirmed,Publication page author metadata,https://arxiv.org/abs/2209.07858,"Hatfield-Dodds, Zac",,Name matches an author of the externally matched publication; initial differences are compatible.
RedTeamingLanguageMo482,"Henighan, Tom","Henighan, Tom",confirmed,Publication page author metadata,https://arxiv.org/abs/2209.07858,"Henighan, Tom",,Name matches an author of the externally matched publication; initial differences are compatible.
RedTeamingLanguageMo482,"Hernandez, Danny","Hernandez, Danny",confirmed,Publication page author metadata,https://arxiv.org/abs/2209.07858,"Hernandez, Danny",,Name matches an author of the externally matched publication; initial differences are compatible.
RedTeamingLanguageMo482,"Hume, Tristan","Hume, Tristan",confirmed,Publication page author metadata,https://arxiv.org/abs/2209.07858,"Hume, Tristan",,Name matches an author of the externally matched publication; initial differences are compatible.
RedTeamingLanguageMo482,"Jacobson, Josh","Jacobson, Josh",confirmed,Publication page author metadata,https://arxiv.org/abs/2209.07858,"Jacobson, Josh",,Name matches an author of the externally matched publication; initial differences are compatible.
RedTeamingLanguageMo482,"Johnston, Scott","Johnston, Scott",confirmed,Publication page author metadata,https://arxiv.org/abs/2209.07858,"Johnston, Scott",,Name matches an author of the externally matched publication; initial differences are compatible.
RedTeamingLanguageMo482,"Kravec, Shauna","Kravec, Shauna",confirmed,Publication page author metadata,https://arxiv.org/abs/2209.07858,"Kravec, Shauna",,Name matches an author of the externally matched publication; initial differences are compatible.
RedTeamingLanguageMo482,"Olsson, Catherine","Olsson, Catherine",confirmed,Publication page author metadata,https://arxiv.org/abs/2209.07858,"Olsson, Catherine",,Name matches an author of the externally matched publication; initial differences are compatible.
RedTeamingLanguageMo482,"Ringer, Sam","Ringer, Sam",confirmed,Publication page author metadata,https://arxiv.org/abs/2209.07858,"Ringer, Sam",,Name matches an author of the externally matched publication; initial differences are compatible.
RedTeamingLanguageMo482,"Tran-Johnson, Eli","Tran-Johnson, Eli",confirmed,Publication page author metadata,https://arxiv.org/abs/2209.07858,"Tran-Johnson, Eli",,Name matches an author of the externally matched publication; initial differences are compatible.
RedTeamingLanguageMo482,"Amodei, Dario","Amodei, Dario",confirmed,Publication page author metadata,https://arxiv.org/abs/2209.07858,"Amodei, Dario",,Name matches an author of the externally matched publication; initial differences are compatible.
RedTeamingLanguageMo482,"Brown, Tom","Brown, Tom",confirmed,Publication page author metadata,https://arxiv.org/abs/2209.07858,"Brown, Tom",,Name matches an author of the externally matched publication; initial differences are compatible.
RedTeamingLanguageMo482,"Joseph, Nicholas","Joseph, Nicholas",confirmed,Publication page author metadata,https://arxiv.org/abs/2209.07858,"Joseph, Nicholas",,Name matches an author of the externally matched publication; initial differences are compatible.
RedTeamingLanguageMo482,"McCandlish, Sam","McCandlish, Sam",confirmed,Publication page author metadata,https://arxiv.org/abs/2209.07858,"McCandlish, Sam",,Name matches an author of the externally matched publication; initial differences are compatible.
RedTeamingLanguageMo482,"Olah, Chris","Olah, Chris",confirmed,Publication page author metadata,https://arxiv.org/abs/2209.07858,"Olah, Chris",,Name matches an author of the externally matched publication; initial differences are compatible.
RedTeamingLanguageMo482,"Kaplan, Jared","Kaplan, Jared",confirmed,Publication page author metadata,https://arxiv.org/abs/2209.07858,"Kaplan, Jared",,Name matches an author of the externally matched publication; initial differences are compatible.
RedTeamingLanguageMo482,"Clark, Jack","Clark, Jack",confirmed,Publication page author metadata,https://arxiv.org/abs/2209.07858,"Clark, Jack",,Name matches an author of the externally matched publication; initial differences are compatible.
RedTeamingLanguageMo483,"Perez, Ethan","Perez, Ethan",confirmed,Publication page author metadata,https://arxiv.org/abs/2202.03286,"Perez, Ethan",,Name matches an author of the externally matched publication; initial differences are compatible.
RedTeamingLanguageMo483,"Huang, Saffron","Huang, Saffron",confirmed,Publication page author metadata,https://arxiv.org/abs/2202.03286,"Huang, Saffron",,Name matches an author of the externally matched publication; initial differences are compatible.
RedTeamingLanguageMo483,"Song, Francis","Song, Francis",confirmed,Publication page author metadata,https://arxiv.org/abs/2202.03286,"Song, Francis",,Name matches an author of the externally matched publication; initial differences are compatible.
RedTeamingLanguageMo483,"Cai, Trevor","Cai, Trevor",confirmed,Publication page author metadata,https://arxiv.org/abs/2202.03286,"Cai, Trevor",,Name matches an author of the externally matched publication; initial differences are compatible.
RedTeamingLanguageMo483,"Ring, Roman","Ring, Roman",confirmed,Publication page author metadata,https://arxiv.org/abs/2202.03286,"Ring, Roman",,Name matches an author of the externally matched publication; initial differences are compatible.
RedTeamingLanguageMo483,"Aslanides, John","Aslanides, John",confirmed,Publication page author metadata,https://arxiv.org/abs/2202.03286,"Aslanides, John",,Name matches an author of the externally matched publication; initial differences are compatible.
RedTeamingLanguageMo483,"Glaese, Amelia","Glaese, Amelia",confirmed,Publication page author metadata,https://arxiv.org/abs/2202.03286,"Glaese, Amelia",,Name matches an author of the externally matched publication; initial differences are compatible.
RedTeamingLanguageMo483,"McAleese, Nat","McAleese, Nat",confirmed,Publication page author metadata,https://arxiv.org/abs/2202.03286,"McAleese, Nat",,Name matches an author of the externally matched publication; initial differences are compatible.
RedTeamingLanguageMo483,"Irving, Geoffrey","Irving, Geoffrey",confirmed,Publication page author metadata,https://arxiv.org/abs/2202.03286,"Irving, Geoffrey",,Name matches an author of the externally matched publication; initial differences are compatible.
RedTeamingLargeLangu484,"Society, The Royal","Society, The Royal",unverified,,,,,No sufficient publication-specific author evidence found.
RedTeamingPastandPre485,"Longbine, D. F.","Longbine, D. F.",unverified,,,,,No sufficient publication-specific author evidence found.
RedTeamingLargeLangu486,"Mislove, Alan","Mislove, Alan",unverified,,,,,No sufficient publication-specific author evidence found.
ReducingtheDimension487,"Hinton, G.E.","Hinton, G.E.",confirmed,Publisher-deposited DOI author list,https://api.crossref.org/works/10.1126%2Fscience.1127647,"Hinton, G. E.",,Name matches an author of the externally matched publication; initial differences are compatible.
ReducingtheDimension487,"Salakhutdinov, R.R.","Salakhutdinov, R.R.",confirmed,Publisher-deposited DOI author list,https://api.crossref.org/works/10.1126%2Fscience.1127647,"Salakhutdinov, R. R.",,Name matches an author of the externally matched publication; initial differences are compatible.
RegressionShrinkagea488,"Tibshirani, Rob","Tibshirani, Robert",corrected,Publisher-deposited DOI author list,https://api.crossref.org/works/10.1111%2Fj.2517-6161.1996.tb02080.x,"Tibshirani, Robert",,Name matches an author of the externally matched publication; initial differences are compatible.
Regularizationandvar489,"Zou, Hui","Zou, Hui",confirmed,Publisher-deposited DOI author list,https://api.crossref.org/works/10.1111%2Fj.1467-9868.2005.00503.x,"Zou, Hui",,Name matches an author of the externally matched publication; initial differences are compatible.
Regularizationandvar489,"Hastie, Trevor","Hastie, Trevor",confirmed,Publisher-deposited DOI author list,https://api.crossref.org/works/10.1111%2Fj.1467-9868.2005.00503.x,"Hastie, Trevor",,Name matches an author of the externally matched publication; initial differences are compatible.
RegularizationPathsf490,"Friedman, Jerome","Friedman, Jerome",confirmed,Publisher-deposited DOI author list,https://api.crossref.org/works/10.18637%2Fjss.v033.i01,"Friedman, Jerome",,Name matches an author of the externally matched publication; initial differences are compatible.
RegularizationPathsf490,"Hastie, Trevor","Hastie, Trevor",confirmed,Publisher-deposited DOI author list,https://api.crossref.org/works/10.18637%2Fjss.v033.i01,"Hastie, Trevor",,Name matches an author of the externally matched publication; initial differences are compatible.
RegularizationPathsf490,"Tibshirani, Rob","Tibshirani, Robert",corrected,Publisher-deposited DOI author list,https://api.crossref.org/works/10.18637%2Fjss.v033.i01,"Tibshirani, Robert",,Name matches an author of the externally matched publication; initial differences are compatible.
RelationalityandOffe491,"Amironesei, Razvan","Amironesei, Razvan",confirmed,Publisher-deposited DOI author list,https://api.crossref.org/works/10.18653%2Fv1%2F2023.woah-1.8,"Amironesei, Razvan",,Name matches an author of the externally matched publication; initial differences are compatible.
RelationalityandOffe491,"Diaz, Mark","Diaz, Mark",confirmed,Publisher-deposited DOI author list,https://api.crossref.org/works/10.18653%2Fv1%2F2023.woah-1.8,"Diaz, Mark",,Name matches an author of the externally matched publication; initial differences are compatible.
Reliabilityofcontent492,"Scott, William A.","Scott, William A.",confirmed,Publisher-deposited DOI author list,https://api.crossref.org/works/10.1086%2F266577,"Scott, William A.",,Name matches an author of the externally matched publication; initial differences are compatible.
Relianceonmetricsisa493,"Thomas, Rachel L","Thomas, Rachel L",confirmed,Publisher-deposited DOI author list,https://api.crossref.org/works/10.1016%2Fj.patter.2022.100476,"Thomas, Rachel L.",,Name matches an author of the externally matched publication; initial differences are compatible.
Relianceonmetricsisa493,"Uminsky, David","Uminsky, David",confirmed,Publisher-deposited DOI author list,https://api.crossref.org/works/10.1016%2Fj.patter.2022.100476,"Uminsky, David",,Name matches an author of the externally matched publication; initial differences are compatible.
ResponsibleArtificia494,CFTC,CFTC,unverified,,,,,No sufficient publication-specific author evidence found.
ResponsibleArtificia495,"Dignum, Virginia","Dignum, Virginia",confirmed,Publisher-deposited DOI author list,https://api.crossref.org/works/10.1007%2F978-3-030-30371-6,"Dignum, Virginia",,Name matches an author of the externally matched publication; initial differences are compatible.
ResponsibleMachineLe496,"Hall, Patrick","Hall, Patrick",normalized_by_user,User-approved canonical name,Explicit user normalization of Patrick Hall,,,"Retain the user-approved Hall, Patrick normalization and black marking."
ResponsibleMachineLe496,"Gill, Navdeep","Gill, Navdeep",unverified,,,,,No sufficient publication-specific author evidence found.
ResponsibleMachineLe496,"Cox, Benjamin","Cox, Benjamin",unverified,,,,,No sufficient publication-specific author evidence found.
RetrievalaugmentedGe497,"Lewis, Patrick","Lewis, Patrick",confirmed,Publication opening-page author block,https://proceedings.neurips.cc/paper_files/paper/2020/file/6b493230205f780e1bc26945df7481e5-Paper.pdf,,,Full given name and surname occur together in the matched publication author block.
RetrievalaugmentedGe497,"Perez, Ethan","Perez, Ethan",confirmed,Publication opening-page author block,https://proceedings.neurips.cc/paper_files/paper/2020/file/6b493230205f780e1bc26945df7481e5-Paper.pdf,,,Full given name and surname occur together in the matched publication author block.
RetrievalaugmentedGe497,"Piktus, Aleksandra","Piktus, Aleksandra",confirmed,Publication opening-page author block,https://proceedings.neurips.cc/paper_files/paper/2020/file/6b493230205f780e1bc26945df7481e5-Paper.pdf,,,Full given name and surname occur together in the matched publication author block.
RetrievalaugmentedGe497,"Petroni, Fabio","Petroni, Fabio",confirmed,Publication opening-page author block,https://proceedings.neurips.cc/paper_files/paper/2020/file/6b493230205f780e1bc26945df7481e5-Paper.pdf,,,Full given name and surname occur together in the matched publication author block.
RetrievalaugmentedGe497,"Karpukhin, Vladimir","Karpukhin, Vladimir",confirmed,Publication opening-page author block,https://proceedings.neurips.cc/paper_files/paper/2020/file/6b493230205f780e1bc26945df7481e5-Paper.pdf,,,Full given name and surname occur together in the matched publication author block.
RetrievalaugmentedGe497,"Goyal, Naman","Goyal, Naman",confirmed,Publication opening-page author block,https://proceedings.neurips.cc/paper_files/paper/2020/file/6b493230205f780e1bc26945df7481e5-Paper.pdf,,,Full given name and surname occur together in the matched publication author block.
RetrievalaugmentedGe497,"K{\""u}ttler, Heinrich","K{\""u}ttler, Heinrich",confirmed,Publication opening-page author block,https://proceedings.neurips.cc/paper_files/paper/2020/file/6b493230205f780e1bc26945df7481e5-Paper.pdf,,,Full given name and surname occur together in the matched publication author block.
RetrievalaugmentedGe497,"Lewis, Mike","Lewis, Mike",confirmed,Publication opening-page author block,https://proceedings.neurips.cc/paper_files/paper/2020/file/6b493230205f780e1bc26945df7481e5-Paper.pdf,,,Full given name and surname occur together in the matched publication author block.
RetrievalaugmentedGe497,"Yih, Wen-tau","Yih, Wen-tau",confirmed,Publication opening-page author block,https://proceedings.neurips.cc/paper_files/paper/2020/file/6b493230205f780e1bc26945df7481e5-Paper.pdf,,,Full given name and surname occur together in the matched publication author block.
RetrievalaugmentedGe497,"Rockt{\""a}schel, Tim","Rockt{\""a}schel, Tim",confirmed,Publication opening-page author block,https://proceedings.neurips.cc/paper_files/paper/2020/file/6b493230205f780e1bc26945df7481e5-Paper.pdf,,,Full given name and surname occur together in the matched publication author block.
RetrievalaugmentedGe497,others,others,unverified,,,,,No sufficient publication-specific author evidence found.
RiskliteracyFoundati498,"Aven, Terje","Aven, Terje",confirmed,Publisher-deposited DOI author list,https://api.crossref.org/works/10.1111%2Frisa.14223,"Aven, Terje",,Name matches an author of the externally matched publication; initial differences are compatible.
Runningcognitiveeval499,"Ivanova, Anna A","Ivanova, Anna A",confirmed,Publication page author metadata,https://arxiv.org/abs/2312.01276v1,"Ivanova, Anna A.",,Name matches an author of the externally matched publication; initial differences are compatible.
SAFEMLSurrogateAssis500,"Gosiewska, Alicja","Gosiewska, Alicja",confirmed,Publication page author metadata,https://arxiv.org/abs/1902.11035v1,"Gosiewska, Alicja",,Name matches an author of the externally matched publication; initial differences are compatible.
SAFEMLSurrogateAssis500,"Gacek, Aleksandra","Gacek, Aleksandra",confirmed,Publication page author metadata,https://arxiv.org/abs/1902.11035v1,"Gacek, Aleksandra",,Name matches an author of the externally matched publication; initial differences are compatible.
SAFEMLSurrogateAssis500,"Lubon, Piotr","Lubon, Piotr",confirmed,Publication page author metadata,https://arxiv.org/abs/1902.11035v1,"Lubon, Piotr",,Name matches an author of the externally matched publication; initial differences are compatible.
SAFEMLSurrogateAssis500,"Biecek, Przemyslaw","Biecek, Przemyslaw",confirmed,Publication page author metadata,https://arxiv.org/abs/1902.11035v1,"Biecek, Przemyslaw",,Name matches an author of the externally matched publication; initial differences are compatible.
SampleAIIncidentResp501,"Hall, Patrick","Hall, Patrick",normalized_by_user,User-approved canonical name,Explicit user normalization of Patrick Hall,,,"Retain the user-approved Hall, Patrick normalization and black marking."
SampleAIIncidentResp501,"Burt, Andrew","Burt, Andrew",unverified,,,,,No sufficient publication-specific author evidence found.
ScalableBayesianRule502,"Yang, Hongyu","Yang, Hongyu",confirmed,Publication page author metadata,https://arxiv.org/abs/1602.08610,"Yang, Hongyu",,Name matches an author of the externally matched publication; initial differences are compatible.
ScalableBayesianRule502,"Rudin, Cynthia","Rudin, Cynthia",confirmed,Publication page author metadata,https://arxiv.org/abs/1602.08610,"Rudin, Cynthia",,Name matches an author of the externally matched publication; initial differences are compatible.
ScalableBayesianRule502,"Seltzer, Margo","Seltzer, Margo",confirmed,Publication page author metadata,https://arxiv.org/abs/1602.08610,"Seltzer, Margo",,Name matches an author of the externally matched publication; initial differences are compatible.
ScalablePrivateLearn503,"Papernot, Nicolas","Papernot, Nicolas",confirmed,Publication page author metadata,https://arxiv.org/abs/1802.08908,"Papernot, Nicolas",,Name matches an author of the externally matched publication; initial differences are compatible.
ScalablePrivateLearn503,"Song, Shuang","Song, Shuang",confirmed,Publication page author metadata,https://arxiv.org/abs/1802.08908,"Song, Shuang",,Name matches an author of the externally matched publication; initial differences are compatible.
ScalablePrivateLearn503,"Mironov, Ilya","Mironov, Ilya",confirmed,Publication page author metadata,https://arxiv.org/abs/1802.08908,"Mironov, Ilya",,Name matches an author of the externally matched publication; initial differences are compatible.
ScalablePrivateLearn503,"Raghunathan, Ananth","Raghunathan, Ananth",confirmed,Publication page author metadata,https://arxiv.org/abs/1802.08908,"Raghunathan, Ananth",,Name matches an author of the externally matched publication; initial differences are compatible.
ScalablePrivateLearn503,"Talwar, Kunal","Talwar, Kunal",confirmed,Publication page author metadata,https://arxiv.org/abs/1802.08908,"Talwar, Kunal",,Name matches an author of the externally matched publication; initial differences are compatible.
ScalablePrivateLearn503,"Erlingsson, {\'U}lfar","Erlingsson, {\'U}lfar",confirmed,Publication page author metadata,https://arxiv.org/abs/1802.08908,"Erlingsson, Úlfar",,Name matches an author of the externally matched publication; initial differences are compatible.
SciencexAISafetyRedT504,"Society, The Royal","Society, The Royal",unverified,,,,,No sufficient publication-specific author evidence found.
SecurityandPrivacyCo505,"Group, Joint Task Force Transformation Initiative Interagency Working","Group, Joint Task Force Transformation Initiative Interagency Working",unverified,,,,,No sufficient publication-specific author evidence found.
SecurityRequirements506,{National Institute of Standards and Technology},{National Institute of Standards and Technology},confirmed,Publisher-deposited DOI author list,https://api.crossref.org/works/10.6028%2FNIST.FIPS.140-2,{National Institute of Standards and Technology (US)},,Name matches an author of the externally matched publication; initial differences are compatible.
SequencetoSequenceLe507,"Sutskever, Ilya","Sutskever, Ilya",confirmed,Publication opening-page author block,https://proceedings.neurips.cc/paper_files/paper/2014/file/5a18e133cbf9f257297f410bb7eca942-Paper.pdf,,,Full given name and surname occur together in the matched publication author block.
SequencetoSequenceLe507,"Vinyals, Oriol","Vinyals, Oriol",confirmed,Publication opening-page author block,https://proceedings.neurips.cc/paper_files/paper/2014/file/5a18e133cbf9f257297f410bb7eca942-Paper.pdf,,,Full given name and surname occur together in the matched publication author block.
SequencetoSequenceLe507,"Le, Quoc V.","Le, Quoc V.",confirmed,Publication opening-page author block,https://proceedings.neurips.cc/paper_files/paper/2014/file/5a18e133cbf9f257297f410bb7eca942-Paper.pdf,,,Full given name and surname occur together in the matched publication author block.
SevenLegalQuestionsf508,"Hall, Patrick","Hall, Patrick",confirmed,Publication page author metadata,https://www.oreilly.com/radar/seven-legal-questions-for-data-scientists/,"Hall, Patrick",,Name matches an author of the externally matched publication; initial differences are compatible.
SevenLegalQuestionsf508,"Ouederni, Ayoub","Ouederni, Ayoub",confirmed,Publication page author metadata,https://www.oreilly.com/radar/seven-legal-questions-for-data-scientists/,"Ouederni, Ayoub",,Name matches an author of the externally matched publication; initial differences are compatible.
SHEEPGOATSLAMBSandWO509,"Doddington, George R.","Doddington, George R.",confirmed,Publisher-deposited DOI author list,https://api.crossref.org/works/10.21437%2Ficslp.1998-244,"Doddington, George",,Name matches an author of the externally matched publication; initial differences are compatible.
SHEEPGOATSLAMBSandWO509,"Liggett, Walter","Liggett, Walter",confirmed,Publisher-deposited DOI author list,https://api.crossref.org/works/10.21437%2Ficslp.1998-244,"Liggett, Walter",,Name matches an author of the externally matched publication; initial differences are compatible.
SHEEPGOATSLAMBSandWO509,"Martin, Alvin F.","Martin, Alvin F.",confirmed,Publisher-deposited DOI author list,https://api.crossref.org/works/10.21437%2Ficslp.1998-244,"Martin, Alvin",,Name matches an author of the externally matched publication; initial differences are compatible.
SHEEPGOATSLAMBSandWO509,"Przybocki, Mark A.","Przybocki, Mark A.",confirmed,Publisher-deposited DOI author list,https://api.crossref.org/works/10.21437%2Ficslp.1998-244,"Przybocki, Mark",,Name matches an author of the externally matched publication; initial differences are compatible.
SHEEPGOATSLAMBSandWO509,"Reynolds, Douglas A.","Reynolds, Douglas A.",confirmed,Publisher-deposited DOI author list,https://api.crossref.org/works/10.21437%2Ficslp.1998-244,"Reynolds, Douglas A.",,Name matches an author of the externally matched publication; initial differences are compatible.
ShowYourWorkImproved510,"Dodge, Jesse","Dodge, Jesse",confirmed,Publication page author metadata,https://arxiv.org/abs/1909.03004,"Dodge, Jesse",,Name matches an author of the externally matched publication; initial differences are compatible.
ShowYourWorkImproved510,"Gururangan, Suchin","Gururangan, Suchin",confirmed,Publication page author metadata,https://arxiv.org/abs/1909.03004,"Gururangan, Suchin",,Name matches an author of the externally matched publication; initial differences are compatible.
ShowYourWorkImproved510,"Card, Dallas","Card, Dallas",confirmed,Publication page author metadata,https://arxiv.org/abs/1909.03004,"Card, Dallas",,Name matches an author of the externally matched publication; initial differences are compatible.
ShowYourWorkImproved510,"Schwartz, Roy","Schwartz, Roy",confirmed,Publication page author metadata,https://arxiv.org/abs/1909.03004,"Schwartz, Roy",,Name matches an author of the externally matched publication; initial differences are compatible.
ShowYourWorkImproved510,"Smith, Noah A.","Smith, Noah A.",confirmed,Publication page author metadata,https://arxiv.org/abs/1909.03004,"Smith, Noah A.",,Name matches an author of the externally matched publication; initial differences are compatible.
SmokeandmirrorsJailb511,"Ouyang, Sheng","Ouyang, Sheng",confirmed,Publication page author metadata,https://arxiv.org/abs/2503.17953,"Ouyang, Sheng",,Name matches an author of the externally matched publication; initial differences are compatible.
SmokeandmirrorsJailb511,"Qin, Yihao","Qin, Yihao",confirmed,Publication page author metadata,https://arxiv.org/abs/2503.17953,"Qin, Yihao",,Name matches an author of the externally matched publication; initial differences are compatible.
SmokeandmirrorsJailb511,"Lin, Bo","Lin, Bo",confirmed,Publication page author metadata,https://arxiv.org/abs/2503.17953,"Lin, Bo",,Name matches an author of the externally matched publication; initial differences are compatible.
SmokeandmirrorsJailb511,"Chen, Liqian","Chen, Liqian",confirmed,Publication page author metadata,https://arxiv.org/abs/2503.17953,"Chen, Liqian",,Name matches an author of the externally matched publication; initial differences are compatible.
SmokeandmirrorsJailb511,"Mao, Xiaoguang","Mao, Xiaoguang",confirmed,Publication page author metadata,https://arxiv.org/abs/2503.17953,"Mao, Xiaoguang",,Name matches an author of the externally matched publication; initial differences are compatible.
SmokeandmirrorsJailb511,"Wang, Shangwen","Wang, Shangwen",confirmed,Publication page author metadata,https://arxiv.org/abs/2503.17953,"Wang, Shangwen",,Name matches an author of the externally matched publication; initial differences are compatible.
SocialchoiceforAIali512,"Conitzer, Vincent","Conitzer, Vincent",confirmed,Publication page author metadata,https://arxiv.org/abs/2404.10271v1,"Conitzer, Vincent",,Complete authoritative author list matches all previously listed authors; restore omitted authors in source order.
SocialchoiceforAIali512,"Freedman, Rachel","Freedman, Rachel",confirmed,Publication page author metadata,https://arxiv.org/abs/2404.10271v1,"Freedman, Rachel",,Complete authoritative author list matches all previously listed authors; restore omitted authors in source order.
SocialchoiceforAIali512,"Heitzig, Jobst","Heitzig, Jobst",confirmed,Publication page author metadata,https://arxiv.org/abs/2404.10271v1,"Heitzig, Jobst",,Complete authoritative author list matches all previously listed authors; restore omitted authors in source order.
SocialchoiceforAIali512,"Holliday, Wesley H","Holliday, Wesley H",confirmed,Publication page author metadata,https://arxiv.org/abs/2404.10271v1,"Holliday, Wesley H.",,Complete authoritative author list matches all previously listed authors; restore omitted authors in source order.
SocialchoiceforAIali512,"Jacobs, Bob M","Jacobs, Bob M",confirmed,Publication page author metadata,https://arxiv.org/abs/2404.10271v1,"Jacobs, Bob M.",,Complete authoritative author list matches all previously listed authors; restore omitted authors in source order.
SocialchoiceforAIali512,"Lambert, Nathan","Lambert, Nathan",confirmed,Publication page author metadata,https://arxiv.org/abs/2404.10271v1,"Lambert, Nathan",,Complete authoritative author list matches all previously listed authors; restore omitted authors in source order.
SocialchoiceforAIali512,"Moss{\'e}, Milan","Moss{\'e}, Milan",confirmed,Publication page author metadata,https://arxiv.org/abs/2404.10271v1,"Mossé, Milan",,Complete authoritative author list matches all previously listed authors; restore omitted authors in source order.
SocialchoiceforAIali512,"Pacuit, Eric","Pacuit, Eric",confirmed,Publication page author metadata,https://arxiv.org/abs/2404.10271v1,"Pacuit, Eric",,Complete authoritative author list matches all previously listed authors; restore omitted authors in source order.
SocialchoiceforAIali512,"Russell, Stuart","Russell, Stuart",confirmed,Publication page author metadata,https://arxiv.org/abs/2404.10271v1,"Russell, Stuart",,Complete authoritative author list matches all previously listed authors; restore omitted authors in source order.
SocialchoiceforAIali512,"Schoelkopf, Hailey","Schoelkopf, Hailey",confirmed,Publication page author metadata,https://arxiv.org/abs/2404.10271v1,"Schoelkopf, Hailey",,Complete authoritative author list matches all previously listed authors; restore omitted authors in source order.
SocialchoiceforAIali512,,"Tewolde, Emanuel",corrected,Publication page author metadata,https://arxiv.org/abs/2404.10271v1,"Tewolde, Emanuel",,Complete authoritative author list matches all previously listed authors; restore omitted authors in source order.
SocialchoiceforAIali512,,"Zwicker, William S.",corrected,Publication page author metadata,https://arxiv.org/abs/2404.10271v1,"Zwicker, William S.",,Complete authoritative author list matches all previously listed authors; restore omitted authors in source order.
SocialResearchMethod513,"Bernard, H. Russell","Bernard, H. Russell",unverified,,,,,No sufficient publication-specific author evidence found.
SocialScienceResearc514,"Bhattacherjee, Anol","Bhattacherjee, Anol",unverified,,,,,No sufficient publication-specific author evidence found.
SocialScienceResearc514,"Toleman, Mark","Toleman, Mark",unverified,,,,,No sufficient publication-specific author evidence found.
SocialScienceResearc514,"Rowling, Samara","Rowling, Samara",unverified,,,,,No sufficient publication-specific author evidence found.
SocialScienceResearc514,"Frederiks, Anita","Frederiks, Anita",unverified,,,,,No sufficient publication-specific author evidence found.
SocialScienceResearc514,"Andersen, Nikki","Andersen, Nikki",unverified,,,,,No sufficient publication-specific author evidence found.
Sociotechnicalharmso515,"Shelby, Renee","Shelby, Renee",confirmed,Publisher-deposited DOI author list,https://api.crossref.org/works/10.1145%2F3600211.3604673,"Shelby, Renee",https://orcid.org/0000-0003-4720-3844,Complete authoritative author list matches all previously listed authors; restore omitted authors in source order.
Sociotechnicalharmso515,"Rismani, Shalaleh","Rismani, Shalaleh",confirmed,Publisher-deposited DOI author list,https://api.crossref.org/works/10.1145%2F3600211.3604673,"Rismani, Shalaleh",https://orcid.org/0000-0002-5281-2428,Complete authoritative author list matches all previously listed authors; restore omitted authors in source order.
Sociotechnicalharmso515,"Henne, Kathryn","Henne, Kathryn",confirmed,Publisher-deposited DOI author list,https://api.crossref.org/works/10.1145%2F3600211.3604673,"Henne, Kathryn",https://orcid.org/0000-0001-7369-3002,Complete authoritative author list matches all previously listed authors; restore omitted authors in source order.
Sociotechnicalharmso515,"Moon, AJung","Moon, AJung",confirmed,Publisher-deposited DOI author list,https://api.crossref.org/works/10.1145%2F3600211.3604673,"Moon, AJung",https://orcid.org/0000-0002-9387-6284,Complete authoritative author list matches all previously listed authors; restore omitted authors in source order.
Sociotechnicalharmso515,"Rostamzadeh, Negar","Rostamzadeh, Negar",confirmed,Publisher-deposited DOI author list,https://api.crossref.org/works/10.1145%2F3600211.3604673,"Rostamzadeh, Negar",https://orcid.org/0000-0002-9638-4664,Complete authoritative author list matches all previously listed authors; restore omitted authors in source order.
Sociotechnicalharmso515,"Nicholas, Paul","Nicholas, Paul",confirmed,Publisher-deposited DOI author list,https://api.crossref.org/works/10.1145%2F3600211.3604673,"Nicholas, Paul",https://orcid.org/0000-0002-1409-8956,Complete authoritative author list matches all previously listed authors; restore omitted authors in source order.
Sociotechnicalharmso515,"Yilla-Akbari, N'Mah","Yilla-Akbari, N'Mah",confirmed,Publisher-deposited DOI author list,https://api.crossref.org/works/10.1145%2F3600211.3604673,"Yilla-Akbari, N'Mah",https://orcid.org/0000-0003-3574-5662,Complete authoritative author list matches all previously listed authors; restore omitted authors in source order.
Sociotechnicalharmso515,"Gallegos, Jess","Gallegos, Jess",confirmed,Publisher-deposited DOI author list,https://api.crossref.org/works/10.1145%2F3600211.3604673,"Gallegos, Jess",https://orcid.org/0000-0003-4377-9555,Complete authoritative author list matches all previously listed authors; restore omitted authors in source order.
Sociotechnicalharmso515,"Smart, Andrew","Smart, Andrew",confirmed,Publisher-deposited DOI author list,https://api.crossref.org/works/10.1145%2F3600211.3604673,"Smart, Andrew",https://orcid.org/0000-0002-9816-7348,Complete authoritative author list matches all previously listed authors; restore omitted authors in source order.
Sociotechnicalharmso515,"Garcia, Emilio","Garcia, Emilio",confirmed,Publisher-deposited DOI author list,https://api.crossref.org/works/10.1145%2F3600211.3604673,"Garcia, Emilio",https://orcid.org/0000-0001-8637-0245,Complete authoritative author list matches all previously listed authors; restore omitted authors in source order.
Sociotechnicalharmso515,,"Virk, Gurleen",corrected,Publisher-deposited DOI author list,https://api.crossref.org/works/10.1145%2F3600211.3604673,"Virk, Gurleen",https://orcid.org/0000-0001-9912-8853,Complete authoritative author list matches all previously listed authors; restore omitted authors in source order.
SociotechnicalSafety516,"Weidinger, Laura","Weidinger, Laura",confirmed,Publication page author metadata,https://arxiv.org/abs/2310.11986,"Weidinger, Laura",,Name matches an author of the externally matched publication; initial differences are compatible.
SociotechnicalSafety516,"Rauh, Maribeth","Rauh, Maribeth",confirmed,Publication page author metadata,https://arxiv.org/abs/2310.11986,"Rauh, Maribeth",,Name matches an author of the externally matched publication; initial differences are compatible.
SociotechnicalSafety516,"Marchal, Nahema","Marchal, Nahema",confirmed,Publication page author metadata,https://arxiv.org/abs/2310.11986,"Marchal, Nahema",,Name matches an author of the externally matched publication; initial differences are compatible.
SociotechnicalSafety516,"Manzini, Arianna","Manzini, Arianna",confirmed,Publication page author metadata,https://arxiv.org/abs/2310.11986,"Manzini, Arianna",,Name matches an author of the externally matched publication; initial differences are compatible.
SociotechnicalSafety516,"Hendricks, Lisa Anne","Hendricks, Lisa Anne",confirmed,Publication page author metadata,https://arxiv.org/abs/2310.11986,"Hendricks, Lisa Anne",,Name matches an author of the externally matched publication; initial differences are compatible.
SociotechnicalSafety516,"Mateos-Garcia, Juan","Mateos-Garcia, Juan",confirmed,Publication page author metadata,https://arxiv.org/abs/2310.11986,"Mateos-Garcia, Juan",,Name matches an author of the externally matched publication; initial differences are compatible.
SociotechnicalSafety516,"Bergman, Stevie","Bergman, Stevie",confirmed,Publication page author metadata,https://arxiv.org/abs/2310.11986,"Bergman, Stevie",,Name matches an author of the externally matched publication; initial differences are compatible.
SociotechnicalSafety516,"Kay, Jackie","Kay, Jackie",confirmed,Publication page author metadata,https://arxiv.org/abs/2310.11986,"Kay, Jackie",,Name matches an author of the externally matched publication; initial differences are compatible.
SociotechnicalSafety516,"Griffin, Conor","Griffin, Conor",confirmed,Publication page author metadata,https://arxiv.org/abs/2310.11986,"Griffin, Conor",,Name matches an author of the externally matched publication; initial differences are compatible.
SociotechnicalSafety516,"Bariach, Ben","Bariach, Ben",confirmed,Publication page author metadata,https://arxiv.org/abs/2310.11986,"Bariach, Ben",,Name matches an author of the externally matched publication; initial differences are compatible.
SociotechnicalSafety516,"Gabriel, Iason","Gabriel, Iason",confirmed,Publication page author metadata,https://arxiv.org/abs/2310.11986,"Gabriel, Iason",,Name matches an author of the externally matched publication; initial differences are compatible.
SociotechnicalSafety516,"Rieser, Verena","Rieser, Verena",confirmed,Publication page author metadata,https://arxiv.org/abs/2310.11986,"Rieser, Verena",,Name matches an author of the externally matched publication; initial differences are compatible.
SociotechnicalSafety516,"Isaac, William","Isaac, William",confirmed,Publication page author metadata,https://arxiv.org/abs/2310.11986,"Isaac, William",,Name matches an author of the externally matched publication; initial differences are compatible.
Solutionstotheexplor517,"Stadler, C.","Stadler, Christian",corrected,Publisher-deposited DOI author list,https://api.crossref.org/works/10.1111%2Fijmr.12015,"Stadler, Christian",,Name matches an author of the externally matched publication; initial differences are compatible.
Solutionstotheexplor517,"Rajwani, T.","Rajwani, Tazeeb",corrected,Publisher-deposited DOI author list,https://api.crossref.org/works/10.1111%2Fijmr.12015,"Rajwani, Tazeeb",,Name matches an author of the externally matched publication; initial differences are compatible.
Solutionstotheexplor517,"Karaba, F.","Karaba, Florence",corrected,Publisher-deposited DOI author list,https://api.crossref.org/works/10.1111%2Fijmr.12015,"Karaba, Florence",,Name matches an author of the externally matched publication; initial differences are compatible.
SomeSocialandPsychol518,"Trist, E. L.","Trist, E. L.",confirmed,Publisher-deposited DOI author list,https://api.crossref.org/works/10.1177%2F001872675100400101,"Trist, E. L.",,Name matches an author of the externally matched publication; initial differences are compatible.
SomeSocialandPsychol518,"Bamforth, K. W.","Bamforth, K. W.",confirmed,Publisher-deposited DOI author list,https://api.crossref.org/works/10.1177%2F001872675100400101,"Bamforth, K. W.",,Name matches an author of the externally matched publication; initial differences are compatible.
SparksofArtificialGe519,"Bubeck, S{\'e}bastien","Bubeck, S{\'e}bastien",confirmed,Publication page author metadata,https://arxiv.org/abs/2303.12712,"Bubeck, Sébastien",,Complete authoritative author list matches all previously listed authors; restore omitted authors in source order.
SparksofArtificialGe519,"Chandrasekaran, Varun","Chandrasekaran, Varun",confirmed,Publication page author metadata,https://arxiv.org/abs/2303.12712,"Chandrasekaran, Varun",,Complete authoritative author list matches all previously listed authors; restore omitted authors in source order.
SparksofArtificialGe519,"Eldan, Ronen","Eldan, Ronen",confirmed,Publication page author metadata,https://arxiv.org/abs/2303.12712,"Eldan, Ronen",,Complete authoritative author list matches all previously listed authors; restore omitted authors in source order.
SparksofArtificialGe519,"Gehrke, Johannes","Gehrke, Johannes",confirmed,Publication page author metadata,https://arxiv.org/abs/2303.12712,"Gehrke, Johannes",,Complete authoritative author list matches all previously listed authors; restore omitted authors in source order.
SparksofArtificialGe519,"Horvitz, Eric","Horvitz, Eric",confirmed,Publication page author metadata,https://arxiv.org/abs/2303.12712,"Horvitz, Eric",,Complete authoritative author list matches all previously listed authors; restore omitted authors in source order.
SparksofArtificialGe519,"Kamar, Ece","Kamar, Ece",confirmed,Publication page author metadata,https://arxiv.org/abs/2303.12712,"Kamar, Ece",,Complete authoritative author list matches all previously listed authors; restore omitted authors in source order.
SparksofArtificialGe519,"Lee, Peter","Lee, Peter",confirmed,Publication page author metadata,https://arxiv.org/abs/2303.12712,"Lee, Peter",,Complete authoritative author list matches all previously listed authors; restore omitted authors in source order.
SparksofArtificialGe519,"Lee, Yin Tat","Lee, Yin Tat",confirmed,Publication page author metadata,https://arxiv.org/abs/2303.12712,"Lee, Yin Tat",,Complete authoritative author list matches all previously listed authors; restore omitted authors in source order.
SparksofArtificialGe519,"Li, Yuanzhi","Li, Yuanzhi",confirmed,Publication page author metadata,https://arxiv.org/abs/2303.12712,"Li, Yuanzhi",,Complete authoritative author list matches all previously listed authors; restore omitted authors in source order.
SparksofArtificialGe519,"Lundberg, Scott","Lundberg, Scott",confirmed,Publication page author metadata,https://arxiv.org/abs/2303.12712,"Lundberg, Scott",,Complete authoritative author list matches all previously listed authors; restore omitted authors in source order.
SparksofArtificialGe519,,"Nori, Harsha",corrected,Publication page author metadata,https://arxiv.org/abs/2303.12712,"Nori, Harsha",,Complete authoritative author list matches all previously listed authors; restore omitted authors in source order.
SparksofArtificialGe519,,"Palangi, Hamid",corrected,Publication page author metadata,https://arxiv.org/abs/2303.12712,"Palangi, Hamid",,Complete authoritative author list matches all previously listed authors; restore omitted authors in source order.
SparksofArtificialGe519,,"Ribeiro, Marco Tulio",corrected,Publication page author metadata,https://arxiv.org/abs/2303.12712,"Ribeiro, Marco Tulio",,Complete authoritative author list matches all previously listed authors; restore omitted authors in source order.
SparksofArtificialGe519,,"Zhang, Yi",corrected,Publication page author metadata,https://arxiv.org/abs/2303.12712,"Zhang, Yi",,Complete authoritative author list matches all previously listed authors; restore omitted authors in source order.
SparsePrincipalCompo520,"Zou, Hui","Zou, Hui",confirmed,Publication opening-page author block,https://sites.cc.gatech.edu/home/isbell/classes/reading/papers/sparsepc.pdf,,,Full given name and surname occur together in the matched publication author block.
SparsePrincipalCompo520,"Hastie, Trevor","Hastie, Trevor",confirmed,Publication opening-page author block,https://sites.cc.gatech.edu/home/isbell/classes/reading/papers/sparsepc.pdf,,,Full given name and surname occur together in the matched publication author block.
SparsePrincipalCompo520,"Tibshirani, Robert","Tibshirani, Robert",confirmed,Publication opening-page author block,https://sites.cc.gatech.edu/home/isbell/classes/reading/papers/sparsepc.pdf,,,Full given name and surname occur together in the matched publication author block.
SpongeexamplesEnergy521,"Shumailov, I.","Shumailov, Ilia",corrected,Publication page author metadata,https://arxiv.org/abs/2006.03463,"Shumailov, Ilia",,Complete authoritative author list matches all previously listed authors; restore omitted authors in source order.
SpongeexamplesEnergy521,,"Zhao, Yiren",corrected,Publication page author metadata,https://arxiv.org/abs/2006.03463,"Zhao, Yiren",,Complete authoritative author list matches all previously listed authors; restore omitted authors in source order.
SpongeexamplesEnergy521,,"Bates, Daniel",corrected,Publication page author metadata,https://arxiv.org/abs/2006.03463,"Bates, Daniel",,Complete authoritative author list matches all previously listed authors; restore omitted authors in source order.
SpongeexamplesEnergy521,,"Papernot, Nicolas",corrected,Publication page author metadata,https://arxiv.org/abs/2006.03463,"Papernot, Nicolas",,Complete authoritative author list matches all previously listed authors; restore omitted authors in source order.
SpongeexamplesEnergy521,,"Mullins, Robert",corrected,Publication page author metadata,https://arxiv.org/abs/2006.03463,"Mullins, Robert",,Complete authoritative author list matches all previously listed authors; restore omitted authors in source order.
SpongeexamplesEnergy521,,"Anderson, Ross",corrected,Publication page author metadata,https://arxiv.org/abs/2006.03463,"Anderson, Ross",,Complete authoritative author list matches all previously listed authors; restore omitted authors in source order.
SQuAD100000Questions522,"Rajpurkar, Pranav","Rajpurkar, Pranav",confirmed,Publication opening-page author block,https://aclanthology.org/D16-1264.pdf,,,Full given name and surname occur together in the matched publication author block.
SQuAD100000Questions522,"Zhang, Jian","Zhang, Jian",confirmed,Publication opening-page author block,https://aclanthology.org/D16-1264.pdf,,,Full given name and surname occur together in the matched publication author block.
SQuAD100000Questions522,"Lopyrev, Konstantin","Lopyrev, Konstantin",confirmed,Publication opening-page author block,https://aclanthology.org/D16-1264.pdf,,,Full given name and surname occur together in the matched publication author block.
SQuAD100000Questions522,"Liang, Percy","Liang, Percy",confirmed,Publication opening-page author block,https://aclanthology.org/D16-1264.pdf,,,Full given name and surname occur together in the matched publication author block.
StatisticalModelingT523,"Breiman, Leo","Breiman, Leo",confirmed,Publisher-deposited DOI author list,https://api.crossref.org/works/10.1214%2Fss%2F1009213726,"Breiman, Leo",,Name matches an author of the externally matched publication; initial differences are compatible.
StatisticalPowerAnal524,"Cohen, Jacob","Cohen, Jacob",confirmed,Publisher-deposited DOI author list,https://api.crossref.org/works/10.4324%2F9780203771587,"Cohen, Jacob",,Name matches an author of the externally matched publication; initial differences are compatible.
StatisticsforExperim525,"Box, George E.P.","Box, George E.P.",unverified,,,,,No sufficient publication-specific author evidence found.
StatisticsforExperim525,"Hunter, J. Stuart","Hunter, J. Stuart",unverified,,,,,No sufficient publication-specific author evidence found.
StatisticsforExperim525,"Hunter, William G.","Hunter, William G.",unverified,,,,,No sufficient publication-specific author evidence found.
StealingMachineLearn526,"Tram{\`e}r, Florian","Tram{\`e}r, Florian",confirmed,Publication opening-page author block,https://www.usenix.org/system/files/conference/usenixsecurity16/sec16_paper_tramer.pdf,,,Full given name and surname occur together in the matched publication author block.
StealingMachineLearn526,"Zhang, Fan","Zhang, Fan",confirmed,Publication opening-page author block,https://www.usenix.org/system/files/conference/usenixsecurity16/sec16_paper_tramer.pdf,,,Full given name and surname occur together in the matched publication author block.
StealingMachineLearn526,"Juels, Ari","Juels, Ari",confirmed,Publication opening-page author block,https://www.usenix.org/system/files/conference/usenixsecurity16/sec16_paper_tramer.pdf,,,Full given name and surname occur together in the matched publication author block.
StealingMachineLearn526,"Reiter, Michael K","Reiter, Michael K",confirmed,Publication opening-page author block,https://www.usenix.org/system/files/conference/usenixsecurity16/sec16_paper_tramer.pdf,,,Full given name and surname occur together in the matched publication author block.
StealingMachineLearn526,"Ristenpart, Thomas","Ristenpart, Thomas",confirmed,Publication opening-page author block,https://www.usenix.org/system/files/conference/usenixsecurity16/sec16_paper_tramer.pdf,,,Full given name and surname occur together in the matched publication author block.
StealingPartofaProdu527,"Carlini, Nicholas","Carlini, Nicholas",confirmed,Publication page author metadata,https://arxiv.org/abs/2403.06634,"Carlini, Nicholas",,Name matches an author of the externally matched publication; initial differences are compatible.
StealingPartofaProdu527,"Paleka, Daniel","Paleka, Daniel",confirmed,Publication page author metadata,https://arxiv.org/abs/2403.06634,"Paleka, Daniel",,Name matches an author of the externally matched publication; initial differences are compatible.
StealingPartofaProdu527,"Dvijotham, Krishnamurthy Dj","Dvijotham, Krishnamurthy Dj",confirmed,Publication page author metadata,https://arxiv.org/abs/2403.06634,"Dvijotham, Krishnamurthy Dj",,Name matches an author of the externally matched publication; initial differences are compatible.
StealingPartofaProdu527,"Steinke, Thomas","Steinke, Thomas",confirmed,Publication page author metadata,https://arxiv.org/abs/2403.06634,"Steinke, Thomas",,Name matches an author of the externally matched publication; initial differences are compatible.
StealingPartofaProdu527,"Hayase, Jonathan","Hayase, Jonathan",confirmed,Publication page author metadata,https://arxiv.org/abs/2403.06634,"Hayase, Jonathan",,Name matches an author of the externally matched publication; initial differences are compatible.
StealingPartofaProdu527,"Cooper, A. Feder","Cooper, A. Feder",confirmed,Publication page author metadata,https://arxiv.org/abs/2403.06634,"Cooper, A. Feder",,Name matches an author of the externally matched publication; initial differences are compatible.
StealingPartofaProdu527,"Lee, Katherine","Lee, Katherine",confirmed,Publication page author metadata,https://arxiv.org/abs/2403.06634,"Lee, Katherine",,Name matches an author of the externally matched publication; initial differences are compatible.
StealingPartofaProdu527,"Jagielski, Matthew","Jagielski, Matthew",confirmed,Publication page author metadata,https://arxiv.org/abs/2403.06634,"Jagielski, Matthew",,Name matches an author of the externally matched publication; initial differences are compatible.
StealingPartofaProdu527,"Nasr, Milad","Nasr, Milad",confirmed,Publication page author metadata,https://arxiv.org/abs/2403.06634,"Nasr, Milad",,Name matches an author of the externally matched publication; initial differences are compatible.
StealingPartofaProdu527,"Conmy, Arthur","Conmy, Arthur",confirmed,Publication page author metadata,https://arxiv.org/abs/2403.06634,"Conmy, Arthur",,Name matches an author of the externally matched publication; initial differences are compatible.
StealingPartofaProdu527,"Yona, Itay","Yona, Itay",confirmed,Publication page author metadata,https://arxiv.org/abs/2403.06634,"Yona, Itay",,Name matches an author of the externally matched publication; initial differences are compatible.
StealingPartofaProdu527,"Wallace, Eric","Wallace, Eric",confirmed,Publication page author metadata,https://arxiv.org/abs/2403.06634,"Wallace, Eric",,Name matches an author of the externally matched publication; initial differences are compatible.
StealingPartofaProdu527,"Rolnick, David","Rolnick, David",confirmed,Publication page author metadata,https://arxiv.org/abs/2403.06634,"Rolnick, David",,Name matches an author of the externally matched publication; initial differences are compatible.
StealingPartofaProdu527,"Tramèr, Florian","Tramèr, Florian",confirmed,Publication page author metadata,https://arxiv.org/abs/2403.06634,"Tramèr, Florian",,Name matches an author of the externally matched publication; initial differences are compatible.
StereoSetMeasuringst528,"Nadeem, Moin","Nadeem, Moin",confirmed,Publication page author metadata,https://arxiv.org/abs/2004.09456,"Nadeem, Moin",,Name matches an author of the externally matched publication; initial differences are compatible.
StereoSetMeasuringst528,"Bethke, Anna","Bethke, Anna",confirmed,Publication page author metadata,https://arxiv.org/abs/2004.09456,"Bethke, Anna",,Name matches an author of the externally matched publication; initial differences are compatible.
StereoSetMeasuringst528,"Reddy, Siva","Reddy, Siva",confirmed,Publication page author metadata,https://arxiv.org/abs/2004.09456,"Reddy, Siva",,Name matches an author of the externally matched publication; initial differences are compatible.
Stopexplainingblackb529,"Rudin, Cynthia","Rudin, Cynthia",confirmed,Publisher-deposited DOI author list,https://api.crossref.org/works/10.1038%2Fs42256-019-0048-x,"Rudin, Cynthia",https://orcid.org/0000-0003-4283-2780,Name matches an author of the externally matched publication; initial differences are compatible.
StressTests530,FRB,FRB,unverified,,,,,No sufficient publication-specific author evidence found.
StrongRulesforDiscar531,"Bien, Jacob","Bien, Jacob",confirmed,Publisher-deposited DOI author list,https://api.crossref.org/works/10.1111%2Fj.1467-9868.2011.01004.x,"Bien, Jacob",,Name matches an author of the externally matched publication; initial differences are compatible.
StrongRulesforDiscar531,"Friedman, Jerome","Friedman, Jerome",confirmed,Publisher-deposited DOI author list,https://api.crossref.org/works/10.1111%2Fj.1467-9868.2011.01004.x,"Friedman, Jerome",,Name matches an author of the externally matched publication; initial differences are compatible.
StrongRulesforDiscar531,"Hastie, Trevor","Hastie, Trevor",confirmed,Publisher-deposited DOI author list,https://api.crossref.org/works/10.1111%2Fj.1467-9868.2011.01004.x,"Hastie, Trevor",,Name matches an author of the externally matched publication; initial differences are compatible.
StrongRulesforDiscar531,"Simon, Noah","Simon, Noah",confirmed,Publisher-deposited DOI author list,https://api.crossref.org/works/10.1111%2Fj.1467-9868.2011.01004.x,"Simon, Noah",,Name matches an author of the externally matched publication; initial differences are compatible.
StrongRulesforDiscar531,"Taylor, Jonathan","Taylor, Jonathan",confirmed,Publisher-deposited DOI author list,https://api.crossref.org/works/10.1111%2Fj.1467-9868.2011.01004.x,"Taylor, Jonathan",,Name matches an author of the externally matched publication; initial differences are compatible.
StrongRulesforDiscar531,"Tibshirani, Rob","Tibshirani, Robert",corrected,Publisher-deposited DOI author list,https://api.crossref.org/works/10.1111%2Fj.1467-9868.2011.01004.x,"Tibshirani, Robert",,Name matches an author of the externally matched publication; initial differences are compatible.
StrongRulesforDiscar531,"Tibshirani, Ryan J.","Tibshirani, Ryan J.",confirmed,Publisher-deposited DOI author list,https://api.crossref.org/works/10.1111%2Fj.1467-9868.2011.01004.x,"Tibshirani, Ryan J.",,Name matches an author of the externally matched publication; initial differences are compatible.
Styleandsociolinguis532,"Eckert, Penelope","Eckert, Penelope",unverified,,,,,No sufficient publication-specific author evidence found.
Styleandsociolinguis532,"Rickford, John R","Rickford, John R",unverified,,,,,No sufficient publication-specific author evidence found.
StylemattersInvestig533,"Khalid, Osama","Khalid, Osama",confirmed,Publisher-deposited DOI author list,https://api.crossref.org/works/10.1609%2Ficwsm.v14i1.7306,"Khalid, Osama",,Name matches an author of the externally matched publication; initial differences are compatible.
StylemattersInvestig533,"Srinivasan, Padmini","Srinivasan, Padmini",confirmed,Publisher-deposited DOI author list,https://api.crossref.org/works/10.1609%2Ficwsm.v14i1.7306,"Srinivasan, Padmini",,Name matches an author of the externally matched publication; initial differences are compatible.
SubjectivityintheCre534,"Cummings, Mary L.","Cummings, Mary L.",confirmed,Publisher-deposited DOI author list,https://api.crossref.org/works/10.1145%2F3418034,"Cummings, Mary L.",,Name matches an author of the externally matched publication; initial differences are compatible.
SubjectivityintheCre534,"Li, Songpo","Li, Songpo",confirmed,Publisher-deposited DOI author list,https://api.crossref.org/works/10.1145%2F3418034,"Li, Songpo",,Name matches an author of the externally matched publication; initial differences are compatible.
SuperGLUEAStickierBe535,"Wang, Alex","Wang, Alex",confirmed,Publication opening-page author block,https://papers.neurips.cc/paper/2019/file/4496bf24afe7fab6f046bf4923da8de6-Paper.pdf,,,Full given name and surname occur together in the matched publication author block.
SuperGLUEAStickierBe535,"Pruksachatkun, Yada","Pruksachatkun, Yada",confirmed,Publication opening-page author block,https://papers.neurips.cc/paper/2019/file/4496bf24afe7fab6f046bf4923da8de6-Paper.pdf,,,Full given name and surname occur together in the matched publication author block.
SuperGLUEAStickierBe535,"Nangia, Nikita","Nangia, Nikita",confirmed,Publication opening-page author block,https://papers.neurips.cc/paper/2019/file/4496bf24afe7fab6f046bf4923da8de6-Paper.pdf,,,Full given name and surname occur together in the matched publication author block.
SuperGLUEAStickierBe535,"Singh, Amanpreet","Singh, Amanpreet",confirmed,Publication opening-page author block,https://papers.neurips.cc/paper/2019/file/4496bf24afe7fab6f046bf4923da8de6-Paper.pdf,,,Full given name and surname occur together in the matched publication author block.
SuperGLUEAStickierBe535,"Michael, Julian","Michael, Julian",confirmed,Publication opening-page author block,https://papers.neurips.cc/paper/2019/file/4496bf24afe7fab6f046bf4923da8de6-Paper.pdf,,,Full given name and surname occur together in the matched publication author block.
SuperGLUEAStickierBe535,"Hill, Felix","Hill, Felix",confirmed,Publication opening-page author block,https://papers.neurips.cc/paper/2019/file/4496bf24afe7fab6f046bf4923da8de6-Paper.pdf,,,Full given name and surname occur together in the matched publication author block.
SuperGLUEAStickierBe535,"Levy, Omer","Levy, Omer",confirmed,Publication opening-page author block,https://papers.neurips.cc/paper/2019/file/4496bf24afe7fab6f046bf4923da8de6-Paper.pdf,,,Full given name and surname occur together in the matched publication author block.
SuperGLUEAStickierBe535,"Bowman, Samuel","Bowman, Samuel",confirmed,Publication opening-page author block,https://papers.neurips.cc/paper/2019/file/4496bf24afe7fab6f046bf4923da8de6-Paper.pdf,,,Full given name and surname occur together in the matched publication author block.
SupersparseLinearInt536,"Ustun, Berk","Ustun, Berk",confirmed,Publication page author metadata,https://dspace.mit.edu/entities/publication/1f155f7d-39ee-45e2-aba0-8cf0456eb6a2,"Ustun, Berk",,Name matches an author of the externally matched publication; initial differences are compatible.
SupersparseLinearInt536,"Rudin, Cynthia","Rudin, Cynthia",confirmed,Publication page author metadata,https://dspace.mit.edu/entities/publication/1f155f7d-39ee-45e2-aba0-8cf0456eb6a2,"Rudin, Cynthia",,Name matches an author of the externally matched publication; initial differences are compatible.
SupervisoryGuidanceo537,FRB/OCC,FRB/OCC,unverified,,,,,No sufficient publication-specific author evidence found.
SurelyYoureJokingMrF538,"Feynman, Richard P.","Feynman, Richard P.",confirmed,Publisher-deposited DOI author list,https://api.crossref.org/works/10.1119%2F1.14087,"Feynman, Richard P.",,Name matches an author of the externally matched publication; initial differences are compatible.
SurfaceReservoirChar539,"Holdaway, Keith","Holdaway, Keith",confirmed,Publisher-deposited DOI author list,https://api.crossref.org/works/10.1190%2Fice2016-6319324.1,"Holdaway, Keith",,Name matches an author of the externally matched publication; initial differences are compatible.
SurfaceReservoirChar539,"Hall, Patrick","Hall, Patrick",confirmed,Publisher-deposited DOI author list,https://api.crossref.org/works/10.1190%2Fice2016-6319324.1,"Hall, Patrick",,Name matches an author of the externally matched publication; initial differences are compatible.
SurfaceReservoirChar539,"Silva, Jorge","Silva, Jorge",confirmed,Publisher-deposited DOI author list,https://api.crossref.org/works/10.1190%2Fice2016-6319324.1,"Silva, Jorge",,Name matches an author of the externally matched publication; initial differences are compatible.
SurfaceReservoirChar539,"Kabul, Ilknur","Kabul, Ilknur",confirmed,Publisher-deposited DOI author list,https://api.crossref.org/works/10.1190%2Fice2016-6319324.1,"Kabul, Ilknur",,Name matches an author of the externally matched publication; initial differences are compatible.
SurveyarticleInterco540,"Artstein, Ron","Artstein, Ron",confirmed,Publisher-deposited DOI author list,https://api.crossref.org/works/10.1162%2Fcoli.07-034-R2,"Artstein, Ron",,Name matches an author of the externally matched publication; initial differences are compatible.
SurveyarticleInterco540,"Poesio, Massimo","Poesio, Massimo",confirmed,Publisher-deposited DOI author list,https://api.crossref.org/works/10.1162%2Fcoli.07-034-R2,"Poesio, Massimo",,Name matches an author of the externally matched publication; initial differences are compatible.
Surveyofhallucinatio541,"Ji, Ziwei","Ji, Ziwei",confirmed,Publisher-deposited DOI author list,https://api.crossref.org/works/10.1145%2F3571730,"Ji, Ziwei",https://orcid.org/0000-0002-0206-7861,Name matches an author of the externally matched publication; initial differences are compatible.
Surveyofhallucinatio541,"Lee, Nayeon","Lee, Nayeon",confirmed,Publisher-deposited DOI author list,https://api.crossref.org/works/10.1145%2F3571730,"Lee, Nayeon",https://orcid.org/0000-0003-1144-1103,Name matches an author of the externally matched publication; initial differences are compatible.
Surveyofhallucinatio541,"Frieske, Rita","Frieske, Rita",confirmed,Publisher-deposited DOI author list,https://api.crossref.org/works/10.1145%2F3571730,"Frieske, Rita",https://orcid.org/0000-0002-3921-3519,Name matches an author of the externally matched publication; initial differences are compatible.
Surveyofhallucinatio541,"Yu, Tiezheng","Yu, Tiezheng",confirmed,Publisher-deposited DOI author list,https://api.crossref.org/works/10.1145%2F3571730,"Yu, Tiezheng",https://orcid.org/0000-0001-5396-950X,Name matches an author of the externally matched publication; initial differences are compatible.
Surveyofhallucinatio541,"Su, Dan","Su, Dan",confirmed,Publisher-deposited DOI author list,https://api.crossref.org/works/10.1145%2F3571730,"Su, Dan",https://orcid.org/0000-0001-5746-9545,Name matches an author of the externally matched publication; initial differences are compatible.
Surveyofhallucinatio541,"Xu, Yan","Xu, Yan",confirmed,Publisher-deposited DOI author list,https://api.crossref.org/works/10.1145%2F3571730,"Xu, Yan",https://orcid.org/0000-0003-2205-2429,Name matches an author of the externally matched publication; initial differences are compatible.
Surveyofhallucinatio541,"Ishii, Etsuko","Ishii, Etsuko",confirmed,Publisher-deposited DOI author list,https://api.crossref.org/works/10.1145%2F3571730,"Ishii, Etsuko",https://orcid.org/0000-0002-6423-539X,Name matches an author of the externally matched publication; initial differences are compatible.
Surveyofhallucinatio541,"Bang, Ye Jin","Bang, Ye Jin",confirmed,Publisher-deposited DOI author list,https://api.crossref.org/works/10.1145%2F3571730,"Bang, Ye Jin",https://orcid.org/0000-0002-2968-0033,Name matches an author of the externally matched publication; initial differences are compatible.
Surveyofhallucinatio541,"Madotto, Andrea","Madotto, Andrea",confirmed,Publisher-deposited DOI author list,https://api.crossref.org/works/10.1145%2F3571730,"Madotto, Andrea",https://orcid.org/0000-0002-8672-715X,Name matches an author of the externally matched publication; initial differences are compatible.
Surveyofhallucinatio541,"Fung, Pascale","Fung, Pascale N.",corrected,Publisher-deposited DOI author list,https://api.crossref.org/works/10.1145%2F3571730,"Fung, Pascale N.",https://orcid.org/0000-0002-0628-7132,Name matches an author of the externally matched publication; initial differences are compatible.
SystemlevelTranspare542,"Alsallakh, Bilal","Alsallakh, Bilal",unverified,,,,,No sufficient publication-specific author evidence found.
SystemlevelTranspare542,"Cheema, Adeel","Cheema, Adeel",unverified,,,,,No sufficient publication-specific author evidence found.
SystemlevelTranspare542,"Procope, Chavez","Procope, Chavez",unverified,,,,,No sufficient publication-specific author evidence found.
SystemlevelTranspare542,"Adkins, David","Adkins, David",unverified,,,,,No sufficient publication-specific author evidence found.
SystemlevelTranspare542,"McReynolds, Emily","McReynolds, Emily",unverified,,,,,No sufficient publication-specific author evidence found.
SystemlevelTranspare542,"Wang, Erin","Wang, Erin",unverified,,,,,No sufficient publication-specific author evidence found.
SystemlevelTranspare542,"Pehl, Grace","Pehl, Grace",unverified,,,,,No sufficient publication-specific author evidence found.
SystemlevelTranspare542,"Green, Nekesha","Green, Nekesha",unverified,,,,,No sufficient publication-specific author evidence found.
SystemlevelTranspare542,"Zvyagina, Polina","Zvyagina, Polina",unverified,,,,,No sufficient publication-specific author evidence found.
Systemsandsoftwareen543,{ISO},{ISO},unverified,,,,,No sufficient publication-specific author evidence found.
tClosenessPrivacyBey544,"Li, Ninghui","Li, Ninghui",confirmed,Publication opening-page author block,https://personal.utdallas.edu/~mxk055100/courses/privacy08f_files/tcloseness.pdf,,,Full given name and surname occur together in the matched publication author block.
tClosenessPrivacyBey544,"Li, Tiancheng","Li, Tiancheng",confirmed,Publication opening-page author block,https://personal.utdallas.edu/~mxk055100/courses/privacy08f_files/tcloseness.pdf,,,Full given name and surname occur together in the matched publication author block.
tClosenessPrivacyBey544,"Venkatasubramanian, Suresh","Venkatasubramanian, Suresh",confirmed,Publication opening-page author block,https://personal.utdallas.edu/~mxk055100/courses/privacy08f_files/tcloseness.pdf,,,Full given name and surname occur together in the matched publication author block.
TabArenaALivingBench545,"Erickson, Nick","Erickson, Nick",confirmed,Publication page author metadata,https://arxiv.org/abs/2506.16791,"Erickson, Nick",,Name matches an author of the externally matched publication; initial differences are compatible.
TabArenaALivingBench545,"Purucker, Lennart","Purucker, Lennart",confirmed,Publication page author metadata,https://arxiv.org/abs/2506.16791,"Purucker, Lennart",,Name matches an author of the externally matched publication; initial differences are compatible.
TabArenaALivingBench545,"Tschalzev, Andrej","Tschalzev, Andrej",confirmed,Publication page author metadata,https://arxiv.org/abs/2506.16791,"Tschalzev, Andrej",,Name matches an author of the externally matched publication; initial differences are compatible.
TabArenaALivingBench545,"Holzm{\""u}ller, David","Holzm{\""u}ller, David",confirmed,Publication page author metadata,https://arxiv.org/abs/2506.16791,"Holzmüller, David",,Name matches an author of the externally matched publication; initial differences are compatible.
TabArenaALivingBench545,"Desai, Prateek Mutalik","Desai, Prateek Mutalik",confirmed,Publication page author metadata,https://arxiv.org/abs/2506.16791,"Desai, Prateek Mutalik",,Name matches an author of the externally matched publication; initial differences are compatible.
TabArenaALivingBench545,"Salinas, David","Salinas, David",confirmed,Publication page author metadata,https://arxiv.org/abs/2506.16791,"Salinas, David",,Name matches an author of the externally matched publication; initial differences are compatible.
TabArenaALivingBench545,"Hutter, Frank","Hutter, Frank",confirmed,Publication page author metadata,https://arxiv.org/abs/2506.16791,"Hutter, Frank",,Name matches an author of the externally matched publication; initial differences are compatible.
TaskcontaminationLan546,"Li, C.","Li, Changmao",corrected,Publication page author metadata,https://arxiv.org/abs/2312.16337,"Li, Changmao",,Name matches an author of the externally matched publication; initial differences are compatible.
TaskcontaminationLan546,"Flanigan, J.","Flanigan, Jeffrey",corrected,Publication page author metadata,https://arxiv.org/abs/2312.16337,"Flanigan, Jeffrey",,Name matches an author of the externally matched publication; initial differences are compatible.
TaskbenchBenchmarkin547,"Shen, Yongliang","Shen, Yongliang",confirmed,Publication page author metadata,https://arxiv.org/abs/2311.18760,"Shen, Yongliang",,Name matches an author of the externally matched publication; initial differences are compatible.
TaskbenchBenchmarkin547,"Song, Kaitao","Song, Kaitao",confirmed,Publication page author metadata,https://arxiv.org/abs/2311.18760,"Song, Kaitao",,Name matches an author of the externally matched publication; initial differences are compatible.
TaskbenchBenchmarkin547,"Tan, Xu","Tan, Xu",confirmed,Publication page author metadata,https://arxiv.org/abs/2311.18760,"Tan, Xu",,Name matches an author of the externally matched publication; initial differences are compatible.
TaskbenchBenchmarkin547,"Zhang, Wenqi","Zhang, Wenqi",confirmed,Publication page author metadata,https://arxiv.org/abs/2311.18760,"Zhang, Wenqi",,Name matches an author of the externally matched publication; initial differences are compatible.
TaskbenchBenchmarkin547,"Ren, Kan","Ren, Kan",confirmed,Publication page author metadata,https://arxiv.org/abs/2311.18760,"Ren, Kan",,Name matches an author of the externally matched publication; initial differences are compatible.
TaskbenchBenchmarkin547,"Yuan, Siyu","Yuan, Siyu",confirmed,Publication page author metadata,https://arxiv.org/abs/2311.18760,"Yuan, Siyu",,Name matches an author of the externally matched publication; initial differences are compatible.
TaskbenchBenchmarkin547,"Lu, Weiming","Lu, Weiming",confirmed,Publication page author metadata,https://arxiv.org/abs/2311.18760,"Lu, Weiming",,Name matches an author of the externally matched publication; initial differences are compatible.
TaskbenchBenchmarkin547,"Li, Dongsheng","Li, Dongsheng",confirmed,Publication page author metadata,https://arxiv.org/abs/2311.18760,"Li, Dongsheng",,Name matches an author of the externally matched publication; initial differences are compatible.
TaskbenchBenchmarkin547,"Zhuang, Yueting","Zhuang, Yueting",confirmed,Publication page author metadata,https://arxiv.org/abs/2311.18760,"Zhuang, Yueting",,Name matches an author of the externally matched publication; initial differences are compatible.
TaxonomyofFailureMod548,"Bryan, Pete","Bryan, Pete",confirmed,Reviewed full publication author list,https://cdn-dynmedia-1.microsoft.com/is/content/microsoftcorp/microsoft/final/en-us/microsoft-brand/documents/Taxonomy-of-Failure-Mode-in-Agentic-AI-Systems-Whitepaper.pdf,"Bryan, Pete",,Publication cover author list reviewed in full; split four merged author pairs and preserve the repeated Daniel Jones exactly as printed.
TaxonomyofFailureMod548,"Severi, Giorgio","Severi, Giorgio",confirmed,Reviewed full publication author list,https://cdn-dynmedia-1.microsoft.com/is/content/microsoftcorp/microsoft/final/en-us/microsoft-brand/documents/Taxonomy-of-Failure-Mode-in-Agentic-AI-Systems-Whitepaper.pdf,"Severi, Giorgio",,Publication cover author list reviewed in full; split four merged author pairs and preserve the repeated Daniel Jones exactly as printed.
TaxonomyofFailureMod548,"de Gruyter, Joris","de Gruyter, Joris",confirmed,Reviewed full publication author list,https://cdn-dynmedia-1.microsoft.com/is/content/microsoftcorp/microsoft/final/en-us/microsoft-brand/documents/Taxonomy-of-Failure-Mode-in-Agentic-AI-Systems-Whitepaper.pdf,"de Gruyter, Joris",,Publication cover author list reviewed in full; split four merged author pairs and preserve the repeated Daniel Jones exactly as printed.
TaxonomyofFailureMod548,"Jones, Daniel","Jones, Daniel",confirmed,Reviewed full publication author list,https://cdn-dynmedia-1.microsoft.com/is/content/microsoftcorp/microsoft/final/en-us/microsoft-brand/documents/Taxonomy-of-Failure-Mode-in-Agentic-AI-Systems-Whitepaper.pdf,"Jones, Daniel",,Publication cover author list reviewed in full; split four merged author pairs and preserve the repeated Daniel Jones exactly as printed.
TaxonomyofFailureMod548,,"Bullwinkel, Blake",corrected,Reviewed full publication author list,https://cdn-dynmedia-1.microsoft.com/is/content/microsoftcorp/microsoft/final/en-us/microsoft-brand/documents/Taxonomy-of-Failure-Mode-in-Agentic-AI-Systems-Whitepaper.pdf,"Bullwinkel, Blake",,Publication cover author list reviewed in full; split four merged author pairs and preserve the repeated Daniel Jones exactly as printed.
TaxonomyofFailureMod548,,"Minnich, Amanda",corrected,Reviewed full publication author list,https://cdn-dynmedia-1.microsoft.com/is/content/microsoftcorp/microsoft/final/en-us/microsoft-brand/documents/Taxonomy-of-Failure-Mode-in-Agentic-AI-Systems-Whitepaper.pdf,"Minnich, Amanda",,Publication cover author list reviewed in full; split four merged author pairs and preserve the repeated Daniel Jones exactly as printed.
TaxonomyofFailureMod548,"Chawla, Shiven","Chawla, Shiven",confirmed,Reviewed full publication author list,https://cdn-dynmedia-1.microsoft.com/is/content/microsoftcorp/microsoft/final/en-us/microsoft-brand/documents/Taxonomy-of-Failure-Mode-in-Agentic-AI-Systems-Whitepaper.pdf,"Chawla, Shiven",,Publication cover author list reviewed in full; split four merged author pairs and preserve the repeated Daniel Jones exactly as printed.
TaxonomyofFailureMod548,"Lopez, Gary","Lopez, Gary",confirmed,Reviewed full publication author list,https://cdn-dynmedia-1.microsoft.com/is/content/microsoftcorp/microsoft/final/en-us/microsoft-brand/documents/Taxonomy-of-Failure-Mode-in-Agentic-AI-Systems-Whitepaper.pdf,"Lopez, Gary",,Publication cover author list reviewed in full; split four merged author pairs and preserve the repeated Daniel Jones exactly as printed.
TaxonomyofFailureMod548,"Pouliot, Martin","Pouliot, Martin",confirmed,Reviewed full publication author list,https://cdn-dynmedia-1.microsoft.com/is/content/microsoftcorp/microsoft/final/en-us/microsoft-brand/documents/Taxonomy-of-Failure-Mode-in-Agentic-AI-Systems-Whitepaper.pdf,"Pouliot, Martin",,Publication cover author list reviewed in full; split four merged author pairs and preserve the repeated Daniel Jones exactly as printed.
TaxonomyofFailureMod548,,"Fourney, Adam",corrected,Reviewed full publication author list,https://cdn-dynmedia-1.microsoft.com/is/content/microsoftcorp/microsoft/final/en-us/microsoft-brand/documents/Taxonomy-of-Failure-Mode-in-Agentic-AI-Systems-Whitepaper.pdf,"Fourney, Adam",,Publication cover author list reviewed in full; split four merged author pairs and preserve the repeated Daniel Jones exactly as printed.
TaxonomyofFailureMod548,,"Maxwell, Whitney",corrected,Reviewed full publication author list,https://cdn-dynmedia-1.microsoft.com/is/content/microsoftcorp/microsoft/final/en-us/microsoft-brand/documents/Taxonomy-of-Failure-Mode-in-Agentic-AI-Systems-Whitepaper.pdf,"Maxwell, Whitney",,Publication cover author list reviewed in full; split four merged author pairs and preserve the repeated Daniel Jones exactly as printed.
TaxonomyofFailureMod548,"Pratt, Katherine","Pratt, Katherine",confirmed,Reviewed full publication author list,https://cdn-dynmedia-1.microsoft.com/is/content/microsoftcorp/microsoft/final/en-us/microsoft-brand/documents/Taxonomy-of-Failure-Mode-in-Agentic-AI-Systems-Whitepaper.pdf,"Pratt, Katherine",,Publication cover author list reviewed in full; split four merged author pairs and preserve the repeated Daniel Jones exactly as printed.
TaxonomyofFailureMod548,"Qi, Saphir","Qi, Saphir",confirmed,Reviewed full publication author list,https://cdn-dynmedia-1.microsoft.com/is/content/microsoftcorp/microsoft/final/en-us/microsoft-brand/documents/Taxonomy-of-Failure-Mode-in-Agentic-AI-Systems-Whitepaper.pdf,"Qi, Saphir",,Publication cover author list reviewed in full; split four merged author pairs and preserve the repeated Daniel Jones exactly as printed.
TaxonomyofFailureMod548,"Chikanov, Nina","Chikanov, Nina",confirmed,Reviewed full publication author list,https://cdn-dynmedia-1.microsoft.com/is/content/microsoftcorp/microsoft/final/en-us/microsoft-brand/documents/Taxonomy-of-Failure-Mode-in-Agentic-AI-Systems-Whitepaper.pdf,"Chikanov, Nina",,Publication cover author list reviewed in full; split four merged author pairs and preserve the repeated Daniel Jones exactly as printed.
TaxonomyofFailureMod548,"Lutz, Roman","Lutz, Roman",confirmed,Reviewed full publication author list,https://cdn-dynmedia-1.microsoft.com/is/content/microsoftcorp/microsoft/final/en-us/microsoft-brand/documents/Taxonomy-of-Failure-Mode-in-Agentic-AI-Systems-Whitepaper.pdf,"Lutz, Roman",,Publication cover author list reviewed in full; split four merged author pairs and preserve the repeated Daniel Jones exactly as printed.
TaxonomyofFailureMod548,"Dheekonda, Raja Sekhar Rao","Dheekonda, Raja Sekhar Rao",confirmed,Reviewed full publication author list,https://cdn-dynmedia-1.microsoft.com/is/content/microsoftcorp/microsoft/final/en-us/microsoft-brand/documents/Taxonomy-of-Failure-Mode-in-Agentic-AI-Systems-Whitepaper.pdf,"Dheekonda, Raja Sekhar Rao",,Publication cover author list reviewed in full; split four merged author pairs and preserve the repeated Daniel Jones exactly as printed.
TaxonomyofFailureMod548,"Jagdagdorj, Bolor-Erdene","Jagdagdorj, Bolor-Erdene",confirmed,Reviewed full publication author list,https://cdn-dynmedia-1.microsoft.com/is/content/microsoftcorp/microsoft/final/en-us/microsoft-brand/documents/Taxonomy-of-Failure-Mode-in-Agentic-AI-Systems-Whitepaper.pdf,"Jagdagdorj, Bolor-Erdene",,Publication cover author list reviewed in full; split four merged author pairs and preserve the repeated Daniel Jones exactly as printed.
TaxonomyofFailureMod548,"Kim, Eugenia","Kim, Eugenia",confirmed,Reviewed full publication author list,https://cdn-dynmedia-1.microsoft.com/is/content/microsoftcorp/microsoft/final/en-us/microsoft-brand/documents/Taxonomy-of-Failure-Mode-in-Agentic-AI-Systems-Whitepaper.pdf,"Kim, Eugenia",,Publication cover author list reviewed in full; split four merged author pairs and preserve the repeated Daniel Jones exactly as printed.
TaxonomyofFailureMod548,,"Song, Justin",corrected,Reviewed full publication author list,https://cdn-dynmedia-1.microsoft.com/is/content/microsoftcorp/microsoft/final/en-us/microsoft-brand/documents/Taxonomy-of-Failure-Mode-in-Agentic-AI-Systems-Whitepaper.pdf,"Song, Justin",,Publication cover author list reviewed in full; split four merged author pairs and preserve the repeated Daniel Jones exactly as printed.
TaxonomyofFailureMod548,,"Hines, Keegan",corrected,Reviewed full publication author list,https://cdn-dynmedia-1.microsoft.com/is/content/microsoftcorp/microsoft/final/en-us/microsoft-brand/documents/Taxonomy-of-Failure-Mode-in-Agentic-AI-Systems-Whitepaper.pdf,"Hines, Keegan",,Publication cover author list reviewed in full; split four merged author pairs and preserve the repeated Daniel Jones exactly as printed.
TaxonomyofFailureMod548,"Jones, Daniel","Jones, Daniel",confirmed,Reviewed full publication author list,https://cdn-dynmedia-1.microsoft.com/is/content/microsoftcorp/microsoft/final/en-us/microsoft-brand/documents/Taxonomy-of-Failure-Mode-in-Agentic-AI-Systems-Whitepaper.pdf,"Jones, Daniel",,Publication cover author list reviewed in full; split four merged author pairs and preserve the repeated Daniel Jones exactly as printed.
TaxonomyofFailureMod548,"Lundeen, Richard","Lundeen, Richard",confirmed,Reviewed full publication author list,https://cdn-dynmedia-1.microsoft.com/is/content/microsoftcorp/microsoft/final/en-us/microsoft-brand/documents/Taxonomy-of-Failure-Mode-in-Agentic-AI-Systems-Whitepaper.pdf,"Lundeen, Richard",,Publication cover author list reviewed in full; split four merged author pairs and preserve the repeated Daniel Jones exactly as printed.
TaxonomyofFailureMod548,"Vaughan, Sam","Vaughan, Sam",confirmed,Reviewed full publication author list,https://cdn-dynmedia-1.microsoft.com/is/content/microsoftcorp/microsoft/final/en-us/microsoft-brand/documents/Taxonomy-of-Failure-Mode-in-Agentic-AI-Systems-Whitepaper.pdf,"Vaughan, Sam",,Publication cover author list reviewed in full; split four merged author pairs and preserve the repeated Daniel Jones exactly as printed.
TaxonomyofFailureMod548,,"Westerhoff, Victoria",corrected,Reviewed full publication author list,https://cdn-dynmedia-1.microsoft.com/is/content/microsoftcorp/microsoft/final/en-us/microsoft-brand/documents/Taxonomy-of-Failure-Mode-in-Agentic-AI-Systems-Whitepaper.pdf,"Westerhoff, Victoria",,Publication cover author list reviewed in full; split four merged author pairs and preserve the repeated Daniel Jones exactly as printed.
TaxonomyofFailureMod548,,"Zunger, Yonatan",corrected,Reviewed full publication author list,https://cdn-dynmedia-1.microsoft.com/is/content/microsoftcorp/microsoft/final/en-us/microsoft-brand/documents/Taxonomy-of-Failure-Mode-in-Agentic-AI-Systems-Whitepaper.pdf,"Zunger, Yonatan",,Publication cover author list reviewed in full; split four merged author pairs and preserve the repeated Daniel Jones exactly as printed.
TaxonomyofFailureMod548,"Kawaguchi, Chang","Kawaguchi, Chang",confirmed,Reviewed full publication author list,https://cdn-dynmedia-1.microsoft.com/is/content/microsoftcorp/microsoft/final/en-us/microsoft-brand/documents/Taxonomy-of-Failure-Mode-in-Agentic-AI-Systems-Whitepaper.pdf,"Kawaguchi, Chang",,Publication cover author list reviewed in full; split four merged author pairs and preserve the repeated Daniel Jones exactly as printed.
TaxonomyofFailureMod548,"Russinovich, Mark","Russinovich, Mark",confirmed,Reviewed full publication author list,https://cdn-dynmedia-1.microsoft.com/is/content/microsoftcorp/microsoft/final/en-us/microsoft-brand/documents/Taxonomy-of-Failure-Mode-in-Agentic-AI-Systems-Whitepaper.pdf,"Russinovich, Mark",,Publication cover author list reviewed in full; split four merged author pairs and preserve the repeated Daniel Jones exactly as printed.
TaxonomyofFailureMod548,"Kumar, Ram Shankar Siva","Kumar, Ram Shankar Siva",confirmed,Reviewed full publication author list,https://cdn-dynmedia-1.microsoft.com/is/content/microsoftcorp/microsoft/final/en-us/microsoft-brand/documents/Taxonomy-of-Failure-Mode-in-Agentic-AI-Systems-Whitepaper.pdf,"Kumar, Ram Shankar Siva",,Publication cover author list reviewed in full; split four merged author pairs and preserve the repeated Daniel Jones exactly as printed.
TaxonomyofRisksPosed549,"Weidinger, Laura","Weidinger, Laura",confirmed,Publisher-deposited DOI author list,https://api.crossref.org/works/10.1145%2F3531146.3533088,"Weidinger, Laura",,Complete authoritative author list matches all previously listed authors; restore omitted authors in source order.
TaxonomyofRisksPosed549,"Uesato, Jonathan","Uesato, Jonathan",confirmed,Publisher-deposited DOI author list,https://api.crossref.org/works/10.1145%2F3531146.3533088,"Uesato, Jonathan",,Complete authoritative author list matches all previously listed authors; restore omitted authors in source order.
TaxonomyofRisksPosed549,"Rauh, Maribeth","Rauh, Maribeth",confirmed,Publisher-deposited DOI author list,https://api.crossref.org/works/10.1145%2F3531146.3533088,"Rauh, Maribeth",,Complete authoritative author list matches all previously listed authors; restore omitted authors in source order.
TaxonomyofRisksPosed549,"Griffin, Conor","Griffin, Conor",confirmed,Publisher-deposited DOI author list,https://api.crossref.org/works/10.1145%2F3531146.3533088,"Griffin, Conor",,Complete authoritative author list matches all previously listed authors; restore omitted authors in source order.
TaxonomyofRisksPosed549,"Huang, Po-Sen","Huang, Po-Sen",confirmed,Publisher-deposited DOI author list,https://api.crossref.org/works/10.1145%2F3531146.3533088,"Huang, Po-Sen",,Complete authoritative author list matches all previously listed authors; restore omitted authors in source order.
TaxonomyofRisksPosed549,"Mellor, John","Mellor, John",confirmed,Publisher-deposited DOI author list,https://api.crossref.org/works/10.1145%2F3531146.3533088,"Mellor, John",,Complete authoritative author list matches all previously listed authors; restore omitted authors in source order.
TaxonomyofRisksPosed549,"Glaese, Amelia","Glaese, Amelia",confirmed,Publisher-deposited DOI author list,https://api.crossref.org/works/10.1145%2F3531146.3533088,"Glaese, Amelia",,Complete authoritative author list matches all previously listed authors; restore omitted authors in source order.
TaxonomyofRisksPosed549,"Cheng, Myra","Cheng, Myra",confirmed,Publisher-deposited DOI author list,https://api.crossref.org/works/10.1145%2F3531146.3533088,"Cheng, Myra",,Complete authoritative author list matches all previously listed authors; restore omitted authors in source order.
TaxonomyofRisksPosed549,"Balle, Borja","Balle, Borja",confirmed,Publisher-deposited DOI author list,https://api.crossref.org/works/10.1145%2F3531146.3533088,"Balle, Borja",,Complete authoritative author list matches all previously listed authors; restore omitted authors in source order.
TaxonomyofRisksPosed549,"Kasirzadeh, Atoosa","Kasirzadeh, Atoosa",confirmed,Publisher-deposited DOI author list,https://api.crossref.org/works/10.1145%2F3531146.3533088,"Kasirzadeh, Atoosa",,Complete authoritative author list matches all previously listed authors; restore omitted authors in source order.
TaxonomyofRisksPosed549,,"Biles, Courtney",corrected,Publisher-deposited DOI author list,https://api.crossref.org/works/10.1145%2F3531146.3533088,"Biles, Courtney",,Complete authoritative author list matches all previously listed authors; restore omitted authors in source order.
TaxonomyofRisksPosed549,,"Brown, Sasha",corrected,Publisher-deposited DOI author list,https://api.crossref.org/works/10.1145%2F3531146.3533088,"Brown, Sasha",,Complete authoritative author list matches all previously listed authors; restore omitted authors in source order.
TaxonomyofRisksPosed549,,"Kenton, Zac",corrected,Publisher-deposited DOI author list,https://api.crossref.org/works/10.1145%2F3531146.3533088,"Kenton, Zac",,Complete authoritative author list matches all previously listed authors; restore omitted authors in source order.
TaxonomyofRisksPosed549,,"Hawkins, Will",corrected,Publisher-deposited DOI author list,https://api.crossref.org/works/10.1145%2F3531146.3533088,"Hawkins, Will",,Complete authoritative author list matches all previously listed authors; restore omitted authors in source order.
TaxonomyofRisksPosed549,,"Stepleton, Tom",corrected,Publisher-deposited DOI author list,https://api.crossref.org/works/10.1145%2F3531146.3533088,"Stepleton, Tom",,Complete authoritative author list matches all previously listed authors; restore omitted authors in source order.
TaxonomyofRisksPosed549,,"Birhane, Abeba",corrected,Publisher-deposited DOI author list,https://api.crossref.org/works/10.1145%2F3531146.3533088,"Birhane, Abeba",,Complete authoritative author list matches all previously listed authors; restore omitted authors in source order.
TaxonomyofRisksPosed549,,"Hendricks, Lisa Anne",corrected,Publisher-deposited DOI author list,https://api.crossref.org/works/10.1145%2F3531146.3533088,"Hendricks, Lisa Anne",,Complete authoritative author list matches all previously listed authors; restore omitted authors in source order.
TaxonomyofRisksPosed549,,"Rimell, Laura",corrected,Publisher-deposited DOI author list,https://api.crossref.org/works/10.1145%2F3531146.3533088,"Rimell, Laura",,Complete authoritative author list matches all previously listed authors; restore omitted authors in source order.
TaxonomyofRisksPosed549,,"Isaac, William",corrected,Publisher-deposited DOI author list,https://api.crossref.org/works/10.1145%2F3531146.3533088,"Isaac, William",,Complete authoritative author list matches all previously listed authors; restore omitted authors in source order.
TaxonomyofRisksPosed549,,"Haas, Julia",corrected,Publisher-deposited DOI author list,https://api.crossref.org/works/10.1145%2F3531146.3533088,"Haas, Julia",,Complete authoritative author list matches all previously listed authors; restore omitted authors in source order.
TaxonomyofRisksPosed549,,"Legassick, Sean",corrected,Publisher-deposited DOI author list,https://api.crossref.org/works/10.1145%2F3531146.3533088,"Legassick, Sean",,Complete authoritative author list matches all previously listed authors; restore omitted authors in source order.
TaxonomyofRisksPosed549,,"Irving, Geoffrey",corrected,Publisher-deposited DOI author list,https://api.crossref.org/works/10.1145%2F3531146.3533088,"Irving, Geoffrey",,Complete authoritative author list matches all previously listed authors; restore omitted authors in source order.
TaxonomyofRisksPosed549,,"Gabriel, Iason",corrected,Publisher-deposited DOI author list,https://api.crossref.org/works/10.1145%2F3531146.3533088,"Gabriel, Iason",,Complete authoritative author list matches all previously listed authors; restore omitted authors in source order.
TeachMeDataAnalysis550,"Lohninger, Hans","Lohninger, Hans",unverified,,,,,No sufficient publication-specific author evidence found.
TechnicalReportonthe551,"Papernot, Nicolas","Papernot, Nicolas",confirmed,Publication page author metadata,https://arxiv.org/abs/1610.00768,"Papernot, Nicolas",,Name matches an author of the externally matched publication; initial differences are compatible.
TechnicalReportonthe551,"Faghri, Fartash","Faghri, Fartash",confirmed,Publication page author metadata,https://arxiv.org/abs/1610.00768,"Faghri, Fartash",,Name matches an author of the externally matched publication; initial differences are compatible.
TechnicalReportonthe551,"Carlini, Nicholas","Carlini, Nicholas",confirmed,Publication page author metadata,https://arxiv.org/abs/1610.00768,"Carlini, Nicholas",,Name matches an author of the externally matched publication; initial differences are compatible.
TechnicalReportonthe551,"Goodfellow, Ian","Goodfellow, Ian",confirmed,Publication page author metadata,https://arxiv.org/abs/1610.00768,"Goodfellow, Ian",,Name matches an author of the externally matched publication; initial differences are compatible.
TechnicalReportonthe551,"Feinman, Reuben","Feinman, Reuben",confirmed,Publication page author metadata,https://arxiv.org/abs/1610.00768,"Feinman, Reuben",,Name matches an author of the externally matched publication; initial differences are compatible.
TechnicalReportonthe551,"Kurakin, Alexey","Kurakin, Alexey",confirmed,Publication page author metadata,https://arxiv.org/abs/1610.00768,"Kurakin, Alexey",,Name matches an author of the externally matched publication; initial differences are compatible.
TechnicalReportonthe551,"Xie, Cihang","Xie, Cihang",confirmed,Publication page author metadata,https://arxiv.org/abs/1610.00768,"Xie, Cihang",,Name matches an author of the externally matched publication; initial differences are compatible.
TechnicalReportonthe551,"Sharma, Yash","Sharma, Yash",confirmed,Publication page author metadata,https://arxiv.org/abs/1610.00768,"Sharma, Yash",,Name matches an author of the externally matched publication; initial differences are compatible.
TechnicalReportonthe551,"Brown, Tom","Brown, Tom",confirmed,Publication page author metadata,https://arxiv.org/abs/1610.00768,"Brown, Tom",,Name matches an author of the externally matched publication; initial differences are compatible.
TechnicalReportonthe551,"Roy, Aurko","Roy, Aurko",confirmed,Publication page author metadata,https://arxiv.org/abs/1610.00768,"Roy, Aurko",,Name matches an author of the externally matched publication; initial differences are compatible.
TechnicalReportonthe551,"Matyasko, Alexander","Matyasko, Alexander",confirmed,Publication page author metadata,https://arxiv.org/abs/1610.00768,"Matyasko, Alexander",,Name matches an author of the externally matched publication; initial differences are compatible.
TechnicalReportonthe551,"Behzadan, Vahid","Behzadan, Vahid",confirmed,Publication page author metadata,https://arxiv.org/abs/1610.00768,"Behzadan, Vahid",,Name matches an author of the externally matched publication; initial differences are compatible.
TechnicalReportonthe551,"Hambardzumyan, Karen","Hambardzumyan, Karen",confirmed,Publication page author metadata,https://arxiv.org/abs/1610.00768,"Hambardzumyan, Karen",,Name matches an author of the externally matched publication; initial differences are compatible.
TechnicalReportonthe551,"Zhang, Zhishuai","Zhang, Zhishuai",confirmed,Publication page author metadata,https://arxiv.org/abs/1610.00768,"Zhang, Zhishuai",,Name matches an author of the externally matched publication; initial differences are compatible.
TechnicalReportonthe551,"Juang, Yi-Lin","Juang, Yi-Lin",confirmed,Publication page author metadata,https://arxiv.org/abs/1610.00768,"Juang, Yi-Lin",,Name matches an author of the externally matched publication; initial differences are compatible.
TechnicalReportonthe551,"Li, Zhi","Li, Zhi",confirmed,Publication page author metadata,https://arxiv.org/abs/1610.00768,"Li, Zhi",,Name matches an author of the externally matched publication; initial differences are compatible.
TechnicalReportonthe551,"Sheatsley, Ryan","Sheatsley, Ryan",confirmed,Publication page author metadata,https://arxiv.org/abs/1610.00768,"Sheatsley, Ryan",,Name matches an author of the externally matched publication; initial differences are compatible.
TechnicalReportonthe551,"Garg, Abhibhav","Garg, Abhibhav",confirmed,Publication page author metadata,https://arxiv.org/abs/1610.00768,"Garg, Abhibhav",,Name matches an author of the externally matched publication; initial differences are compatible.
TechnicalReportonthe551,"Uesato, Jonathan","Uesato, Jonathan",confirmed,Publication page author metadata,https://arxiv.org/abs/1610.00768,"Uesato, Jonathan",,Name matches an author of the externally matched publication; initial differences are compatible.
TechnicalReportonthe551,"Gierke, Willi","Gierke, Willi",confirmed,Publication page author metadata,https://arxiv.org/abs/1610.00768,"Gierke, Willi",,Name matches an author of the externally matched publication; initial differences are compatible.
TechnicalReportonthe551,"Dong, Yinpeng","Dong, Yinpeng",confirmed,Publication page author metadata,https://arxiv.org/abs/1610.00768,"Dong, Yinpeng",,Name matches an author of the externally matched publication; initial differences are compatible.
TechnicalReportonthe551,"Berthelot, David","Berthelot, David",confirmed,Publication page author metadata,https://arxiv.org/abs/1610.00768,"Berthelot, David",,Name matches an author of the externally matched publication; initial differences are compatible.
TechnicalReportonthe551,"Hendricks, Paul","Hendricks, Paul",confirmed,Publication page author metadata,https://arxiv.org/abs/1610.00768,"Hendricks, Paul",,Name matches an author of the externally matched publication; initial differences are compatible.
TechnicalReportonthe551,"Rauber, Jonas","Rauber, Jonas",confirmed,Publication page author metadata,https://arxiv.org/abs/1610.00768,"Rauber, Jonas",,Name matches an author of the externally matched publication; initial differences are compatible.
TechnicalReportonthe551,"Long, Rujun","Long, Rujun",confirmed,Publication page author metadata,https://arxiv.org/abs/1610.00768,"Long, Rujun",,Name matches an author of the externally matched publication; initial differences are compatible.
TestingMachineLearni552,"Hall, Patrick","Hall, Patrick",confirmed,Publication page author metadata,https://www.oreilly.com/content/testing-machine-learning-interpretability-techniques/,"Hall, Patrick",,Name matches an author of the externally matched publication; initial differences are compatible.
TestingMachineLearni552,"Gill, Navdeep","Gill, Navdeep",confirmed,Publication page author metadata,https://www.oreilly.com/content/testing-machine-learning-interpretability-techniques/,"Gill, Navdeep",,Name matches an author of the externally matched publication; initial differences are compatible.
TestingMachineLearni552,"Meng, Lingyao","Meng, Lingyao",confirmed,Publication page author metadata,https://www.oreilly.com/content/testing-machine-learning-interpretability-techniques/,"Meng, Lingyao",,Name matches an author of the externally matched publication; initial differences are compatible.
TextAttackAFramework553,"Morris, John","Morris, John X.",corrected,Publication page author metadata,https://arxiv.org/abs/2005.05909,"Morris, John X.",,Name matches an author of the externally matched publication; initial differences are compatible.
TextAttackAFramework553,"Lifland, Eli","Lifland, Eli",confirmed,Publication page author metadata,https://arxiv.org/abs/2005.05909,"Lifland, Eli",,Name matches an author of the externally matched publication; initial differences are compatible.
TextAttackAFramework553,"Yoo, Jin Yong","Yoo, Jin Yong",confirmed,Publication page author metadata,https://arxiv.org/abs/2005.05909,"Yoo, Jin Yong",,Name matches an author of the externally matched publication; initial differences are compatible.
TextAttackAFramework553,"Grigsby, Jake","Grigsby, Jake",confirmed,Publication page author metadata,https://arxiv.org/abs/2005.05909,"Grigsby, Jake",,Name matches an author of the externally matched publication; initial differences are compatible.
TextAttackAFramework553,"Jin, Di","Jin, Di",confirmed,Publication page author metadata,https://arxiv.org/abs/2005.05909,"Jin, Di",,Name matches an author of the externally matched publication; initial differences are compatible.
TextAttackAFramework553,"Qi, Yanjun","Qi, Yanjun",confirmed,Publication page author metadata,https://arxiv.org/abs/2005.05909,"Qi, Yanjun",,Name matches an author of the externally matched publication; initial differences are compatible.
The1980ACMTuringAwar554,"Hoare, Charles Antony Richard","Hoare, Charles Antony Richard",unverified,,,,,No sufficient publication-specific author evidence found.
TheAnxiousGeneration555,"Haidt, Jonathan","Haidt, Jonathan",unverified,,,,,No sufficient publication-specific author evidence found.
TheArtofSayingNoCont556,"Brahman, Faeze","Brahman, Faeze",confirmed,Publisher-deposited DOI author list,https://api.crossref.org/works/10.52202%2F079017-1573,"Brahman, Faeze",,Name matches an author of the externally matched publication; initial differences are compatible.
TheArtofSayingNoCont556,"Kumar, Sachin","Kumar, Sachin",confirmed,Publisher-deposited DOI author list,https://api.crossref.org/works/10.52202%2F079017-1573,"Kumar, Sachin",,Name matches an author of the externally matched publication; initial differences are compatible.
TheArtofSayingNoCont556,"Balachandran, Vidhisha","Balachandran, Vidhisha",confirmed,Publisher-deposited DOI author list,https://api.crossref.org/works/10.52202%2F079017-1573,"Balachandran, Vidhisha",,Name matches an author of the externally matched publication; initial differences are compatible.
TheArtofSayingNoCont556,"Dasigi, Pradeep","Dasigi, Pradeep",confirmed,Publisher-deposited DOI author list,https://api.crossref.org/works/10.52202%2F079017-1573,"Dasigi, Pradeep",,Name matches an author of the externally matched publication; initial differences are compatible.
TheArtofSayingNoCont556,"Pyatkin, Valentina","Pyatkin, Valentina",confirmed,Publisher-deposited DOI author list,https://api.crossref.org/works/10.52202%2F079017-1573,"Pyatkin, Valentina",,Name matches an author of the externally matched publication; initial differences are compatible.
TheArtofSayingNoCont556,"Ravichander, Abhilasha","Ravichander, Abhilasha",confirmed,Publisher-deposited DOI author list,https://api.crossref.org/works/10.52202%2F079017-1573,"Ravichander, Abhilasha",,Name matches an author of the externally matched publication; initial differences are compatible.
TheArtofSayingNoCont556,"Wiegreffe, Sarah","Wiegreffe, Sarah",confirmed,Publisher-deposited DOI author list,https://api.crossref.org/works/10.52202%2F079017-1573,"Wiegreffe, Sarah",,Name matches an author of the externally matched publication; initial differences are compatible.
TheArtofSayingNoCont556,"Dziri, Nouha","Dziri, Nouha",confirmed,Publisher-deposited DOI author list,https://api.crossref.org/works/10.52202%2F079017-1573,"Dziri, Nouha",,Name matches an author of the externally matched publication; initial differences are compatible.
TheArtofSayingNoCont556,"Chandu, Khyathi","Chandu, Khyathi",confirmed,Publisher-deposited DOI author list,https://api.crossref.org/works/10.52202%2F079017-1573,"Chandu, Khyathi",,Name matches an author of the externally matched publication; initial differences are compatible.
TheArtofSayingNoCont556,"Hessel, Jack","Hessel, Jack",confirmed,Publisher-deposited DOI author list,https://api.crossref.org/works/10.52202%2F079017-1573,"Hessel, Jack",,Name matches an author of the externally matched publication; initial differences are compatible.
TheArtofSayingNoCont556,"Tsvetkov, Yulia","Tsvetkov, Yulia",confirmed,Publisher-deposited DOI author list,https://api.crossref.org/works/10.52202%2F079017-1573,"Tsvetkov, Yulia",,Name matches an author of the externally matched publication; initial differences are compatible.
TheArtofSayingNoCont556,"Smith, Noah A.","Smith, Noah A.",confirmed,Publisher-deposited DOI author list,https://api.crossref.org/works/10.52202%2F079017-1573,"Smith, Noah",,Name matches an author of the externally matched publication; initial differences are compatible.
TheArtofSayingNoCont556,"Choi, Yejin","Choi, Yejin",confirmed,Publisher-deposited DOI author list,https://api.crossref.org/works/10.52202%2F079017-1573,"Choi, Yejin",,Name matches an author of the externally matched publication; initial differences are compatible.
TheArtofSayingNoCont556,"Hajishirzi, Hannaneh","Hajishirzi, Hannaneh",confirmed,Publisher-deposited DOI author list,https://api.crossref.org/works/10.52202%2F079017-1573,"Hajishirzi, Hannaneh",,Name matches an author of the externally matched publication; initial differences are compatible.
TheAssessingRisksand557,"Schwartz, Reva","Schwartz, Reva",confirmed,Publication opening-page author block,https://ai-challenges.nist.gov/uassets/ARIA_Program_Companion_Document_Dec20.pdf,,,Full given name and surname occur together in the matched publication author block.
TheAssessingRisksand557,"Waters, Gabriella","Waters, Gabriella",confirmed,Publication opening-page author block,https://ai-challenges.nist.gov/uassets/ARIA_Program_Companion_Document_Dec20.pdf,,,Full given name and surname occur together in the matched publication author block.
TheAssessingRisksand557,"Amironesei, Razvan","Amironesei, Razvan",confirmed,Publication opening-page author block,https://ai-challenges.nist.gov/uassets/ARIA_Program_Companion_Document_Dec20.pdf,,,Full given name and surname occur together in the matched publication author block.
TheAssessingRisksand557,"Greenberg, Craig","Greenberg, Craig",confirmed,Publication opening-page author block,https://ai-challenges.nist.gov/uassets/ARIA_Program_Companion_Document_Dec20.pdf,,,Full given name and surname occur together in the matched publication author block.
TheAssessingRisksand557,"Fiscus, Jon","Fiscus, Jon",confirmed,Publication opening-page author block,https://ai-challenges.nist.gov/uassets/ARIA_Program_Companion_Document_Dec20.pdf,,,Full given name and surname occur together in the matched publication author block.
TheAssessingRisksand557,"Hall, Patrick","Hall, Patrick",confirmed,Publication opening-page author block,https://ai-challenges.nist.gov/uassets/ARIA_Program_Companion_Document_Dec20.pdf,,,Full given name and surname occur together in the matched publication author block.
TheAssessingRisksand557,"Jones, Anya","Jones, Anya",confirmed,Publication opening-page author block,https://ai-challenges.nist.gov/uassets/ARIA_Program_Companion_Document_Dec20.pdf,,,Full given name and surname occur together in the matched publication author block.
TheAssessingRisksand557,"Jain, Shomik","Jain, Shomik",confirmed,Publication opening-page author block,https://ai-challenges.nist.gov/uassets/ARIA_Program_Companion_Document_Dec20.pdf,,,Full given name and surname occur together in the matched publication author block.
TheAssessingRisksand557,"Godil, Afzal","Godil, Afzal",confirmed,Publication opening-page author block,https://ai-challenges.nist.gov/uassets/ARIA_Program_Companion_Document_Dec20.pdf,,,Full given name and surname occur together in the matched publication author block.
TheAssessingRisksand557,"Greene, Kristen","Greene, Kristen",confirmed,Publication opening-page author block,https://ai-challenges.nist.gov/uassets/ARIA_Program_Companion_Document_Dec20.pdf,,,Full given name and surname occur together in the matched publication author block.
TheAssessingRisksand557,"Jensen, Ted","Jensen, Ted",confirmed,Publication opening-page author block,https://ai-challenges.nist.gov/uassets/ARIA_Program_Companion_Document_Dec20.pdf,,,Full given name and surname occur together in the matched publication author block.
TheAssessingRisksand557,"Schulman, Noah","Schulman, Noah",confirmed,Publication opening-page author block,https://ai-challenges.nist.gov/uassets/ARIA_Program_Companion_Document_Dec20.pdf,,,Full given name and surname occur together in the matched publication author block.
TheBelebeleBenchmark559,"Bandarkar, Lucas","Bandarkar, Lucas",confirmed,Publisher-deposited DOI author list,https://api.crossref.org/works/10.18653%2Fv1%2F2024.acl-long.44,"Bandarkar, Lucas",,Name matches an author of the externally matched publication; initial differences are compatible.
TheBelebeleBenchmark559,"Liang, Davis","Liang, Davis",confirmed,Publisher-deposited DOI author list,https://api.crossref.org/works/10.18653%2Fv1%2F2024.acl-long.44,"Liang, Davis",,Name matches an author of the externally matched publication; initial differences are compatible.
TheBelebeleBenchmark559,"Muller, Benjamin","Muller, Benjamin",confirmed,Publisher-deposited DOI author list,https://api.crossref.org/works/10.18653%2Fv1%2F2024.acl-long.44,"Muller, Benjamin",,Name matches an author of the externally matched publication; initial differences are compatible.
TheBelebeleBenchmark559,"Artetxe, Mikel","Artetxe, Mikel",confirmed,Publisher-deposited DOI author list,https://api.crossref.org/works/10.18653%2Fv1%2F2024.acl-long.44,"Artetxe, Mikel",,Name matches an author of the externally matched publication; initial differences are compatible.
TheBelebeleBenchmark559,"Shukla, Satya Narayan","Shukla, Satya Narayan",confirmed,Publisher-deposited DOI author list,https://api.crossref.org/works/10.18653%2Fv1%2F2024.acl-long.44,"Shukla, Satya Narayan",,Name matches an author of the externally matched publication; initial differences are compatible.
TheBelebeleBenchmark559,"Husa, Donald","Husa, Donald",confirmed,Publisher-deposited DOI author list,https://api.crossref.org/works/10.18653%2Fv1%2F2024.acl-long.44,"Husa, Donald",,Name matches an author of the externally matched publication; initial differences are compatible.
TheBelebeleBenchmark559,"Goyal, Naman","Goyal, Naman",confirmed,Publisher-deposited DOI author list,https://api.crossref.org/works/10.18653%2Fv1%2F2024.acl-long.44,"Goyal, Naman",,Name matches an author of the externally matched publication; initial differences are compatible.
TheBelebeleBenchmark559,"Krishnan, Abhinandan","Krishnan, Abhinandan",confirmed,Publisher-deposited DOI author list,https://api.crossref.org/works/10.18653%2Fv1%2F2024.acl-long.44,"Krishnan, Abhinandan",,Name matches an author of the externally matched publication; initial differences are compatible.
TheBelebeleBenchmark559,"Zettlemoyer, Luke","Zettlemoyer, Luke",confirmed,Publisher-deposited DOI author list,https://api.crossref.org/works/10.18653%2Fv1%2F2024.acl-long.44,"Zettlemoyer, Luke",,Name matches an author of the externally matched publication; initial differences are compatible.
TheBelebeleBenchmark559,"Khabsa, Madian","Khabsa, Madian",confirmed,Publisher-deposited DOI author list,https://api.crossref.org/works/10.18653%2Fv1%2F2024.acl-long.44,"Khabsa, Madian",,Name matches an author of the externally matched publication; initial differences are compatible.
TheBookofWhytheNewSc560,"Pearl, Judea","Pearl, Judea",unverified,,,,,No sufficient publication-specific author evidence found.
TheBookofWhytheNewSc560,"Mackenzie, Dana","Mackenzie, Dana",unverified,,,,,No sufficient publication-specific author evidence found.
Thechatbotusabilitys561,"Borsci, Simone","Borsci, Simone",confirmed,Publisher-deposited DOI author list,https://api.crossref.org/works/10.1007%2Fs00779-021-01582-9,"Borsci, Simone",,Name matches an author of the externally matched publication; initial differences are compatible.
Thechatbotusabilitys561,"Malizia, Alessio","Malizia, Alessio",confirmed,Publisher-deposited DOI author list,https://api.crossref.org/works/10.1007%2Fs00779-021-01582-9,"Malizia, Alessio",,Name matches an author of the externally matched publication; initial differences are compatible.
Thechatbotusabilitys561,"Schmettow, Martin","Schmettow, Martin",confirmed,Publisher-deposited DOI author list,https://api.crossref.org/works/10.1007%2Fs00779-021-01582-9,"Schmettow, Martin",,Name matches an author of the externally matched publication; initial differences are compatible.
Thechatbotusabilitys561,"Velde, Frank Van Der","Velde, Frank Van Der",unverified,,,,,No sufficient publication-specific author evidence found.
Thechatbotusabilitys561,"Tariverdiyeva, Gunay","Tariverdiyeva, Gunay",confirmed,Publisher-deposited DOI author list,https://api.crossref.org/works/10.1007%2Fs00779-021-01582-9,"Tariverdiyeva, Gunay",,Name matches an author of the externally matched publication; initial differences are compatible.
Thechatbotusabilitys561,"Balaji, Divyaa","Balaji, Divyaa",confirmed,Publisher-deposited DOI author list,https://api.crossref.org/works/10.1007%2Fs00779-021-01582-9,"Balaji, Divyaa",,Name matches an author of the externally matched publication; initial differences are compatible.
Thechatbotusabilitys561,"Chamberlain, Alan","Chamberlain, Alan",confirmed,Publisher-deposited DOI author list,https://api.crossref.org/works/10.1007%2Fs00779-021-01582-9,"Chamberlain, Alan",https://orcid.org/0000-0002-2122-8077,Name matches an author of the externally matched publication; initial differences are compatible.
TheCurseofRecursionT562,"Shumailov, Ilia","Shumailov, Ilia",confirmed,Publication page author metadata,https://arxiv.org/abs/2305.17493,"Shumailov, Ilia",,Name matches an author of the externally matched publication; initial differences are compatible.
TheCurseofRecursionT562,"Shumaylov, Zakhar","Shumaylov, Zakhar",confirmed,Publication page author metadata,https://arxiv.org/abs/2305.17493,"Shumaylov, Zakhar",,Name matches an author of the externally matched publication; initial differences are compatible.
TheCurseofRecursionT562,"Zhao, Yiren","Zhao, Yiren",confirmed,Publication page author metadata,https://arxiv.org/abs/2305.17493,"Zhao, Yiren",,Name matches an author of the externally matched publication; initial differences are compatible.
TheCurseofRecursionT562,"Gal, Yarin","Gal, Yarin",confirmed,Publication page author metadata,https://arxiv.org/abs/2305.17493,"Gal, Yarin",,Name matches an author of the externally matched publication; initial differences are compatible.
TheCurseofRecursionT562,"Papernot, Nicolas","Papernot, Nicolas",confirmed,Publication page author metadata,https://arxiv.org/abs/2305.17493,"Papernot, Nicolas",,Name matches an author of the externally matched publication; initial differences are compatible.
TheCurseofRecursionT562,"Anderson, Ross","Anderson, Ross",confirmed,Publication page author metadata,https://arxiv.org/abs/2305.17493,"Anderson, Ross",,Name matches an author of the externally matched publication; initial differences are compatible.
TheDataScientificMet563,"Hall, Patrick","Hall, Patrick",normalized_by_user,User-approved canonical name,Explicit user normalization of Patrick Hall,,,"Retain the user-approved Hall, Patrick normalization and black marking."
TheDatasetNutritionL564,"Holland, Sarah","Holland, Sarah",confirmed,Publication page author metadata,https://arxiv.org/abs/1805.03677,"Holland, Sarah",,Name matches an author of the externally matched publication; initial differences are compatible.
TheDatasetNutritionL564,"Hosny, Ahmed","Hosny, Ahmed",confirmed,Publication page author metadata,https://arxiv.org/abs/1805.03677,"Hosny, Ahmed",,Name matches an author of the externally matched publication; initial differences are compatible.
TheDatasetNutritionL564,"Newman, Sarah","Newman, Sarah",confirmed,Publication page author metadata,https://arxiv.org/abs/1805.03677,"Newman, Sarah",,Name matches an author of the externally matched publication; initial differences are compatible.
TheDatasetNutritionL564,"Joseph, Joshua","Joseph, Joshua",confirmed,Publication page author metadata,https://arxiv.org/abs/1805.03677,"Joseph, Joshua",,Name matches an author of the externally matched publication; initial differences are compatible.
TheDatasetNutritionL564,"Chmielinski, Kasia","Chmielinski, Kasia",confirmed,Publication page author metadata,https://arxiv.org/abs/1805.03677,"Chmielinski, Kasia",,Name matches an author of the externally matched publication; initial differences are compatible.
TheElementsofStatist565,"Friedman, Jerome","Friedman, Jerome",confirmed,Publisher-deposited DOI author list,https://api.crossref.org/works/10.1007%2F978-0-387-21606-5,"Friedman, Jerome",,Name matches an author of the externally matched publication; initial differences are compatible.
TheElementsofStatist565,"Hastie, Trevor","Hastie, Trevor",confirmed,Publisher-deposited DOI author list,https://api.crossref.org/works/10.1007%2F978-0-387-21606-5,"Hastie, Trevor",,Name matches an author of the externally matched publication; initial differences are compatible.
TheElementsofStatist565,"Tibshirani, Robert","Tibshirani, Robert",confirmed,Publisher-deposited DOI author list,https://api.crossref.org/works/10.1007%2F978-0-387-21606-5,"Tibshirani, Robert",,Name matches an author of the externally matched publication; initial differences are compatible.
TheEvolutionofAnalyt566,"Hall, Patrick","Hall, Patrick",normalized_by_user,User-approved canonical name,Explicit user normalization of Patrick Hall,,,"Retain the user-approved Hall, Patrick normalization and black marking."
TheEvolutionofAnalyt566,"Phan, Wen","Phan, Wen",unverified,,,,,No sufficient publication-specific author evidence found.
TheEvolutionofAnalyt566,"Whitson, Katie","Whitson, Katie",unverified,,,,,No sufficient publication-specific author evidence found.
ThefallacyofAIfuncti567,"Raji, Inioluwa Deborah","Raji, Inioluwa Deborah",confirmed,Publisher-deposited DOI author list,https://api.crossref.org/works/10.1145%2F3531146.3533158,"Raji, Inioluwa Deborah",,Name matches an author of the externally matched publication; initial differences are compatible.
ThefallacyofAIfuncti567,"Kumar, I Elizabeth","Kumar, I Elizabeth",confirmed,Publisher-deposited DOI author list,https://api.crossref.org/works/10.1145%2F3531146.3533158,"Kumar, I. Elizabeth",,Name matches an author of the externally matched publication; initial differences are compatible.
ThefallacyofAIfuncti567,"Horowitz, Aaron","Horowitz, Aaron",confirmed,Publisher-deposited DOI author list,https://api.crossref.org/works/10.1145%2F3531146.3533158,"Horowitz, Aaron",,Name matches an author of the externally matched publication; initial differences are compatible.
ThefallacyofAIfuncti567,"Selbst, Andrew","Selbst, Andrew",confirmed,Publisher-deposited DOI author list,https://api.crossref.org/works/10.1145%2F3531146.3533158,"Selbst, Andrew",,Name matches an author of the externally matched publication; initial differences are compatible.
TheFutureofAnalytics568,"Darnell, Dan","Darnell, Dan",unverified,,,,,No sufficient publication-specific author evidence found.
TheFutureofAnalytics568,"Coss, Rafael","Coss, Rafael",unverified,,,,,No sufficient publication-specific author evidence found.
TheFutureofAnalytics568,"Hall, Patrick","Hall, Patrick",normalized_by_user,User-approved canonical name,Explicit user normalization of Patrick Hall,,,"Retain the user-approved Hall, Patrick normalization and black marking."
TheGrammarofGraphics569,"Wilkinson, Leland","Wilkinson, Leland",confirmed,Publication page author metadata,https://link.springer.com/book/10.1007/0-387-28695-0?error=cookies_not_supported&code=5c3ee3c9-bc6f-494b-814b-06485affe8c7,"Wilkinson, Leland",,Name matches an author of the externally matched publication; initial differences are compatible.
TheHAXToolkitProject570,{Microsoft Research},{Microsoft Research},unverified,,,,,No sufficient publication-specific author evidence found.
TheHeilmeierCatechis571,{Defense Advanced Research Projects Agency},{Defense Advanced Research Projects Agency},unverified,,,,,No sufficient publication-specific author evidence found.
TheHistoryandRisksof572,"Lambert, Nathan","Lambert, Nathan",confirmed,Publication page author metadata,https://arxiv.org/abs/2310.13595,"Lambert, Nathan",,Name matches an author of the externally matched publication; initial differences are compatible.
TheHistoryandRisksof572,"Gilbert, Thomas Krendl","Gilbert, Thomas Krendl",confirmed,Publication page author metadata,https://arxiv.org/abs/2310.13595,"Gilbert, Thomas Krendl",,Name matches an author of the externally matched publication; initial differences are compatible.
TheHistoryandRisksof572,"Zick, Tom","Zick, Tom",confirmed,Publication page author metadata,https://arxiv.org/abs/2310.13595,"Zick, Tom",,Name matches an author of the externally matched publication; initial differences are compatible.
TheHumanFactorinAIRe573,"Zhang, Alice Qian","Zhang, Alice Qian",confirmed,Publisher-deposited DOI author list,https://api.crossref.org/works/10.1145%2F3678884.3687147,"Zhang, Alice Qian",https://orcid.org/0009-0005-6407-6981,Name matches an author of the externally matched publication; initial differences are compatible.
TheHumanFactorinAIRe573,"Shaw, Ryland","Shaw, Ryland",confirmed,Publisher-deposited DOI author list,https://api.crossref.org/works/10.1145%2F3678884.3687147,"Shaw, Ryland",https://orcid.org/0009-0008-6123-1781,Name matches an author of the externally matched publication; initial differences are compatible.
TheHumanFactorinAIRe573,"Anthis, Jacy Reese","Anthis, Jacy Reese",confirmed,Publisher-deposited DOI author list,https://api.crossref.org/works/10.1145%2F3678884.3687147,"Anthis, Jacy Reese",https://orcid.org/0000-0002-4684-348X,Name matches an author of the externally matched publication; initial differences are compatible.
TheHumanFactorinAIRe573,"Milton, Ashlee","Milton, Ashlee",confirmed,Publisher-deposited DOI author list,https://api.crossref.org/works/10.1145%2F3678884.3687147,"Milton, Ashlee",https://orcid.org/0000-0002-0320-6122,Name matches an author of the externally matched publication; initial differences are compatible.
TheHumanFactorinAIRe573,"Tseng, Emily","Tseng, Emily",confirmed,Publisher-deposited DOI author list,https://api.crossref.org/works/10.1145%2F3678884.3687147,"Tseng, Emily",https://orcid.org/0000-0003-1087-1101,Name matches an author of the externally matched publication; initial differences are compatible.
TheHumanFactorinAIRe573,"Suh, Jina","Suh, Jina",confirmed,Publisher-deposited DOI author list,https://api.crossref.org/works/10.1145%2F3678884.3687147,"Suh, Jina",https://orcid.org/0000-0002-7646-5563,Name matches an author of the externally matched publication; initial differences are compatible.
TheHumanFactorinAIRe573,"Ahmad, Lama","Ahmad, Lama",confirmed,Publisher-deposited DOI author list,https://api.crossref.org/works/10.1145%2F3678884.3687147,"Ahmad, Lama",https://orcid.org/0009-0009-3017-2499,Name matches an author of the externally matched publication; initial differences are compatible.
TheHumanFactorinAIRe573,"Kumar, Ram Shankar Siva","Kumar, Ram Shankar Siva",confirmed,Publisher-deposited DOI author list,https://api.crossref.org/works/10.1145%2F3678884.3687147,"Kumar, Ram Shankar Siva",https://orcid.org/0009-0007-8766-3948,Name matches an author of the externally matched publication; initial differences are compatible.
TheHumanFactorinAIRe573,"Posada, Julian","Posada, Julian",confirmed,Publisher-deposited DOI author list,https://api.crossref.org/works/10.1145%2F3678884.3687147,"Posada, Julian",https://orcid.org/0000-0002-3285-6503,Name matches an author of the externally matched publication; initial differences are compatible.
TheHumanFactorinAIRe573,"Shestakofsky, Benjamin","Shestakofsky, Benjamin",confirmed,Publisher-deposited DOI author list,https://api.crossref.org/works/10.1145%2F3678884.3687147,"Shestakofsky, Benjamin",https://orcid.org/0000-0003-0797-2729,Name matches an author of the externally matched publication; initial differences are compatible.
TheHumanFactorinAIRe573,"Roberts, Sarah T.","Roberts, Sarah T.",confirmed,Publisher-deposited DOI author list,https://api.crossref.org/works/10.1145%2F3678884.3687147,"Roberts, Sarah T.",https://orcid.org/0000-0001-8953-1470,Name matches an author of the externally matched publication; initial differences are compatible.
TheHumanFactorinAIRe573,"Gray, Mary L.","Gray, Mary L.",confirmed,Publisher-deposited DOI author list,https://api.crossref.org/works/10.1145%2F3678884.3687147,"Gray, Mary L.",https://orcid.org/0000-0001-9972-6829,Name matches an author of the externally matched publication; initial differences are compatible.
TheimpactofAIonthewo574,"Bonney, Kathryn","Bonney, Kathryn",confirmed,Publisher-deposited DOI author list,https://api.crossref.org/works/10.1016%2Fj.econlet.2024.111971,"Bonney, Kathryn",,Name matches an author of the externally matched publication; initial differences are compatible.
TheimpactofAIonthewo574,"Breaux, Cory","Breaux, Cory",confirmed,Publisher-deposited DOI author list,https://api.crossref.org/works/10.1016%2Fj.econlet.2024.111971,"Breaux, Cory",,Name matches an author of the externally matched publication; initial differences are compatible.
TheimpactofAIonthewo574,"Buffington, Catherine","Buffington, Catherine",confirmed,Publisher-deposited DOI author list,https://api.crossref.org/works/10.1016%2Fj.econlet.2024.111971,"Buffington, Catherine",https://orcid.org/0009-0003-9199-306X,Name matches an author of the externally matched publication; initial differences are compatible.
TheimpactofAIonthewo574,"Dinlersoz, Emin","Dinlersoz, Emin",confirmed,Publisher-deposited DOI author list,https://api.crossref.org/works/10.1016%2Fj.econlet.2024.111971,"Dinlersoz, Emin",,Name matches an author of the externally matched publication; initial differences are compatible.
TheimpactofAIonthewo574,"Foster, Lucia","Foster, Lucia",confirmed,Publisher-deposited DOI author list,https://api.crossref.org/works/10.1016%2Fj.econlet.2024.111971,"Foster, Lucia",,Name matches an author of the externally matched publication; initial differences are compatible.
TheimpactofAIonthewo574,"Goldschlag, Nathan","Goldschlag, Nathan",confirmed,Publisher-deposited DOI author list,https://api.crossref.org/works/10.1016%2Fj.econlet.2024.111971,"Goldschlag, Nathan",,Name matches an author of the externally matched publication; initial differences are compatible.
TheimpactofAIonthewo574,"Haltiwanger, John","Haltiwanger, John",confirmed,Publisher-deposited DOI author list,https://api.crossref.org/works/10.1016%2Fj.econlet.2024.111971,"Haltiwanger, John",,Name matches an author of the externally matched publication; initial differences are compatible.
TheimpactofAIonthewo574,"Kroff, Zachary","Kroff, Zachary",confirmed,Publisher-deposited DOI author list,https://api.crossref.org/works/10.1016%2Fj.econlet.2024.111971,"Kroff, Zachary",,Name matches an author of the externally matched publication; initial differences are compatible.
TheimpactofAIonthewo574,"Savage, Keith","Savage, Keith",confirmed,Publisher-deposited DOI author list,https://api.crossref.org/works/10.1016%2Fj.econlet.2024.111971,"Savage, Keith",,Name matches an author of the externally matched publication; initial differences are compatible.
TheLanguageofTrustwo575,"Atherton, Daniel","Atherton, Daniel",confirmed,Publication opening-page author block,https://nvlpubs.nist.gov/nistpubs/ai/NIST.AI.100-3.pdf,,,Full given name and surname occur together in the matched publication author block.
TheLanguageofTrustwo575,"Schwartz, Reva","Schwartz, Reva",confirmed,Publication opening-page author block,https://nvlpubs.nist.gov/nistpubs/ai/NIST.AI.100-3.pdf,,,Full given name and surname occur together in the matched publication author block.
TheLanguageofTrustwo575,"Fontana, Peter","Fontana, Peter",confirmed,Publication opening-page author block,https://nvlpubs.nist.gov/nistpubs/ai/NIST.AI.100-3.pdf,,,Full given name and surname occur together in the matched publication author block.
TheLanguageofTrustwo575,"Hall, Patrick","Hall, Patrick",confirmed,Publication opening-page author block,https://nvlpubs.nist.gov/nistpubs/ai/NIST.AI.100-3.pdf,,,Full given name and surname occur together in the matched publication author block.
TheLeaderboardIllusi576,"Singh, Shivalika","Singh, Shivalika",confirmed,Publication page author metadata,https://arxiv.org/abs/2504.20879,"Singh, Shivalika",,Name matches an author of the externally matched publication; initial differences are compatible.
TheLeaderboardIllusi576,"Nan, Yiyang","Nan, Yiyang",confirmed,Publication page author metadata,https://arxiv.org/abs/2504.20879,"Nan, Yiyang",,Name matches an author of the externally matched publication; initial differences are compatible.
TheLeaderboardIllusi576,"Wang, Alex","Wang, Alex",confirmed,Publication page author metadata,https://arxiv.org/abs/2504.20879,"Wang, Alex",,Name matches an author of the externally matched publication; initial differences are compatible.
TheLeaderboardIllusi576,"D'Souza, Daniel","D'Souza, Daniel",confirmed,Publication page author metadata,https://arxiv.org/abs/2504.20879,"D'Souza, Daniel",,Name matches an author of the externally matched publication; initial differences are compatible.
TheLeaderboardIllusi576,"Kapoor, Sayash","Kapoor, Sayash",confirmed,Publication page author metadata,https://arxiv.org/abs/2504.20879,"Kapoor, Sayash",,Name matches an author of the externally matched publication; initial differences are compatible.
TheLeaderboardIllusi576,"Üstün, Ahmet","Üstün, Ahmet",confirmed,Publication page author metadata,https://arxiv.org/abs/2504.20879,"Üstün, Ahmet",,Name matches an author of the externally matched publication; initial differences are compatible.
TheLeaderboardIllusi576,"Koyejo, Sanmi","Koyejo, Sanmi",confirmed,Publication page author metadata,https://arxiv.org/abs/2504.20879,"Koyejo, Sanmi",,Name matches an author of the externally matched publication; initial differences are compatible.
TheLeaderboardIllusi576,"Deng, Yuntian","Deng, Yuntian",confirmed,Publication page author metadata,https://arxiv.org/abs/2504.20879,"Deng, Yuntian",,Name matches an author of the externally matched publication; initial differences are compatible.
TheLeaderboardIllusi576,"Longpre, Shayne","Longpre, Shayne",confirmed,Publication page author metadata,https://arxiv.org/abs/2504.20879,"Longpre, Shayne",,Name matches an author of the externally matched publication; initial differences are compatible.
TheLeaderboardIllusi576,"Smith, Noah","Smith, Noah A.",corrected,Publication page author metadata,https://arxiv.org/abs/2504.20879,"Smith, Noah A.",,Name matches an author of the externally matched publication; initial differences are compatible.
TheLeaderboardIllusi576,"Ermis, Beyza","Ermis, Beyza",confirmed,Publication page author metadata,https://arxiv.org/abs/2504.20879,"Ermis, Beyza",,Name matches an author of the externally matched publication; initial differences are compatible.
TheLeaderboardIllusi576,"Fadaee, Marzieh","Fadaee, Marzieh",confirmed,Publication page author metadata,https://arxiv.org/abs/2504.20879,"Fadaee, Marzieh",,Name matches an author of the externally matched publication; initial differences are compatible.
TheLeaderboardIllusi576,"Hooker, Sara","Hooker, Sara",confirmed,Publication page author metadata,https://arxiv.org/abs/2504.20879,"Hooker, Sara",,Name matches an author of the externally matched publication; initial differences are compatible.
Thelogicofscientific577,"Popper, Karl","Popper, Karl",unverified,,,,,No sufficient publication-specific author evidence found.
TheMNISTDatabaseOfHa578,"LeCun, Yann","LeCun, Yann",unverified,,,,,No sufficient publication-specific author evidence found.
TheMNISTDatabaseOfHa578,"Cortes, Corinna","Cortes, Corinna",unverified,,,,,No sufficient publication-specific author evidence found.
TheMNISTDatabaseOfHa578,"Burgres, Christopher J.C","Burgres, Christopher J.C",unverified,,,,,No sufficient publication-specific author evidence found.
Themultimodalbraintu579,"Menze, Bjoern H","Menze, Bjoern H",confirmed,Publisher-deposited DOI author list,https://api.crossref.org/works/10.1109%2FTMI.2014.2377694,"Menze, Bjoern H.",,Name matches an author of the externally matched publication; initial differences are compatible.
Themultimodalbraintu579,"Jakab, Andras","Jakab, Andras",confirmed,Publisher-deposited DOI author list,https://api.crossref.org/works/10.1109%2FTMI.2014.2377694,"Jakab, Andras",,Name matches an author of the externally matched publication; initial differences are compatible.
Themultimodalbraintu579,"Bauer, Stefan","Bauer, Stefan",confirmed,Publisher-deposited DOI author list,https://api.crossref.org/works/10.1109%2FTMI.2014.2377694,"Bauer, Stefan",,Name matches an author of the externally matched publication; initial differences are compatible.
Themultimodalbraintu579,"Kalpathy-Cramer, Jayashree","Kalpathy-Cramer, Jayashree",confirmed,Publisher-deposited DOI author list,https://api.crossref.org/works/10.1109%2FTMI.2014.2377694,"Kalpathy-Cramer, Jayashree",,Name matches an author of the externally matched publication; initial differences are compatible.
Themultimodalbraintu579,"Farahani, Keyvan","Farahani, Keyvan",confirmed,Publisher-deposited DOI author list,https://api.crossref.org/works/10.1109%2FTMI.2014.2377694,"Farahani, Keyvan",,Name matches an author of the externally matched publication; initial differences are compatible.
Themultimodalbraintu579,"Kirby, Justin","Kirby, Justin",confirmed,Publisher-deposited DOI author list,https://api.crossref.org/works/10.1109%2FTMI.2014.2377694,"Kirby, Justin",,Name matches an author of the externally matched publication; initial differences are compatible.
Themultimodalbraintu579,"Burren, Yuliya","Burren, Yuliya",confirmed,Publisher-deposited DOI author list,https://api.crossref.org/works/10.1109%2FTMI.2014.2377694,"Burren, Yuliya",,Name matches an author of the externally matched publication; initial differences are compatible.
Themultimodalbraintu579,"Porz, Nicole","Porz, Nicole",confirmed,Publisher-deposited DOI author list,https://api.crossref.org/works/10.1109%2FTMI.2014.2377694,"Porz, Nicole",,Name matches an author of the externally matched publication; initial differences are compatible.
Themultimodalbraintu579,"Slotboom, Johannes","Slotboom, Johannes",confirmed,Publisher-deposited DOI author list,https://api.crossref.org/works/10.1109%2FTMI.2014.2377694,"Slotboom, Johannes",,Name matches an author of the externally matched publication; initial differences are compatible.
Themultimodalbraintu579,"Wiest, Roland","Wiest, Roland",confirmed,Publisher-deposited DOI author list,https://api.crossref.org/works/10.1109%2FTMI.2014.2377694,"Wiest, Roland",,Name matches an author of the externally matched publication; initial differences are compatible.
Themultimodalbraintu579,others,others,unverified,,,,,No sufficient publication-specific author evidence found.
TheMythosofModelInte580,"Lipton, Zachary C.","Lipton, Zachary C.",confirmed,Publication page author metadata,https://arxiv.org/abs/1606.03490,"Lipton, Zachary C.",,Name matches an author of the externally matched publication; initial differences are compatible.
Thenetworkscienceofc581,"Centola, D.","Centola, D.",unverified,,,,,No sufficient publication-specific author evidence found.
TheNISTAssessingRisk582,"Schwartz, Reva","Schwartz, Reva",confirmed,Reviewed full publication author list,https://nvlpubs.nist.gov/nistpubs/ai/NIST.AI.700-2.pdf,"Schwartz, Reva",,Reference [2] in the NIST ARIA pilot report explicitly lists the 2024 pilot evaluation plan and these eleven authors.
TheNISTAssessingRisk582,"Fiscus, Jonathan","Fiscus, Jonathan",confirmed,Reviewed full publication author list,https://nvlpubs.nist.gov/nistpubs/ai/NIST.AI.700-2.pdf,"Fiscus, Jonathan",,Reference [2] in the NIST ARIA pilot report explicitly lists the 2024 pilot evaluation plan and these eleven authors.
TheNISTAssessingRisk582,"Greene, Kristen","Greene, Kristen",confirmed,Reviewed full publication author list,https://nvlpubs.nist.gov/nistpubs/ai/NIST.AI.700-2.pdf,"Greene, Kristen",,Reference [2] in the NIST ARIA pilot report explicitly lists the 2024 pilot evaluation plan and these eleven authors.
TheNISTAssessingRisk582,"Waters, Gabriella","Waters, Gabriella",confirmed,Reviewed full publication author list,https://nvlpubs.nist.gov/nistpubs/ai/NIST.AI.700-2.pdf,"Waters, Gabriella",,Reference [2] in the NIST ARIA pilot report explicitly lists the 2024 pilot evaluation plan and these eleven authors.
TheNISTAssessingRisk582,"Chowdhury, Rumman","Chowdhury, Rumman",confirmed,Reviewed full publication author list,https://nvlpubs.nist.gov/nistpubs/ai/NIST.AI.700-2.pdf,"Chowdhury, Rumman",,Reference [2] in the NIST ARIA pilot report explicitly lists the 2024 pilot evaluation plan and these eleven authors.
TheNISTAssessingRisk582,"Jensen, Theodore","Jensen, Theodore",confirmed,Reviewed full publication author list,https://nvlpubs.nist.gov/nistpubs/ai/NIST.AI.700-2.pdf,"Jensen, Theodore",,Reference [2] in the NIST ARIA pilot report explicitly lists the 2024 pilot evaluation plan and these eleven authors.
TheNISTAssessingRisk582,"Greenberg, Craig","Greenberg, Craig",confirmed,Reviewed full publication author list,https://nvlpubs.nist.gov/nistpubs/ai/NIST.AI.700-2.pdf,"Greenberg, Craig",,Reference [2] in the NIST ARIA pilot report explicitly lists the 2024 pilot evaluation plan and these eleven authors.
TheNISTAssessingRisk582,"Godil, Afzal","Godil, Afzal",confirmed,Reviewed full publication author list,https://nvlpubs.nist.gov/nistpubs/ai/NIST.AI.700-2.pdf,"Godil, Afzal",,Reference [2] in the NIST ARIA pilot report explicitly lists the 2024 pilot evaluation plan and these eleven authors.
TheNISTAssessingRisk582,"Amironesei, Razvan","Amironesei, Razvan",confirmed,Reviewed full publication author list,https://nvlpubs.nist.gov/nistpubs/ai/NIST.AI.700-2.pdf,"Amironesei, Razvan",,Reference [2] in the NIST ARIA pilot report explicitly lists the 2024 pilot evaluation plan and these eleven authors.
TheNISTAssessingRisk582,"Hall, Patrick","Hall, Patrick",confirmed,Reviewed full publication author list,https://nvlpubs.nist.gov/nistpubs/ai/NIST.AI.700-2.pdf,"Hall, Patrick",,Reference [2] in the NIST ARIA pilot report explicitly lists the 2024 pilot evaluation plan and these eleven authors.
TheNISTAssessingRisk582,"Jain, Shomik","Jain, Shomik",confirmed,Reviewed full publication author list,https://nvlpubs.nist.gov/nistpubs/ai/NIST.AI.700-2.pdf,"Jain, Shomik",,Reference [2] in the NIST ARIA pilot report explicitly lists the 2024 pilot evaluation plan and these eleven authors.
ThePreoccupationwith583,"Hall, Patrick","Hall, Patrick",confirmed,Publication page author metadata,https://www.oreilly.com/content/the-preoccupation-with-test-error-in-applied-machine-learning/,"Hall, Patrick",,Name matches an author of the externally matched publication; initial differences are compatible.
ThePrincipleofGoodFa584,"Dawkins, Cedric E.","Dawkins, Cedric E.",confirmed,Publisher-deposited DOI author list,https://api.crossref.org/works/10.1007%2Fs10551-013-1697-z,"Dawkins, Cedric E.",,Name matches an author of the externally matched publication; initial differences are compatible.
Theproblemofmranking585,"Kendall, Maurice G.","Kendall, Maurice G.",confirmed,Publisher-deposited DOI author list,https://api.crossref.org/works/10.1214%2Faoms%2F1177732186,"Kendall, M. G.",,Name matches an author of the externally matched publication; initial differences are compatible.
Theproblemofmranking585,"Smith, B. Babington","Smith, B. Babington",confirmed,Publisher-deposited DOI author list,https://api.crossref.org/works/10.1214%2Faoms%2F1177732186,"Smith, B. Babington",,Name matches an author of the externally matched publication; initial differences are compatible.
Thereplicationcrisis586,,"Korbmacher, Max",corrected,Reviewed full publication author list,https://api.crossref.org/works/10.1038%2Fs44271-023-00003-2,"Korbmacher, Max",,"Exact DOI publication author list replaces malformed et al., Max Korbmacher entry and restores the full list."
Thereplicationcrisis586,,"Azevedo, Flavio",corrected,Reviewed full publication author list,https://api.crossref.org/works/10.1038%2Fs44271-023-00003-2,"Azevedo, Flavio",,"Exact DOI publication author list replaces malformed et al., Max Korbmacher entry and restores the full list."
Thereplicationcrisis586,,"Pennington, Charlotte R.",corrected,Reviewed full publication author list,https://api.crossref.org/works/10.1038%2Fs44271-023-00003-2,"Pennington, Charlotte R.",,"Exact DOI publication author list replaces malformed et al., Max Korbmacher entry and restores the full list."
Thereplicationcrisis586,,"Hartmann, Helena",corrected,Reviewed full publication author list,https://api.crossref.org/works/10.1038%2Fs44271-023-00003-2,"Hartmann, Helena",,"Exact DOI publication author list replaces malformed et al., Max Korbmacher entry and restores the full list."
Thereplicationcrisis586,,"Pownall, Madeleine",corrected,Reviewed full publication author list,https://api.crossref.org/works/10.1038%2Fs44271-023-00003-2,"Pownall, Madeleine",,"Exact DOI publication author list replaces malformed et al., Max Korbmacher entry and restores the full list."
Thereplicationcrisis586,,"Schmidt, Kathleen",corrected,Reviewed full publication author list,https://api.crossref.org/works/10.1038%2Fs44271-023-00003-2,"Schmidt, Kathleen",,"Exact DOI publication author list replaces malformed et al., Max Korbmacher entry and restores the full list."
Thereplicationcrisis586,,"Elsherif, Mahmoud",corrected,Reviewed full publication author list,https://api.crossref.org/works/10.1038%2Fs44271-023-00003-2,"Elsherif, Mahmoud",,"Exact DOI publication author list replaces malformed et al., Max Korbmacher entry and restores the full list."
Thereplicationcrisis586,,"Breznau, Nate",corrected,Reviewed full publication author list,https://api.crossref.org/works/10.1038%2Fs44271-023-00003-2,"Breznau, Nate",,"Exact DOI publication author list replaces malformed et al., Max Korbmacher entry and restores the full list."
Thereplicationcrisis586,,"Robertson, Olly",corrected,Reviewed full publication author list,https://api.crossref.org/works/10.1038%2Fs44271-023-00003-2,"Robertson, Olly",,"Exact DOI publication author list replaces malformed et al., Max Korbmacher entry and restores the full list."
Thereplicationcrisis586,,"Kalandadze, Tamara",corrected,Reviewed full publication author list,https://api.crossref.org/works/10.1038%2Fs44271-023-00003-2,"Kalandadze, Tamara",,"Exact DOI publication author list replaces malformed et al., Max Korbmacher entry and restores the full list."
Thereplicationcrisis586,,"Yu, Shijun",corrected,Reviewed full publication author list,https://api.crossref.org/works/10.1038%2Fs44271-023-00003-2,"Yu, Shijun",,"Exact DOI publication author list replaces malformed et al., Max Korbmacher entry and restores the full list."
Thereplicationcrisis586,,"Baker, Bradley J.",corrected,Reviewed full publication author list,https://api.crossref.org/works/10.1038%2Fs44271-023-00003-2,"Baker, Bradley J.",,"Exact DOI publication author list replaces malformed et al., Max Korbmacher entry and restores the full list."
Thereplicationcrisis586,,"O’Mahony, Aoife",corrected,Reviewed full publication author list,https://api.crossref.org/works/10.1038%2Fs44271-023-00003-2,"O’Mahony, Aoife",,"Exact DOI publication author list replaces malformed et al., Max Korbmacher entry and restores the full list."
Thereplicationcrisis586,,"Olsnes, Jørgen Ø. -S.",corrected,Reviewed full publication author list,https://api.crossref.org/works/10.1038%2Fs44271-023-00003-2,"Olsnes, Jørgen Ø. -S.",,"Exact DOI publication author list replaces malformed et al., Max Korbmacher entry and restores the full list."
Thereplicationcrisis586,,"Shaw, John J.",corrected,Reviewed full publication author list,https://api.crossref.org/works/10.1038%2Fs44271-023-00003-2,"Shaw, John J.",,"Exact DOI publication author list replaces malformed et al., Max Korbmacher entry and restores the full list."
Thereplicationcrisis586,,"Gjoneska, Biljana",corrected,Reviewed full publication author list,https://api.crossref.org/works/10.1038%2Fs44271-023-00003-2,"Gjoneska, Biljana",,"Exact DOI publication author list replaces malformed et al., Max Korbmacher entry and restores the full list."
Thereplicationcrisis586,,"Yamada, Yuki",corrected,Reviewed full publication author list,https://api.crossref.org/works/10.1038%2Fs44271-023-00003-2,"Yamada, Yuki",,"Exact DOI publication author list replaces malformed et al., Max Korbmacher entry and restores the full list."
Thereplicationcrisis586,,"Röer, Jan P.",corrected,Reviewed full publication author list,https://api.crossref.org/works/10.1038%2Fs44271-023-00003-2,"Röer, Jan P.",,"Exact DOI publication author list replaces malformed et al., Max Korbmacher entry and restores the full list."
Thereplicationcrisis586,,"Murphy, Jennifer",corrected,Reviewed full publication author list,https://api.crossref.org/works/10.1038%2Fs44271-023-00003-2,"Murphy, Jennifer",,"Exact DOI publication author list replaces malformed et al., Max Korbmacher entry and restores the full list."
Thereplicationcrisis586,,"Alzahawi, Shilaan",corrected,Reviewed full publication author list,https://api.crossref.org/works/10.1038%2Fs44271-023-00003-2,"Alzahawi, Shilaan",,"Exact DOI publication author list replaces malformed et al., Max Korbmacher entry and restores the full list."
Thereplicationcrisis586,,"Grinschgl, Sandra",corrected,Reviewed full publication author list,https://api.crossref.org/works/10.1038%2Fs44271-023-00003-2,"Grinschgl, Sandra",,"Exact DOI publication author list replaces malformed et al., Max Korbmacher entry and restores the full list."
Thereplicationcrisis586,,"Oliveira, Catia M.",corrected,Reviewed full publication author list,https://api.crossref.org/works/10.1038%2Fs44271-023-00003-2,"Oliveira, Catia M.",,"Exact DOI publication author list replaces malformed et al., Max Korbmacher entry and restores the full list."
Thereplicationcrisis586,,"Wingen, Tobias",corrected,Reviewed full publication author list,https://api.crossref.org/works/10.1038%2Fs44271-023-00003-2,"Wingen, Tobias",,"Exact DOI publication author list replaces malformed et al., Max Korbmacher entry and restores the full list."
Thereplicationcrisis586,,"Yeung, Siu Kit",corrected,Reviewed full publication author list,https://api.crossref.org/works/10.1038%2Fs44271-023-00003-2,"Yeung, Siu Kit",,"Exact DOI publication author list replaces malformed et al., Max Korbmacher entry and restores the full list."
Thereplicationcrisis586,,"Liu, Meng",corrected,Reviewed full publication author list,https://api.crossref.org/works/10.1038%2Fs44271-023-00003-2,"Liu, Meng",,"Exact DOI publication author list replaces malformed et al., Max Korbmacher entry and restores the full list."
Thereplicationcrisis586,,"König, Laura M.",corrected,Reviewed full publication author list,https://api.crossref.org/works/10.1038%2Fs44271-023-00003-2,"König, Laura M.",,"Exact DOI publication author list replaces malformed et al., Max Korbmacher entry and restores the full list."
Thereplicationcrisis586,,"Albayrak-Aydemir, Nihan",corrected,Reviewed full publication author list,https://api.crossref.org/works/10.1038%2Fs44271-023-00003-2,"Albayrak-Aydemir, Nihan",,"Exact DOI publication author list replaces malformed et al., Max Korbmacher entry and restores the full list."
Thereplicationcrisis586,,"Lecuona, Oscar",corrected,Reviewed full publication author list,https://api.crossref.org/works/10.1038%2Fs44271-023-00003-2,"Lecuona, Oscar",,"Exact DOI publication author list replaces malformed et al., Max Korbmacher entry and restores the full list."
Thereplicationcrisis586,,"Micheli, Leticia",corrected,Reviewed full publication author list,https://api.crossref.org/works/10.1038%2Fs44271-023-00003-2,"Micheli, Leticia",,"Exact DOI publication author list replaces malformed et al., Max Korbmacher entry and restores the full list."
Thereplicationcrisis586,,"Evans, Thomas",corrected,Reviewed full publication author list,https://api.crossref.org/works/10.1038%2Fs44271-023-00003-2,"Evans, Thomas",,"Exact DOI publication author list replaces malformed et al., Max Korbmacher entry and restores the full list."
TheriskofdeskillingW587,,,unverified,No author supplied,,,,Author field is empty; no supported author list found.
TheSecurityofMachine588,"Barreno, Marco","Barreno, Marco",confirmed,Publication opening-page author block,https://people.eecs.berkeley.edu/~adj/publications/paper-files/SecML-MLJ2010.pdf,,,Full given name and surname occur together in the matched publication author block.
TheSecurityofMachine588,"Nelson, Blaine","Nelson, Blaine",confirmed,Publication opening-page author block,https://people.eecs.berkeley.edu/~adj/publications/paper-files/SecML-MLJ2010.pdf,,,Full given name and surname occur together in the matched publication author block.
TheSecurityofMachine588,"Joseph, Anthony D","Joseph, Anthony D",confirmed,Publication opening-page author block,https://people.eecs.berkeley.edu/~adj/publications/paper-files/SecML-MLJ2010.pdf,,,Full given name and surname occur together in the matched publication author block.
TheSecurityofMachine588,"Tygar, J Doug","Tygar, J Doug",unverified,,,,,No sufficient publication-specific author evidence found.
TheShapleyValueEssay589,"Shapley, Lloyd S.","Shapley, Lloyd S.",unverified,,,,,No sufficient publication-specific author evidence found.
TheShapleyValueEssay589,"Roth, Alvin E.","Roth, Alvin E.",unverified,,,,,No sufficient publication-specific author evidence found.
TheShapleyValueEssay589,others,others,unverified,,,,,No sufficient publication-specific author evidence found.
TheSimpleMacroeconom590,"Acemoglu, Daron","Acemoglu, Daron",confirmed,Publisher-deposited DOI author list,https://api.crossref.org/works/10.3386%2Fw32487,"Acemoglu, Daron",,Name matches an author of the externally matched publication; initial differences are compatible.
TheStateofAIGovernan591,"Strauss, Ilan","Strauss, Ilan",confirmed,Publisher-deposited DOI author list,https://api.crossref.org/works/10.35650%2Faidp.4112.d.2025,"Strauss, Ilan",,Name matches an author of the externally matched publication; initial differences are compatible.
TheStateofAIGovernan591,"Moure, Isobel","Moure, Isobel",confirmed,Publisher-deposited DOI author list,https://api.crossref.org/works/10.35650%2Faidp.4112.d.2025,"Moure, Isobel",,Name matches an author of the externally matched publication; initial differences are compatible.
TheStateofAIGovernan591,"O’Reilly, Tim","O’Reilly, Tim",confirmed,Publisher-deposited DOI author list,https://api.crossref.org/works/10.35650%2Faidp.4112.d.2025,"O’Reilly, Tim",,Name matches an author of the externally matched publication; initial differences are compatible.
TheStateofAIGovernan591,"Rosenblat, Sruly","Rosenblat, Sruly",confirmed,Publisher-deposited DOI author list,https://api.crossref.org/works/10.35650%2Faidp.4112.d.2025,"Rosenblat, Sruly",,Name matches an author of the externally matched publication; initial differences are compatible.
TheStructureofScient592,"Kuhn, Thomas S.","Kuhn, Thomas S.",unverified,,,,,No sufficient publication-specific author evidence found.
TheStructureofScient592,"Hacking, Ian","Hacking, Ian",unverified,,,,,No sufficient publication-specific author evidence found.
TheWMDPBenchmarkMeas593,"Li, Nathaniel","Li, Nathaniel",confirmed,Publication page author metadata,https://arxiv.org/abs/2403.03218,"Li, Nathaniel",,Name matches an author of the externally matched publication; initial differences are compatible.
TheWMDPBenchmarkMeas593,"Pan, Alexander","Pan, Alexander",confirmed,Publication page author metadata,https://arxiv.org/abs/2403.03218,"Pan, Alexander",,Name matches an author of the externally matched publication; initial differences are compatible.
TheWMDPBenchmarkMeas593,"Gopal, Anjali","Gopal, Anjali",confirmed,Publication page author metadata,https://arxiv.org/abs/2403.03218,"Gopal, Anjali",,Name matches an author of the externally matched publication; initial differences are compatible.
TheWMDPBenchmarkMeas593,"Yue, Summer","Yue, Summer",confirmed,Publication page author metadata,https://arxiv.org/abs/2403.03218,"Yue, Summer",,Name matches an author of the externally matched publication; initial differences are compatible.
TheWMDPBenchmarkMeas593,"Berrios, Daniel","Berrios, Daniel",confirmed,Publication page author metadata,https://arxiv.org/abs/2403.03218,"Berrios, Daniel",,Name matches an author of the externally matched publication; initial differences are compatible.
TheWMDPBenchmarkMeas593,"Gatti, Alice","Gatti, Alice",confirmed,Publication page author metadata,https://arxiv.org/abs/2403.03218,"Gatti, Alice",,Name matches an author of the externally matched publication; initial differences are compatible.
TheWMDPBenchmarkMeas593,"Li, Justin D.","Li, Justin D.",confirmed,Publication page author metadata,https://arxiv.org/abs/2403.03218,"Li, Justin D.",,Name matches an author of the externally matched publication; initial differences are compatible.
TheWMDPBenchmarkMeas593,"Dombrowski, Ann-Kathrin","Dombrowski, Ann-Kathrin",confirmed,Publication page author metadata,https://arxiv.org/abs/2403.03218,"Dombrowski, Ann-Kathrin",,Name matches an author of the externally matched publication; initial differences are compatible.
TheWMDPBenchmarkMeas593,"Goel, Shashwat","Goel, Shashwat",confirmed,Publication page author metadata,https://arxiv.org/abs/2403.03218,"Goel, Shashwat",,Name matches an author of the externally matched publication; initial differences are compatible.
TheWMDPBenchmarkMeas593,"Phan, Long","Phan, Long",confirmed,Publication page author metadata,https://arxiv.org/abs/2403.03218,"Phan, Long",,Name matches an author of the externally matched publication; initial differences are compatible.
TheWMDPBenchmarkMeas593,"Mukobi, Gabriel","Mukobi, Gabriel",confirmed,Publication page author metadata,https://arxiv.org/abs/2403.03218,"Mukobi, Gabriel",,Name matches an author of the externally matched publication; initial differences are compatible.
TheWMDPBenchmarkMeas593,"Helm-Burger, Nathan","Helm-Burger, Nathan",confirmed,Publication page author metadata,https://arxiv.org/abs/2403.03218,"Helm-Burger, Nathan",,Name matches an author of the externally matched publication; initial differences are compatible.
TheWMDPBenchmarkMeas593,"Lababidi, Rassin","Lababidi, Rassin",confirmed,Publication page author metadata,https://arxiv.org/abs/2403.03218,"Lababidi, Rassin",,Name matches an author of the externally matched publication; initial differences are compatible.
TheWMDPBenchmarkMeas593,"Justen, Lennart","Justen, Lennart",confirmed,Publication page author metadata,https://arxiv.org/abs/2403.03218,"Justen, Lennart",,Name matches an author of the externally matched publication; initial differences are compatible.
TheWMDPBenchmarkMeas593,"Liu, Andrew B.","Liu, Andrew B.",confirmed,Publication page author metadata,https://arxiv.org/abs/2403.03218,"Liu, Andrew B.",,Name matches an author of the externally matched publication; initial differences are compatible.
TheWMDPBenchmarkMeas593,"Chen, Michael","Chen, Michael",confirmed,Publication page author metadata,https://arxiv.org/abs/2403.03218,"Chen, Michael",,Name matches an author of the externally matched publication; initial differences are compatible.
TheWMDPBenchmarkMeas593,"Barrass, Isabelle","Barrass, Isabelle",confirmed,Publication page author metadata,https://arxiv.org/abs/2403.03218,"Barrass, Isabelle",,Name matches an author of the externally matched publication; initial differences are compatible.
TheWMDPBenchmarkMeas593,"Zhang, Oliver","Zhang, Oliver",confirmed,Publication page author metadata,https://arxiv.org/abs/2403.03218,"Zhang, Oliver",,Name matches an author of the externally matched publication; initial differences are compatible.
TheWMDPBenchmarkMeas593,"Zhu, Xiaoyuan","Zhu, Xiaoyuan",confirmed,Publication page author metadata,https://arxiv.org/abs/2403.03218,"Zhu, Xiaoyuan",,Name matches an author of the externally matched publication; initial differences are compatible.
TheWMDPBenchmarkMeas593,"Tamirisa, Rishub","Tamirisa, Rishub",confirmed,Publication page author metadata,https://arxiv.org/abs/2403.03218,"Tamirisa, Rishub",,Name matches an author of the externally matched publication; initial differences are compatible.
TheWMDPBenchmarkMeas593,"Bharathi, Bhrugu","Bharathi, Bhrugu",confirmed,Publication page author metadata,https://arxiv.org/abs/2403.03218,"Bharathi, Bhrugu",,Name matches an author of the externally matched publication; initial differences are compatible.
TheWMDPBenchmarkMeas593,"Khoja, Adam","Khoja, Adam",confirmed,Publication page author metadata,https://arxiv.org/abs/2403.03218,"Khoja, Adam",,Name matches an author of the externally matched publication; initial differences are compatible.
TheWMDPBenchmarkMeas593,"Zhao, Zhenqi","Zhao, Zhenqi",confirmed,Publication page author metadata,https://arxiv.org/abs/2403.03218,"Zhao, Zhenqi",,Name matches an author of the externally matched publication; initial differences are compatible.
TheWMDPBenchmarkMeas593,"Herbert-Voss, Ariel","Herbert-Voss, Ariel",confirmed,Publication page author metadata,https://arxiv.org/abs/2403.03218,"Herbert-Voss, Ariel",,Name matches an author of the externally matched publication; initial differences are compatible.
TheWMDPBenchmarkMeas593,"Breuer, Cort B.","Breuer, Cort B.",confirmed,Publication page author metadata,https://arxiv.org/abs/2403.03218,"Breuer, Cort B.",,Name matches an author of the externally matched publication; initial differences are compatible.
TheWMDPBenchmarkMeas593,"Marks, Samuel","Marks, Samuel",confirmed,Publication page author metadata,https://arxiv.org/abs/2403.03218,"Marks, Samuel",,Name matches an author of the externally matched publication; initial differences are compatible.
TheWMDPBenchmarkMeas593,"Patel, Oam","Patel, Oam",confirmed,Publication page author metadata,https://arxiv.org/abs/2403.03218,"Patel, Oam",,Name matches an author of the externally matched publication; initial differences are compatible.
TheWMDPBenchmarkMeas593,"Zou, Andy","Zou, Andy",confirmed,Publication page author metadata,https://arxiv.org/abs/2403.03218,"Zou, Andy",,Name matches an author of the externally matched publication; initial differences are compatible.
TheWMDPBenchmarkMeas593,"Mazeika, Mantas","Mazeika, Mantas",confirmed,Publication page author metadata,https://arxiv.org/abs/2403.03218,"Mazeika, Mantas",,Name matches an author of the externally matched publication; initial differences are compatible.
TheWMDPBenchmarkMeas593,"Wang, Zifan","Wang, Zifan",confirmed,Publication page author metadata,https://arxiv.org/abs/2403.03218,"Wang, Zifan",,Name matches an author of the externally matched publication; initial differences are compatible.
TheWMDPBenchmarkMeas593,"Oswal, Palash","Oswal, Palash",confirmed,Publication page author metadata,https://arxiv.org/abs/2403.03218,"Oswal, Palash",,Name matches an author of the externally matched publication; initial differences are compatible.
TheWMDPBenchmarkMeas593,"Lin, Weiran","Lin, Weiran",confirmed,Publication page author metadata,https://arxiv.org/abs/2403.03218,"Lin, Weiran",,Name matches an author of the externally matched publication; initial differences are compatible.
TheWMDPBenchmarkMeas593,"Hunt, Adam A.","Hunt, Adam A.",confirmed,Publication page author metadata,https://arxiv.org/abs/2403.03218,"Hunt, Adam A.",,Name matches an author of the externally matched publication; initial differences are compatible.
TheWMDPBenchmarkMeas593,"Tienken-Harder, Justin","Tienken-Harder, Justin",confirmed,Publication page author metadata,https://arxiv.org/abs/2403.03218,"Tienken-Harder, Justin",,Name matches an author of the externally matched publication; initial differences are compatible.
TheWMDPBenchmarkMeas593,"Shih, Kevin Y.","Shih, Kevin Y.",confirmed,Publication page author metadata,https://arxiv.org/abs/2403.03218,"Shih, Kevin Y.",,Name matches an author of the externally matched publication; initial differences are compatible.
TheWMDPBenchmarkMeas593,"Talley, Kemper","Talley, Kemper",confirmed,Publication page author metadata,https://arxiv.org/abs/2403.03218,"Talley, Kemper",,Name matches an author of the externally matched publication; initial differences are compatible.
TheWMDPBenchmarkMeas593,"Guan, John","Guan, John",confirmed,Publication page author metadata,https://arxiv.org/abs/2403.03218,"Guan, John",,Name matches an author of the externally matched publication; initial differences are compatible.
TheWMDPBenchmarkMeas593,"Kaplan, Russell","Kaplan, Russell",confirmed,Publication page author metadata,https://arxiv.org/abs/2403.03218,"Kaplan, Russell",,Name matches an author of the externally matched publication; initial differences are compatible.
TheWMDPBenchmarkMeas593,"Steneker, Ian","Steneker, Ian",confirmed,Publication page author metadata,https://arxiv.org/abs/2403.03218,"Steneker, Ian",,Name matches an author of the externally matched publication; initial differences are compatible.
TheWMDPBenchmarkMeas593,"Campbell, David","Campbell, David",confirmed,Publication page author metadata,https://arxiv.org/abs/2403.03218,"Campbell, David",,Name matches an author of the externally matched publication; initial differences are compatible.
TheWMDPBenchmarkMeas593,"Jokubaitis, Brad","Jokubaitis, Brad",confirmed,Publication page author metadata,https://arxiv.org/abs/2403.03218,"Jokubaitis, Brad",,Name matches an author of the externally matched publication; initial differences are compatible.
TheWMDPBenchmarkMeas593,"Levinson, Alex","Levinson, Alex",confirmed,Publication page author metadata,https://arxiv.org/abs/2403.03218,"Levinson, Alex",,Name matches an author of the externally matched publication; initial differences are compatible.
TheWMDPBenchmarkMeas593,"Wang, Jean","Wang, Jean",confirmed,Publication page author metadata,https://arxiv.org/abs/2403.03218,"Wang, Jean",,Name matches an author of the externally matched publication; initial differences are compatible.
TheWMDPBenchmarkMeas593,"Qian, William","Qian, William",confirmed,Publication page author metadata,https://arxiv.org/abs/2403.03218,"Qian, William",,Name matches an author of the externally matched publication; initial differences are compatible.
TheWMDPBenchmarkMeas593,"Karmakar, Kallol Krishna","Karmakar, Kallol Krishna",confirmed,Publication page author metadata,https://arxiv.org/abs/2403.03218,"Karmakar, Kallol Krishna",,Name matches an author of the externally matched publication; initial differences are compatible.
TheWMDPBenchmarkMeas593,"Basart, Steven","Basart, Steven",confirmed,Publication page author metadata,https://arxiv.org/abs/2403.03218,"Basart, Steven",,Name matches an author of the externally matched publication; initial differences are compatible.
TheWMDPBenchmarkMeas593,"Fitz, Stephen","Fitz, Stephen",confirmed,Publication page author metadata,https://arxiv.org/abs/2403.03218,"Fitz, Stephen",,Name matches an author of the externally matched publication; initial differences are compatible.
TheWMDPBenchmarkMeas593,"Levine, Mindy","Levine, Mindy",confirmed,Publication page author metadata,https://arxiv.org/abs/2403.03218,"Levine, Mindy",,Name matches an author of the externally matched publication; initial differences are compatible.
TheWMDPBenchmarkMeas593,"Kumaraguru, Ponnurangam","Kumaraguru, Ponnurangam",confirmed,Publication page author metadata,https://arxiv.org/abs/2403.03218,"Kumaraguru, Ponnurangam",,Name matches an author of the externally matched publication; initial differences are compatible.
TheWMDPBenchmarkMeas593,"Tupakula, Uday","Tupakula, Uday",confirmed,Publication page author metadata,https://arxiv.org/abs/2403.03218,"Tupakula, Uday",,Name matches an author of the externally matched publication; initial differences are compatible.
TheWMDPBenchmarkMeas593,"Varadharajan, Vijay","Varadharajan, Vijay",confirmed,Publication page author metadata,https://arxiv.org/abs/2403.03218,"Varadharajan, Vijay",,Name matches an author of the externally matched publication; initial differences are compatible.
TheWMDPBenchmarkMeas593,"Wang, Ruoyu","Wang, Ruoyu",confirmed,Publication page author metadata,https://arxiv.org/abs/2403.03218,"Wang, Ruoyu",,Name matches an author of the externally matched publication; initial differences are compatible.
TheWMDPBenchmarkMeas593,"Shoshitaishvili, Yan","Shoshitaishvili, Yan",confirmed,Publication page author metadata,https://arxiv.org/abs/2403.03218,"Shoshitaishvili, Yan",,Name matches an author of the externally matched publication; initial differences are compatible.
TheWMDPBenchmarkMeas593,"Ba, Jimmy","Ba, Jimmy",confirmed,Publication page author metadata,https://arxiv.org/abs/2403.03218,"Ba, Jimmy",,Name matches an author of the externally matched publication; initial differences are compatible.
TheWMDPBenchmarkMeas593,"Esvelt, Kevin M.","Esvelt, Kevin M.",confirmed,Publication page author metadata,https://arxiv.org/abs/2403.03218,"Esvelt, Kevin M.",,Name matches an author of the externally matched publication; initial differences are compatible.
TheWMDPBenchmarkMeas593,"Wang, Alexandr","Wang, Alexandr",confirmed,Publication page author metadata,https://arxiv.org/abs/2403.03218,"Wang, Alexandr",,Name matches an author of the externally matched publication; initial differences are compatible.
TheWMDPBenchmarkMeas593,"Hendrycks, Dan","Hendrycks, Dan",confirmed,Publication page author metadata,https://arxiv.org/abs/2403.03218,"Hendrycks, Dan",,Name matches an author of the externally matched publication; initial differences are compatible.
ThisLooksLikeThatDee594,"Chen, Chaofan","Chen, Chaofan",confirmed,Publication page author metadata,https://arxiv.org/abs/1806.10574,"Chen, Chaofan",,Name matches an author of the externally matched publication; initial differences are compatible.
ThisLooksLikeThatDee594,"Li, Oscar","Li, Oscar",confirmed,Publication page author metadata,https://arxiv.org/abs/1806.10574,"Li, Oscar",,Name matches an author of the externally matched publication; initial differences are compatible.
ThisLooksLikeThatDee594,"Barnett, Alina","Barnett, Alina Jade",corrected,Publication page author metadata,https://arxiv.org/abs/1806.10574,"Barnett, Alina Jade",,Name matches an author of the externally matched publication; initial differences are compatible.
ThisLooksLikeThatDee594,"Su, Jonathan","Su, Jonathan",confirmed,Publication page author metadata,https://arxiv.org/abs/1806.10574,"Su, Jonathan",,Name matches an author of the externally matched publication; initial differences are compatible.
ThisLooksLikeThatDee594,"Rudin, Cynthia","Rudin, Cynthia",confirmed,Publication page author metadata,https://arxiv.org/abs/1806.10574,"Rudin, Cynthia",,Name matches an author of the externally matched publication; initial differences are compatible.
ThreeNaiveBayesAppro595,"Calders, Toon","Calders, Toon",confirmed,Publication opening-page author block,https://link.springer.com/content/pdf/10.1007/s10618-010-0190-x.pdf?error=cookies_not_supported&code=49e3d9e5-5d39-4f50-8c42-46ad89832774,,,Full given name and surname occur together in the matched publication author block.
ThreeNaiveBayesAppro595,"Verwer, Sicco","Verwer, Sicco",confirmed,Publication opening-page author block,https://link.springer.com/content/pdf/10.1007/s10618-010-0190-x.pdf?error=cookies_not_supported&code=49e3d9e5-5d39-4f50-8c42-46ad89832774,,,Full given name and surname occur together in the matched publication author block.
TinkerTailorConfigur596,"Madaio, Michael A.","Madaio, Michael A.",confirmed,Publisher-deposited DOI author list,https://api.crossref.org/works/10.1145%2F3653705,"Madaio, Michael A.",https://orcid.org/0000-0001-5772-0488,Name matches an author of the externally matched publication; initial differences are compatible.
TinkerTailorConfigur596,"Chen, Jingya","Chen, Jingya",confirmed,Publisher-deposited DOI author list,https://api.crossref.org/works/10.1145%2F3653705,"Chen, Jingya",https://orcid.org/0009-0004-4324-3456,Name matches an author of the externally matched publication; initial differences are compatible.
TinkerTailorConfigur596,"Wallach, Hanna","Wallach, Hanna",confirmed,Publisher-deposited DOI author list,https://api.crossref.org/works/10.1145%2F3653705,"Wallach, Hanna",https://orcid.org/0000-0003-3395-7186,Name matches an author of the externally matched publication; initial differences are compatible.
TinkerTailorConfigur596,"Wortman Vaughan, Jennifer","Wortman Vaughan, Jennifer",confirmed,Publisher-deposited DOI author list,https://api.crossref.org/works/10.1145%2F3653705,"Wortman Vaughan, Jennifer",https://orcid.org/0000-0002-7807-2018,Name matches an author of the externally matched publication; initial differences are compatible.
TowardanEvaluationSc597,"Weidinger, Laura","Weidinger, Laura",confirmed,Publication page author metadata,https://arxiv.org/abs/2503.05336,"Weidinger, Laura",,Name matches an author of the externally matched publication; initial differences are compatible.
TowardanEvaluationSc597,"Raji, Inioluwa Deborah","Raji, Inioluwa Deborah",confirmed,Publication page author metadata,https://arxiv.org/abs/2503.05336,"Raji, Inioluwa Deborah",,Name matches an author of the externally matched publication; initial differences are compatible.
TowardanEvaluationSc597,"Wallach, Hanna","Wallach, Hanna",confirmed,Publication page author metadata,https://arxiv.org/abs/2503.05336,"Wallach, Hanna",,Name matches an author of the externally matched publication; initial differences are compatible.
TowardanEvaluationSc597,"Mitchell, Margaret","Mitchell, Margaret",confirmed,Publication page author metadata,https://arxiv.org/abs/2503.05336,"Mitchell, Margaret",,Name matches an author of the externally matched publication; initial differences are compatible.
TowardanEvaluationSc597,"Wang, Angelina","Wang, Angelina",confirmed,Publication page author metadata,https://arxiv.org/abs/2503.05336,"Wang, Angelina",,Name matches an author of the externally matched publication; initial differences are compatible.
TowardanEvaluationSc597,"Salaudeen, Olawale","Salaudeen, Olawale",confirmed,Publication page author metadata,https://arxiv.org/abs/2503.05336,"Salaudeen, Olawale",,Name matches an author of the externally matched publication; initial differences are compatible.
TowardanEvaluationSc597,"Bommasani, Rishi","Bommasani, Rishi",confirmed,Publication page author metadata,https://arxiv.org/abs/2503.05336,"Bommasani, Rishi",,Name matches an author of the externally matched publication; initial differences are compatible.
TowardanEvaluationSc597,"Ganguli, Deep","Ganguli, Deep",confirmed,Publication page author metadata,https://arxiv.org/abs/2503.05336,"Ganguli, Deep",,Name matches an author of the externally matched publication; initial differences are compatible.
TowardanEvaluationSc597,"Koyejo, Sanmi","Koyejo, Sanmi",confirmed,Publication page author metadata,https://arxiv.org/abs/2503.05336,"Koyejo, Sanmi",,Name matches an author of the externally matched publication; initial differences are compatible.
TowardanEvaluationSc597,"Isaac, William","Isaac, William",confirmed,Publication page author metadata,https://arxiv.org/abs/2503.05336,"Isaac, William",,Name matches an author of the externally matched publication; initial differences are compatible.
Towardbestresearchpr598,"Ivanova, Anna A.","Ivanova, Anna A.",confirmed,Publication page author metadata,https://arxiv.org/abs/2312.01276,"Ivanova, Anna A.",,Name matches an author of the externally matched publication; initial differences are compatible.
TowardTrustworthyAID599,"Brundage, Miles","Brundage, Miles",confirmed,Publication page author metadata,https://arxiv.org/abs/2004.07213,"Brundage, Miles",,Name matches an author of the externally matched publication; initial differences are compatible.
TowardTrustworthyAID599,"Avin, Shahar","Avin, Shahar",confirmed,Publication page author metadata,https://arxiv.org/abs/2004.07213,"Avin, Shahar",,Name matches an author of the externally matched publication; initial differences are compatible.
TowardTrustworthyAID599,"Wang, Jasmine","Wang, Jasmine",confirmed,Publication page author metadata,https://arxiv.org/abs/2004.07213,"Wang, Jasmine",,Name matches an author of the externally matched publication; initial differences are compatible.
TowardTrustworthyAID599,"Belfield, Haydn","Belfield, Haydn",confirmed,Publication page author metadata,https://arxiv.org/abs/2004.07213,"Belfield, Haydn",,Name matches an author of the externally matched publication; initial differences are compatible.
TowardTrustworthyAID599,"Krueger, Gretchen","Krueger, Gretchen",confirmed,Publication page author metadata,https://arxiv.org/abs/2004.07213,"Krueger, Gretchen",,Name matches an author of the externally matched publication; initial differences are compatible.
TowardTrustworthyAID599,"Hadfield, Gillian","Hadfield, Gillian",confirmed,Publication page author metadata,https://arxiv.org/abs/2004.07213,"Hadfield, Gillian",,Name matches an author of the externally matched publication; initial differences are compatible.
TowardTrustworthyAID599,"Khlaaf, Heidy","Khlaaf, Heidy",confirmed,Publication page author metadata,https://arxiv.org/abs/2004.07213,"Khlaaf, Heidy",,Name matches an author of the externally matched publication; initial differences are compatible.
TowardTrustworthyAID599,"Yang, Jingying","Yang, Jingying",confirmed,Publication page author metadata,https://arxiv.org/abs/2004.07213,"Yang, Jingying",,Name matches an author of the externally matched publication; initial differences are compatible.
TowardTrustworthyAID599,"Toner, Helen","Toner, Helen",confirmed,Publication page author metadata,https://arxiv.org/abs/2004.07213,"Toner, Helen",,Name matches an author of the externally matched publication; initial differences are compatible.
TowardTrustworthyAID599,"Fong, Ruth","Fong, Ruth",confirmed,Publication page author metadata,https://arxiv.org/abs/2004.07213,"Fong, Ruth",,Name matches an author of the externally matched publication; initial differences are compatible.
TowardTrustworthyAID599,"Maharaj, Tegan","Maharaj, Tegan",confirmed,Publication page author metadata,https://arxiv.org/abs/2004.07213,"Maharaj, Tegan",,Name matches an author of the externally matched publication; initial differences are compatible.
TowardTrustworthyAID599,"Koh, Pang Wei","Koh, Pang Wei",confirmed,Publication page author metadata,https://arxiv.org/abs/2004.07213,"Koh, Pang Wei",,Name matches an author of the externally matched publication; initial differences are compatible.
TowardTrustworthyAID599,"Hooker, Sara","Hooker, Sara",confirmed,Publication page author metadata,https://arxiv.org/abs/2004.07213,"Hooker, Sara",,Name matches an author of the externally matched publication; initial differences are compatible.
TowardTrustworthyAID599,"Leung, Jade","Leung, Jade",confirmed,Publication page author metadata,https://arxiv.org/abs/2004.07213,"Leung, Jade",,Name matches an author of the externally matched publication; initial differences are compatible.
TowardTrustworthyAID599,"Trask, Andrew","Trask, Andrew",confirmed,Publication page author metadata,https://arxiv.org/abs/2004.07213,"Trask, Andrew",,Name matches an author of the externally matched publication; initial differences are compatible.
TowardTrustworthyAID599,"Bluemke, Emma","Bluemke, Emma",confirmed,Publication page author metadata,https://arxiv.org/abs/2004.07213,"Bluemke, Emma",,Name matches an author of the externally matched publication; initial differences are compatible.
TowardTrustworthyAID599,"Lebensold, Jonathan","Lebensold, Jonathan",confirmed,Publication page author metadata,https://arxiv.org/abs/2004.07213,"Lebensold, Jonathan",,Name matches an author of the externally matched publication; initial differences are compatible.
TowardTrustworthyAID599,"O'Keefe, Cullen","O'Keefe, Cullen",confirmed,Publication page author metadata,https://arxiv.org/abs/2004.07213,"O'Keefe, Cullen",,Name matches an author of the externally matched publication; initial differences are compatible.
TowardTrustworthyAID599,"Koren, Mark","Koren, Mark",confirmed,Publication page author metadata,https://arxiv.org/abs/2004.07213,"Koren, Mark",,Name matches an author of the externally matched publication; initial differences are compatible.
TowardTrustworthyAID599,"Ryffel, Théo","Ryffel, Théo",confirmed,Publication page author metadata,https://arxiv.org/abs/2004.07213,"Ryffel, Théo",,Name matches an author of the externally matched publication; initial differences are compatible.
TowardTrustworthyAID599,"Rubinovitz, JB","Rubinovitz, JB",confirmed,Publication page author metadata,https://arxiv.org/abs/2004.07213,"Rubinovitz, JB",,Name matches an author of the externally matched publication; initial differences are compatible.
TowardTrustworthyAID599,"Besiroglu, Tamay","Besiroglu, Tamay",confirmed,Publication page author metadata,https://arxiv.org/abs/2004.07213,"Besiroglu, Tamay",,Name matches an author of the externally matched publication; initial differences are compatible.
TowardTrustworthyAID599,"Carugati, Federica","Carugati, Federica",confirmed,Publication page author metadata,https://arxiv.org/abs/2004.07213,"Carugati, Federica",,Name matches an author of the externally matched publication; initial differences are compatible.
TowardTrustworthyAID599,"Clark, Jack","Clark, Jack",confirmed,Publication page author metadata,https://arxiv.org/abs/2004.07213,"Clark, Jack",,Name matches an author of the externally matched publication; initial differences are compatible.
TowardTrustworthyAID599,"Eckersley, Peter","Eckersley, Peter",confirmed,Publication page author metadata,https://arxiv.org/abs/2004.07213,"Eckersley, Peter",,Name matches an author of the externally matched publication; initial differences are compatible.
TowardTrustworthyAID599,"de Haas, Sarah","de Haas, Sarah",confirmed,Publication page author metadata,https://arxiv.org/abs/2004.07213,"de Haas, Sarah",,Name matches an author of the externally matched publication; initial differences are compatible.
TowardTrustworthyAID599,"Johnson, Maritza","Johnson, Maritza",confirmed,Publication page author metadata,https://arxiv.org/abs/2004.07213,"Johnson, Maritza",,Name matches an author of the externally matched publication; initial differences are compatible.
TowardTrustworthyAID599,"Laurie, Ben","Laurie, Ben",confirmed,Publication page author metadata,https://arxiv.org/abs/2004.07213,"Laurie, Ben",,Name matches an author of the externally matched publication; initial differences are compatible.
TowardTrustworthyAID599,"Ingerman, Alex","Ingerman, Alex",confirmed,Publication page author metadata,https://arxiv.org/abs/2004.07213,"Ingerman, Alex",,Name matches an author of the externally matched publication; initial differences are compatible.
TowardTrustworthyAID599,"Krawczuk, Igor","Krawczuk, Igor",confirmed,Publication page author metadata,https://arxiv.org/abs/2004.07213,"Krawczuk, Igor",,Name matches an author of the externally matched publication; initial differences are compatible.
TowardTrustworthyAID599,"Askell, Amanda","Askell, Amanda",confirmed,Publication page author metadata,https://arxiv.org/abs/2004.07213,"Askell, Amanda",,Name matches an author of the externally matched publication; initial differences are compatible.
TowardTrustworthyAID599,"Cammarota, Rosario","Cammarota, Rosario",confirmed,Publication page author metadata,https://arxiv.org/abs/2004.07213,"Cammarota, Rosario",,Name matches an author of the externally matched publication; initial differences are compatible.
TowardTrustworthyAID599,"Lohn, Andrew","Lohn, Andrew",confirmed,Publication page author metadata,https://arxiv.org/abs/2004.07213,"Lohn, Andrew",,Name matches an author of the externally matched publication; initial differences are compatible.
TowardTrustworthyAID599,"Krueger, David","Krueger, David",confirmed,Publication page author metadata,https://arxiv.org/abs/2004.07213,"Krueger, David",,Name matches an author of the externally matched publication; initial differences are compatible.
TowardTrustworthyAID599,"Stix, Charlotte","Stix, Charlotte",confirmed,Publication page author metadata,https://arxiv.org/abs/2004.07213,"Stix, Charlotte",,Name matches an author of the externally matched publication; initial differences are compatible.
TowardTrustworthyAID599,"Henderson, Peter","Henderson, Peter",confirmed,Publication page author metadata,https://arxiv.org/abs/2004.07213,"Henderson, Peter",,Name matches an author of the externally matched publication; initial differences are compatible.
TowardTrustworthyAID599,"Graham, Logan","Graham, Logan",confirmed,Publication page author metadata,https://arxiv.org/abs/2004.07213,"Graham, Logan",,Name matches an author of the externally matched publication; initial differences are compatible.
TowardTrustworthyAID599,"Prunkl, Carina","Prunkl, Carina",confirmed,Publication page author metadata,https://arxiv.org/abs/2004.07213,"Prunkl, Carina",,Name matches an author of the externally matched publication; initial differences are compatible.
TowardTrustworthyAID599,"Martin, Bianca","Martin, Bianca",confirmed,Publication page author metadata,https://arxiv.org/abs/2004.07213,"Martin, Bianca",,Name matches an author of the externally matched publication; initial differences are compatible.
TowardTrustworthyAID599,"Seger, Elizabeth","Seger, Elizabeth",confirmed,Publication page author metadata,https://arxiv.org/abs/2004.07213,"Seger, Elizabeth",,Name matches an author of the externally matched publication; initial differences are compatible.
TowardTrustworthyAID599,"Zilberman, Noa","Zilberman, Noa",confirmed,Publication page author metadata,https://arxiv.org/abs/2004.07213,"Zilberman, Noa",,Name matches an author of the externally matched publication; initial differences are compatible.
TowardTrustworthyAID599,"Éigeartaigh, Seán","Éigeartaigh, Seán",unverified,,,,,No sufficient publication-specific author evidence found.
TowardTrustworthyAID599,"Kroeger, Frens","Kroeger, Frens",confirmed,Publication page author metadata,https://arxiv.org/abs/2004.07213,"Kroeger, Frens",,Name matches an author of the externally matched publication; initial differences are compatible.
TowardTrustworthyAID599,"Sastry, Girish","Sastry, Girish",confirmed,Publication page author metadata,https://arxiv.org/abs/2004.07213,"Sastry, Girish",,Name matches an author of the externally matched publication; initial differences are compatible.
TowardTrustworthyAID599,"Kagan, Rebecca","Kagan, Rebecca",confirmed,Publication page author metadata,https://arxiv.org/abs/2004.07213,"Kagan, Rebecca",,Name matches an author of the externally matched publication; initial differences are compatible.
TowardTrustworthyAID599,"Weller, Adrian","Weller, Adrian",confirmed,Publication page author metadata,https://arxiv.org/abs/2004.07213,"Weller, Adrian",,Name matches an author of the externally matched publication; initial differences are compatible.
TowardTrustworthyAID599,"Tse, Brian","Tse, Brian",confirmed,Publication page author metadata,https://arxiv.org/abs/2004.07213,"Tse, Brian",,Name matches an author of the externally matched publication; initial differences are compatible.
TowardTrustworthyAID599,"Barnes, Elizabeth","Barnes, Elizabeth",confirmed,Publication page author metadata,https://arxiv.org/abs/2004.07213,"Barnes, Elizabeth",,Name matches an author of the externally matched publication; initial differences are compatible.
TowardTrustworthyAID599,"Dafoe, Allan","Dafoe, Allan",confirmed,Publication page author metadata,https://arxiv.org/abs/2004.07213,"Dafoe, Allan",,Name matches an author of the externally matched publication; initial differences are compatible.
TowardTrustworthyAID599,"Scharre, Paul","Scharre, Paul",confirmed,Publication page author metadata,https://arxiv.org/abs/2004.07213,"Scharre, Paul",,Name matches an author of the externally matched publication; initial differences are compatible.
TowardTrustworthyAID599,"Herbert-Voss, Ariel","Herbert-Voss, Ariel",confirmed,Publication page author metadata,https://arxiv.org/abs/2004.07213,"Herbert-Voss, Ariel",,Name matches an author of the externally matched publication; initial differences are compatible.
TowardTrustworthyAID599,"Rasser, Martijn","Rasser, Martijn",confirmed,Publication page author metadata,https://arxiv.org/abs/2004.07213,"Rasser, Martijn",,Name matches an author of the externally matched publication; initial differences are compatible.
TowardTrustworthyAID599,"Sodhani, Shagun","Sodhani, Shagun",confirmed,Publication page author metadata,https://arxiv.org/abs/2004.07213,"Sodhani, Shagun",,Name matches an author of the externally matched publication; initial differences are compatible.
TowardTrustworthyAID599,"Flynn, Carrick","Flynn, Carrick",confirmed,Publication page author metadata,https://arxiv.org/abs/2004.07213,"Flynn, Carrick",,Name matches an author of the externally matched publication; initial differences are compatible.
TowardTrustworthyAID599,"Gilbert, Thomas Krendl","Gilbert, Thomas Krendl",confirmed,Publication page author metadata,https://arxiv.org/abs/2004.07213,"Gilbert, Thomas Krendl",,Name matches an author of the externally matched publication; initial differences are compatible.
TowardTrustworthyAID599,"Dyer, Lisa","Dyer, Lisa",confirmed,Publication page author metadata,https://arxiv.org/abs/2004.07213,"Dyer, Lisa",,Name matches an author of the externally matched publication; initial differences are compatible.
TowardTrustworthyAID599,"Khan, Saif","Khan, Saif",confirmed,Publication page author metadata,https://arxiv.org/abs/2004.07213,"Khan, Saif",,Name matches an author of the externally matched publication; initial differences are compatible.
TowardTrustworthyAID599,"Bengio, Yoshua","Bengio, Yoshua",confirmed,Publication page author metadata,https://arxiv.org/abs/2004.07213,"Bengio, Yoshua",,Name matches an author of the externally matched publication; initial differences are compatible.
TowardTrustworthyAID599,"Anderljung, Markus","Anderljung, Markus",confirmed,Publication page author metadata,https://arxiv.org/abs/2004.07213,"Anderljung, Markus",,Name matches an author of the externally matched publication; initial differences are compatible.
TowardsaCommonReport600,{OECD},{OECD},unverified,,,,,No sufficient publication-specific author evidence found.
TowardsaRigorousScie601,"Doshi-Velez, Finale","Doshi-Velez, Finale",confirmed,Publication page author metadata,https://arxiv.org/abs/1702.08608,"Doshi-Velez, Finale",,Name matches an author of the externally matched publication; initial differences are compatible.
TowardsaRigorousScie601,"Kim, Been","Kim, Been",confirmed,Publication page author metadata,https://arxiv.org/abs/1702.08608,"Kim, Been",,Name matches an author of the externally matched publication; initial differences are compatible.
TowardsaStandardforI602,"Schwartz, Reva","Schwartz, Reva",confirmed,Publisher-deposited DOI author list,https://api.crossref.org/works/10.6028%2FNIST.SP.1270,"Schwartz, Reva",,Name matches an author of the externally matched publication; initial differences are compatible.
TowardsaStandardforI602,"Vassilev, Apostol","Vassilev, Apostol",confirmed,Publisher-deposited DOI author list,https://api.crossref.org/works/10.6028%2FNIST.SP.1270,"Vassilev, Apostol",,Name matches an author of the externally matched publication; initial differences are compatible.
TowardsaStandardforI602,"Greene, Kristen","Greene, Kristen",confirmed,Publisher-deposited DOI author list,https://api.crossref.org/works/10.6028%2FNIST.SP.1270,"Greene, Kristen",,Name matches an author of the externally matched publication; initial differences are compatible.
TowardsaStandardforI602,"Perine, Lori","Perine, Lori",confirmed,Publisher-deposited DOI author list,https://api.crossref.org/works/10.6028%2FNIST.SP.1270,"Perine, Lori",,Name matches an author of the externally matched publication; initial differences are compatible.
TowardsaStandardforI602,"Burt, Andrew","Burt, Andrew",confirmed,Publisher-deposited DOI author list,https://api.crossref.org/works/10.6028%2FNIST.SP.1270,"Burt, Andrew",,Name matches an author of the externally matched publication; initial differences are compatible.
TowardsaStandardforI602,"Hall, Patrick","Hall, Patrick",confirmed,Publisher-deposited DOI author list,https://api.crossref.org/works/10.6028%2FNIST.SP.1270,"Hall, Patrick",,Name matches an author of the externally matched publication; initial differences are compatible.
Towardsautomatedcirc603,"Conmy, Arthur","Conmy, Arthur",confirmed,Publication page author metadata,https://arxiv.org/abs/2304.14997,"Conmy, Arthur",,Name matches an author of the externally matched publication; initial differences are compatible.
Towardsautomatedcirc603,"Mavor-Parker, Augustine","Mavor-Parker, Augustine N.",corrected,Publication page author metadata,https://arxiv.org/abs/2304.14997,"Mavor-Parker, Augustine N.",,Name matches an author of the externally matched publication; initial differences are compatible.
Towardsautomatedcirc603,"Lynch, Aengus","Lynch, Aengus",confirmed,Publication page author metadata,https://arxiv.org/abs/2304.14997,"Lynch, Aengus",,Name matches an author of the externally matched publication; initial differences are compatible.
Towardsautomatedcirc603,"Heimersheim, Stefan","Heimersheim, Stefan",confirmed,Publication page author metadata,https://arxiv.org/abs/2304.14997,"Heimersheim, Stefan",,Name matches an author of the externally matched publication; initial differences are compatible.
Towardsautomatedcirc603,"Garriga-Alonso, Adri{\`a}","Garriga-Alonso, Adri{\`a}",confirmed,Publication page author metadata,https://arxiv.org/abs/2304.14997,"Garriga-Alonso, Adrià",,Name matches an author of the externally matched publication; initial differences are compatible.
TowardsBetterUnderst604,"Ancona, Marco","Ancona, Marco",unverified,,,,,No sufficient publication-specific author evidence found.
TowardsBetterUnderst604,"Ceolini, Enea","Ceolini, Enea",unverified,,,,,No sufficient publication-specific author evidence found.
TowardsBetterUnderst604,"Oztireli, Cengiz","Oztireli, Cengiz",unverified,,,,,No sufficient publication-specific author evidence found.
TowardsBetterUnderst604,"Gross, Markus","Gross, Markus",unverified,,,,,No sufficient publication-specific author evidence found.
Towardscomputational605,"Hunter, Anthony","Hunter, Anthony",confirmed,Publisher-deposited DOI author list,https://api.crossref.org/works/10.1007%2F978-3-030-30179-8_2,"Hunter, Anthony",,Name matches an author of the externally matched publication; initial differences are compatible.
Towardscomputational605,"Chalaguine, Lisa","Chalaguine, Lisa",confirmed,Publisher-deposited DOI author list,https://api.crossref.org/works/10.1007%2F978-3-030-30179-8_2,"Chalaguine, Lisa",,Name matches an author of the externally matched publication; initial differences are compatible.
Towardscomputational605,"Czernuszenko, Tomasz","Czernuszenko, Tomasz",confirmed,Publisher-deposited DOI author list,https://api.crossref.org/works/10.1007%2F978-3-030-30179-8_2,"Czernuszenko, Tomasz",,Name matches an author of the externally matched publication; initial differences are compatible.
Towardscomputational605,"Hadoux, Emmanuel","Hadoux, Emmanuel",confirmed,Publisher-deposited DOI author list,https://api.crossref.org/works/10.1007%2F978-3-030-30179-8_2,"Hadoux, Emmanuel",,Name matches an author of the externally matched publication; initial differences are compatible.
Towardscomputational605,"Polberg, Sylwia","Polberg, Sylwia",confirmed,Publisher-deposited DOI author list,https://api.crossref.org/works/10.1007%2F978-3-030-30179-8_2,"Polberg, Sylwia",,Name matches an author of the externally matched publication; initial differences are compatible.
TrainingaHelpfulandH606,"Bai, Y.","Bai, Yuntao",corrected,Publication page author metadata,https://arxiv.org/abs/2204.05862,"Bai, Yuntao",,Complete authoritative author list matches all previously listed authors; restore omitted authors in source order.
TrainingaHelpfulandH606,,"Jones, Andy",corrected,Publication page author metadata,https://arxiv.org/abs/2204.05862,"Jones, Andy",,Complete authoritative author list matches all previously listed authors; restore omitted authors in source order.
TrainingaHelpfulandH606,,"Ndousse, Kamal",corrected,Publication page author metadata,https://arxiv.org/abs/2204.05862,"Ndousse, Kamal",,Complete authoritative author list matches all previously listed authors; restore omitted authors in source order.
TrainingaHelpfulandH606,,"Askell, Amanda",corrected,Publication page author metadata,https://arxiv.org/abs/2204.05862,"Askell, Amanda",,Complete authoritative author list matches all previously listed authors; restore omitted authors in source order.
TrainingaHelpfulandH606,,"Chen, Anna",corrected,Publication page author metadata,https://arxiv.org/abs/2204.05862,"Chen, Anna",,Complete authoritative author list matches all previously listed authors; restore omitted authors in source order.
TrainingaHelpfulandH606,,"DasSarma, Nova",corrected,Publication page author metadata,https://arxiv.org/abs/2204.05862,"DasSarma, Nova",,Complete authoritative author list matches all previously listed authors; restore omitted authors in source order.
TrainingaHelpfulandH606,,"Drain, Dawn",corrected,Publication page author metadata,https://arxiv.org/abs/2204.05862,"Drain, Dawn",,Complete authoritative author list matches all previously listed authors; restore omitted authors in source order.
TrainingaHelpfulandH606,,"Fort, Stanislav",corrected,Publication page author metadata,https://arxiv.org/abs/2204.05862,"Fort, Stanislav",,Complete authoritative author list matches all previously listed authors; restore omitted authors in source order.
TrainingaHelpfulandH606,,"Ganguli, Deep",corrected,Publication page author metadata,https://arxiv.org/abs/2204.05862,"Ganguli, Deep",,Complete authoritative author list matches all previously listed authors; restore omitted authors in source order.
TrainingaHelpfulandH606,,"Henighan, Tom",corrected,Publication page author metadata,https://arxiv.org/abs/2204.05862,"Henighan, Tom",,Complete authoritative author list matches all previously listed authors; restore omitted authors in source order.
TrainingaHelpfulandH606,,"Joseph, Nicholas",corrected,Publication page author metadata,https://arxiv.org/abs/2204.05862,"Joseph, Nicholas",,Complete authoritative author list matches all previously listed authors; restore omitted authors in source order.
TrainingaHelpfulandH606,,"Kadavath, Saurav",corrected,Publication page author metadata,https://arxiv.org/abs/2204.05862,"Kadavath, Saurav",,Complete authoritative author list matches all previously listed authors; restore omitted authors in source order.
TrainingaHelpfulandH606,,"Kernion, Jackson",corrected,Publication page author metadata,https://arxiv.org/abs/2204.05862,"Kernion, Jackson",,Complete authoritative author list matches all previously listed authors; restore omitted authors in source order.
TrainingaHelpfulandH606,,"Conerly, Tom",corrected,Publication page author metadata,https://arxiv.org/abs/2204.05862,"Conerly, Tom",,Complete authoritative author list matches all previously listed authors; restore omitted authors in source order.
TrainingaHelpfulandH606,,"El-Showk, Sheer",corrected,Publication page author metadata,https://arxiv.org/abs/2204.05862,"El-Showk, Sheer",,Complete authoritative author list matches all previously listed authors; restore omitted authors in source order.
TrainingaHelpfulandH606,,"Elhage, Nelson",corrected,Publication page author metadata,https://arxiv.org/abs/2204.05862,"Elhage, Nelson",,Complete authoritative author list matches all previously listed authors; restore omitted authors in source order.
TrainingaHelpfulandH606,,"Hatfield-Dodds, Zac",corrected,Publication page author metadata,https://arxiv.org/abs/2204.05862,"Hatfield-Dodds, Zac",,Complete authoritative author list matches all previously listed authors; restore omitted authors in source order.
TrainingaHelpfulandH606,,"Hernandez, Danny",corrected,Publication page author metadata,https://arxiv.org/abs/2204.05862,"Hernandez, Danny",,Complete authoritative author list matches all previously listed authors; restore omitted authors in source order.
TrainingaHelpfulandH606,,"Hume, Tristan",corrected,Publication page author metadata,https://arxiv.org/abs/2204.05862,"Hume, Tristan",,Complete authoritative author list matches all previously listed authors; restore omitted authors in source order.
TrainingaHelpfulandH606,,"Johnston, Scott",corrected,Publication page author metadata,https://arxiv.org/abs/2204.05862,"Johnston, Scott",,Complete authoritative author list matches all previously listed authors; restore omitted authors in source order.
TrainingaHelpfulandH606,,"Kravec, Shauna",corrected,Publication page author metadata,https://arxiv.org/abs/2204.05862,"Kravec, Shauna",,Complete authoritative author list matches all previously listed authors; restore omitted authors in source order.
TrainingaHelpfulandH606,,"Lovitt, Liane",corrected,Publication page author metadata,https://arxiv.org/abs/2204.05862,"Lovitt, Liane",,Complete authoritative author list matches all previously listed authors; restore omitted authors in source order.
TrainingaHelpfulandH606,,"Nanda, Neel",corrected,Publication page author metadata,https://arxiv.org/abs/2204.05862,"Nanda, Neel",,Complete authoritative author list matches all previously listed authors; restore omitted authors in source order.
TrainingaHelpfulandH606,,"Olsson, Catherine",corrected,Publication page author metadata,https://arxiv.org/abs/2204.05862,"Olsson, Catherine",,Complete authoritative author list matches all previously listed authors; restore omitted authors in source order.
TrainingaHelpfulandH606,,"Amodei, Dario",corrected,Publication page author metadata,https://arxiv.org/abs/2204.05862,"Amodei, Dario",,Complete authoritative author list matches all previously listed authors; restore omitted authors in source order.
TrainingaHelpfulandH606,,"Brown, Tom",corrected,Publication page author metadata,https://arxiv.org/abs/2204.05862,"Brown, Tom",,Complete authoritative author list matches all previously listed authors; restore omitted authors in source order.
TrainingaHelpfulandH606,,"Clark, Jack",corrected,Publication page author metadata,https://arxiv.org/abs/2204.05862,"Clark, Jack",,Complete authoritative author list matches all previously listed authors; restore omitted authors in source order.
TrainingaHelpfulandH606,,"McCandlish, Sam",corrected,Publication page author metadata,https://arxiv.org/abs/2204.05862,"McCandlish, Sam",,Complete authoritative author list matches all previously listed authors; restore omitted authors in source order.
TrainingaHelpfulandH606,,"Olah, Chris",corrected,Publication page author metadata,https://arxiv.org/abs/2204.05862,"Olah, Chris",,Complete authoritative author list matches all previously listed authors; restore omitted authors in source order.
TrainingaHelpfulandH606,,"Mann, Ben",corrected,Publication page author metadata,https://arxiv.org/abs/2204.05862,"Mann, Ben",,Complete authoritative author list matches all previously listed authors; restore omitted authors in source order.
TrainingaHelpfulandH606,,"Kaplan, Jared",corrected,Publication page author metadata,https://arxiv.org/abs/2204.05862,"Kaplan, Jared",,Complete authoritative author list matches all previously listed authors; restore omitted authors in source order.
TreeofAttacksJailbre607,"Mehrotra, Anay","Mehrotra, Anay",confirmed,Publication page author metadata,https://arxiv.org/abs/2312.02119,"Mehrotra, Anay",,Name matches an author of the externally matched publication; initial differences are compatible.
TreeofAttacksJailbre607,"Zampetakis, Manolis","Zampetakis, Manolis",confirmed,Publication page author metadata,https://arxiv.org/abs/2312.02119,"Zampetakis, Manolis",,Name matches an author of the externally matched publication; initial differences are compatible.
TreeofAttacksJailbre607,"Kassianik, Paul","Kassianik, Paul",confirmed,Publication page author metadata,https://arxiv.org/abs/2312.02119,"Kassianik, Paul",,Name matches an author of the externally matched publication; initial differences are compatible.
TreeofAttacksJailbre607,"Nelson, Blaine","Nelson, Blaine",confirmed,Publication page author metadata,https://arxiv.org/abs/2312.02119,"Nelson, Blaine",,Name matches an author of the externally matched publication; initial differences are compatible.
TreeofAttacksJailbre607,"Anderson, Hyrum","Anderson, Hyrum",confirmed,Publication page author metadata,https://arxiv.org/abs/2312.02119,"Anderson, Hyrum",,Name matches an author of the externally matched publication; initial differences are compatible.
TreeofAttacksJailbre607,"Singer, Yaron","Singer, Yaron",confirmed,Publication page author metadata,https://arxiv.org/abs/2312.02119,"Singer, Yaron",,Name matches an author of the externally matched publication; initial differences are compatible.
TreeofAttacksJailbre607,"Karbasi, Amin","Karbasi, Amin",confirmed,Publication page author metadata,https://arxiv.org/abs/2312.02119,"Karbasi, Amin",,Name matches an author of the externally matched publication; initial differences are compatible.
TreeVisualizationwit608,"Shneiderman, Ben","Shneiderman, Ben",confirmed,Publisher-deposited DOI author list,https://api.crossref.org/works/10.1145%2F102377.115768,"Shneiderman, Ben",,Name matches an author of the externally matched publication; initial differences are compatible.
Trustattitudesanduse609,"Gillespie, Nicole","Gillespie, Nicole",unverified,,,,,No sufficient publication-specific author evidence found.
Trustattitudesanduse609,"Lockey, Steven","Lockey, Steven",unverified,,,,,No sufficient publication-specific author evidence found.
Trustattitudesanduse609,"Ward, Tabi","Ward, Tabi",unverified,,,,,No sufficient publication-specific author evidence found.
Trustattitudesanduse609,"Macdade, Alexandria","Macdade, Alexandria",unverified,,,,,No sufficient publication-specific author evidence found.
Trustattitudesanduse609,"Hassed, Gerard","Hassed, Gerard",unverified,,,,,No sufficient publication-specific author evidence found.
TrustedAIBlogSeries610,{Adversa.ai},{Adversa.ai},unverified,,,,,No sufficient publication-specific author evidence found.
TrustworthinessVocab611,{ISO},{ISO},unverified,,,,,No sufficient publication-specific author evidence found.
TruthfulQAMeasuringH612,"Lin, Stephanie","Lin, Stephanie",confirmed,Publication opening-page author block,https://aclanthology.org/2022.acl-long.229.pdf,,,Full given name and surname occur together in the matched publication author block.
TruthfulQAMeasuringH612,"Hilton, Jacob","Hilton, Jacob",confirmed,Publication opening-page author block,https://aclanthology.org/2022.acl-long.229.pdf,,,Full given name and surname occur together in the matched publication author block.
TruthfulQAMeasuringH612,"Evans, Owain","Evans, Owain",confirmed,Publication opening-page author block,https://aclanthology.org/2022.acl-long.229.pdf,,,Full given name and surname occur together in the matched publication author block.
Tutorial21FairnessDe613,"Narayanan, Arvind","Narayanan, Arvind",unverified,,,,,No sufficient publication-specific author evidence found.
TwoContrastingDataAn614,"R{\""o}ttger, Paul","R{\""o}ttger, Paul",confirmed,Publication page author metadata,https://aclanthology.org/2022.naacl-main.13/,"Röttger, Paul",,Name matches an author of the externally matched publication; initial differences are compatible.
TwoContrastingDataAn614,"Vidgen, Bertie","Vidgen, Bertie",confirmed,Publication page author metadata,https://aclanthology.org/2022.naacl-main.13/,"Vidgen, Bertie",,Name matches an author of the externally matched publication; initial differences are compatible.
TwoContrastingDataAn614,"Hovy, Dirk","Hovy, Dirk",confirmed,Publication page author metadata,https://aclanthology.org/2022.naacl-main.13/,"Hovy, Dirk",,Name matches an author of the externally matched publication; initial differences are compatible.
TwoContrastingDataAn614,"Pierrehumbert, Janet","Pierrehumbert, Janet",confirmed,Publication page author metadata,https://aclanthology.org/2022.naacl-main.13/,"Pierrehumbert, Janet",,Name matches an author of the externally matched publication; initial differences are compatible.
USWorkersAreMoreWorr615,"Parker, Luona Lin","Parker, Luona Lin",unverified,,,,,No sufficient publication-specific author evidence found.
USWorkersAreMoreWorr615,Kim,Kim,unverified,,,,,No sufficient publication-specific author evidence found.
UCIMachineLearningRe616,"Lichman, M.","Lichman, M.",unverified,,,,,No sufficient publication-specific author evidence found.
UndergraduateIntrodu617,"Van Engelen, Debra L.","Van Engelen, Debra L.",confirmed,Publisher-deposited DOI author list,https://api.crossref.org/works/10.1021%2Fed084p128,"Van Engelen, Debra L.",,Name matches an author of the externally matched publication; initial differences are compatible.
UndergraduateIntrodu617,"Suljak, Steven W.","Suljak, Steven W.",confirmed,Publisher-deposited DOI author list,https://api.crossref.org/works/10.1021%2Fed084p128,"Suljak, Steven W.",,Name matches an author of the externally matched publication; initial differences are compatible.
UndergraduateIntrodu617,"Hall, Patrick","Hall, Patrick",normalized_by_user,User-approved canonical name,Explicit user normalization of Patrick Hall,,,"Retain the user-approved Hall, Patrick normalization and black marking."
UndergraduateIntrodu617,"Holmes, Bert E.","Holmes, Bert E.",confirmed,Publisher-deposited DOI author list,https://api.crossref.org/works/10.1021%2Fed084p128,"Holmes, Bert E.",,Name matches an author of the externally matched publication; initial differences are compatible.
Underspecificationpr618,"D'Amour, A.","D'Amour, Alexander",corrected,Publication page author metadata,https://arxiv.org/abs/2011.03395,"D'Amour, Alexander",,Complete authoritative author list matches all previously listed authors; restore omitted authors in source order.
Underspecificationpr618,,"Heller, Katherine",corrected,Publication page author metadata,https://arxiv.org/abs/2011.03395,"Heller, Katherine",,Complete authoritative author list matches all previously listed authors; restore omitted authors in source order.
Underspecificationpr618,,"Moldovan, Dan",corrected,Publication page author metadata,https://arxiv.org/abs/2011.03395,"Moldovan, Dan",,Complete authoritative author list matches all previously listed authors; restore omitted authors in source order.
Underspecificationpr618,,"Adlam, Ben",corrected,Publication page author metadata,https://arxiv.org/abs/2011.03395,"Adlam, Ben",,Complete authoritative author list matches all previously listed authors; restore omitted authors in source order.
Underspecificationpr618,,"Alipanahi, Babak",corrected,Publication page author metadata,https://arxiv.org/abs/2011.03395,"Alipanahi, Babak",,Complete authoritative author list matches all previously listed authors; restore omitted authors in source order.
Underspecificationpr618,,"Beutel, Alex",corrected,Publication page author metadata,https://arxiv.org/abs/2011.03395,"Beutel, Alex",,Complete authoritative author list matches all previously listed authors; restore omitted authors in source order.
Underspecificationpr618,,"Chen, Christina",corrected,Publication page author metadata,https://arxiv.org/abs/2011.03395,"Chen, Christina",,Complete authoritative author list matches all previously listed authors; restore omitted authors in source order.
Underspecificationpr618,,"Deaton, Jonathan",corrected,Publication page author metadata,https://arxiv.org/abs/2011.03395,"Deaton, Jonathan",,Complete authoritative author list matches all previously listed authors; restore omitted authors in source order.
Underspecificationpr618,,"Eisenstein, Jacob",corrected,Publication page author metadata,https://arxiv.org/abs/2011.03395,"Eisenstein, Jacob",,Complete authoritative author list matches all previously listed authors; restore omitted authors in source order.
Underspecificationpr618,,"Hoffman, Matthew D.",corrected,Publication page author metadata,https://arxiv.org/abs/2011.03395,"Hoffman, Matthew D.",,Complete authoritative author list matches all previously listed authors; restore omitted authors in source order.
Underspecificationpr618,,"Hormozdiari, Farhad",corrected,Publication page author metadata,https://arxiv.org/abs/2011.03395,"Hormozdiari, Farhad",,Complete authoritative author list matches all previously listed authors; restore omitted authors in source order.
Underspecificationpr618,,"Houlsby, Neil",corrected,Publication page author metadata,https://arxiv.org/abs/2011.03395,"Houlsby, Neil",,Complete authoritative author list matches all previously listed authors; restore omitted authors in source order.
Underspecificationpr618,,"Hou, Shaobo",corrected,Publication page author metadata,https://arxiv.org/abs/2011.03395,"Hou, Shaobo",,Complete authoritative author list matches all previously listed authors; restore omitted authors in source order.
Underspecificationpr618,,"Jerfel, Ghassen",corrected,Publication page author metadata,https://arxiv.org/abs/2011.03395,"Jerfel, Ghassen",,Complete authoritative author list matches all previously listed authors; restore omitted authors in source order.
Underspecificationpr618,,"Karthikesalingam, Alan",corrected,Publication page author metadata,https://arxiv.org/abs/2011.03395,"Karthikesalingam, Alan",,Complete authoritative author list matches all previously listed authors; restore omitted authors in source order.
Underspecificationpr618,,"Lucic, Mario",corrected,Publication page author metadata,https://arxiv.org/abs/2011.03395,"Lucic, Mario",,Complete authoritative author list matches all previously listed authors; restore omitted authors in source order.
Underspecificationpr618,,"Ma, Yian",corrected,Publication page author metadata,https://arxiv.org/abs/2011.03395,"Ma, Yian",,Complete authoritative author list matches all previously listed authors; restore omitted authors in source order.
Underspecificationpr618,,"McLean, Cory",corrected,Publication page author metadata,https://arxiv.org/abs/2011.03395,"McLean, Cory",,Complete authoritative author list matches all previously listed authors; restore omitted authors in source order.
Underspecificationpr618,,"Mincu, Diana",corrected,Publication page author metadata,https://arxiv.org/abs/2011.03395,"Mincu, Diana",,Complete authoritative author list matches all previously listed authors; restore omitted authors in source order.
Underspecificationpr618,,"Mitani, Akinori",corrected,Publication page author metadata,https://arxiv.org/abs/2011.03395,"Mitani, Akinori",,Complete authoritative author list matches all previously listed authors; restore omitted authors in source order.
Underspecificationpr618,,"Montanari, Andrea",corrected,Publication page author metadata,https://arxiv.org/abs/2011.03395,"Montanari, Andrea",,Complete authoritative author list matches all previously listed authors; restore omitted authors in source order.
Underspecificationpr618,,"Nado, Zachary",corrected,Publication page author metadata,https://arxiv.org/abs/2011.03395,"Nado, Zachary",,Complete authoritative author list matches all previously listed authors; restore omitted authors in source order.
Underspecificationpr618,,"Natarajan, Vivek",corrected,Publication page author metadata,https://arxiv.org/abs/2011.03395,"Natarajan, Vivek",,Complete authoritative author list matches all previously listed authors; restore omitted authors in source order.
Underspecificationpr618,,"Nielson, Christopher",corrected,Publication page author metadata,https://arxiv.org/abs/2011.03395,"Nielson, Christopher",,Complete authoritative author list matches all previously listed authors; restore omitted authors in source order.
Underspecificationpr618,,"Osborne, Thomas F.",corrected,Publication page author metadata,https://arxiv.org/abs/2011.03395,"Osborne, Thomas F.",,Complete authoritative author list matches all previously listed authors; restore omitted authors in source order.
Underspecificationpr618,,"Raman, Rajiv",corrected,Publication page author metadata,https://arxiv.org/abs/2011.03395,"Raman, Rajiv",,Complete authoritative author list matches all previously listed authors; restore omitted authors in source order.
Underspecificationpr618,,"Ramasamy, Kim",corrected,Publication page author metadata,https://arxiv.org/abs/2011.03395,"Ramasamy, Kim",,Complete authoritative author list matches all previously listed authors; restore omitted authors in source order.
Underspecificationpr618,,"Sayres, Rory",corrected,Publication page author metadata,https://arxiv.org/abs/2011.03395,"Sayres, Rory",,Complete authoritative author list matches all previously listed authors; restore omitted authors in source order.
Underspecificationpr618,,"Schrouff, Jessica",corrected,Publication page author metadata,https://arxiv.org/abs/2011.03395,"Schrouff, Jessica",,Complete authoritative author list matches all previously listed authors; restore omitted authors in source order.
Underspecificationpr618,,"Seneviratne, Martin",corrected,Publication page author metadata,https://arxiv.org/abs/2011.03395,"Seneviratne, Martin",,Complete authoritative author list matches all previously listed authors; restore omitted authors in source order.
Underspecificationpr618,,"Sequeira, Shannon",corrected,Publication page author metadata,https://arxiv.org/abs/2011.03395,"Sequeira, Shannon",,Complete authoritative author list matches all previously listed authors; restore omitted authors in source order.
Underspecificationpr618,,"Suresh, Harini",corrected,Publication page author metadata,https://arxiv.org/abs/2011.03395,"Suresh, Harini",,Complete authoritative author list matches all previously listed authors; restore omitted authors in source order.
Underspecificationpr618,,"Veitch, Victor",corrected,Publication page author metadata,https://arxiv.org/abs/2011.03395,"Veitch, Victor",,Complete authoritative author list matches all previously listed authors; restore omitted authors in source order.
Underspecificationpr618,,"Vladymyrov, Max",corrected,Publication page author metadata,https://arxiv.org/abs/2011.03395,"Vladymyrov, Max",,Complete authoritative author list matches all previously listed authors; restore omitted authors in source order.
Underspecificationpr618,,"Wang, Xuezhi",corrected,Publication page author metadata,https://arxiv.org/abs/2011.03395,"Wang, Xuezhi",,Complete authoritative author list matches all previously listed authors; restore omitted authors in source order.
Underspecificationpr618,,"Webster, Kellie",corrected,Publication page author metadata,https://arxiv.org/abs/2011.03395,"Webster, Kellie",,Complete authoritative author list matches all previously listed authors; restore omitted authors in source order.
Underspecificationpr618,,"Yadlowsky, Steve",corrected,Publication page author metadata,https://arxiv.org/abs/2011.03395,"Yadlowsky, Steve",,Complete authoritative author list matches all previously listed authors; restore omitted authors in source order.
Underspecificationpr618,,"Yun, Taedong",corrected,Publication page author metadata,https://arxiv.org/abs/2011.03395,"Yun, Taedong",,Complete authoritative author list matches all previously listed authors; restore omitted authors in source order.
Underspecificationpr618,,"Zhai, Xiaohua",corrected,Publication page author metadata,https://arxiv.org/abs/2011.03395,"Zhai, Xiaohua",,Complete authoritative author list matches all previously listed authors; restore omitted authors in source order.
Underspecificationpr618,,"Sculley, D.",corrected,Publication page author metadata,https://arxiv.org/abs/2011.03395,"Sculley, D.",,Complete authoritative author list matches all previously listed authors; restore omitted authors in source order.
Unifiedmodelof1Dpuls619,"Maloney, T. J.","Maloney, Timothy J.",corrected,Publisher-deposited DOI author list,https://api.crossref.org/works/10.1109%2FEOSESD.2016.7592562,"Maloney, Timothy J.",,Name matches an author of the externally matched publication; initial differences are compatible.
UsingH2ODriverlessAI620,"Hall, Patrick","Hall, Patrick",confirmed,Publication opening-page author block,https://docs.h2o.ai/driverless-ai/latest-lts/docs/booklets/DriverlessAIBooklet.pdf,,,Full given name and surname occur together in the matched publication author block.
UsingH2ODriverlessAI620,"Kurka, Megan","Kurka, Megan",confirmed,Publication opening-page author block,https://docs.h2o.ai/driverless-ai/latest-lts/docs/booklets/DriverlessAIBooklet.pdf,,,Full given name and surname occur together in the matched publication author block.
UsingH2ODriverlessAI620,"Bartz, Angela","Bartz, Angela",confirmed,Publication opening-page author block,https://docs.h2o.ai/driverless-ai/latest-lts/docs/booklets/DriverlessAIBooklet.pdf,,,Full given name and surname occur together in the matched publication author block.
Usingpubliclyavailab621,{CFPB},{CFPB},unverified,,,,,No sufficient publication-specific author evidence found.
VADERAParsimoniousRu622,"Hutto, Clayton","Hutto, Clayton",confirmed,Publisher-deposited DOI author list,https://api.crossref.org/works/10.1609%2Ficwsm.v8i1.14550,"Hutto, C.",,Name matches an author of the externally matched publication; initial differences are compatible.
VADERAParsimoniousRu622,"Gilbert, Eric","Gilbert, Eric",confirmed,Publisher-deposited DOI author list,https://api.crossref.org/works/10.1609%2Ficwsm.v8i1.14550,"Gilbert, Eric",,Name matches an author of the externally matched publication; initial differences are compatible.
Validity623,"Messick, Samuel","Messick, Samuel",confirmed,Publisher-deposited DOI author list,https://api.crossref.org/works/10.1002%2Fj.2330-8516.1987.tb00244.x,"Messick, Samuel",,Name matches an author of the externally matched publication; initial differences are compatible.
ValueSensitiveDesign624,"Friedman, Batya","Friedman, Batya",confirmed,Publication opening-page author block,https://research.cs.vt.edu/ns/cs5724papers/6.theoriesofuse.cwaandvsd.friedman.vsd.pdf,,,Full given name and surname occur together in the matched publication author block.
ValueSensitiveDesign624,"Kahn, Peter","Kahn, Peter",confirmed,Publication opening-page author block,https://research.cs.vt.edu/ns/cs5724papers/6.theoriesofuse.cwaandvsd.friedman.vsd.pdf,,,Full given name and surname occur together in the matched publication author block.
ValueSensitiveDesign624,"Borning, Alan","Borning, Alan",confirmed,Publication opening-page author block,https://research.cs.vt.edu/ns/cs5724papers/6.theoriesofuse.cwaandvsd.friedman.vsd.pdf,,,Full given name and surname occur together in the matched publication author block.
VariableGeneralizati625,"Zech, John R.","Zech, John R.",confirmed,Publication page author metadata,https://journals.plos.org/plosmedicine/article?id=10.1371%2Fjournal.pmed.1002683,"Zech, John R.",,Name matches an author of the externally matched publication; initial differences are compatible.
VariableGeneralizati625,"Badgeley, Marcus A.","Badgeley, Marcus A.",confirmed,Publication page author metadata,https://journals.plos.org/plosmedicine/article?id=10.1371%2Fjournal.pmed.1002683,"Badgeley, Marcus A.",,Name matches an author of the externally matched publication; initial differences are compatible.
VariableGeneralizati625,"Liu, Manway","Liu, Manway",confirmed,Publication page author metadata,https://journals.plos.org/plosmedicine/article?id=10.1371%2Fjournal.pmed.1002683,"Liu, Manway",,Name matches an author of the externally matched publication; initial differences are compatible.
VariableGeneralizati625,"Costa, Anthony B.","Costa, Anthony B.",confirmed,Publication page author metadata,https://journals.plos.org/plosmedicine/article?id=10.1371%2Fjournal.pmed.1002683,"Costa, Anthony B.",,Name matches an author of the externally matched publication; initial differences are compatible.
VariableGeneralizati625,"Titano, Joseph J.","Titano, Joseph J.",confirmed,Publication page author metadata,https://journals.plos.org/plosmedicine/article?id=10.1371%2Fjournal.pmed.1002683,"Titano, Joseph J.",,Name matches an author of the externally matched publication; initial differences are compatible.
VariableGeneralizati625,"Oermann, Eric Karl","Oermann, Eric Karl",confirmed,Publication page author metadata,https://journals.plos.org/plosmedicine/article?id=10.1371%2Fjournal.pmed.1002683,"Oermann, Eric Karl",,Name matches an author of the externally matched publication; initial differences are compatible.
VerifiableReinforcem626,"Bastani, Osbert","Bastani, Osbert",confirmed,Publication opening-page author block,https://proceedings.neurips.cc/paper_files/paper/2018/file/e6d8545daa42d5ced125a4bf747b3688-Paper.pdf,,,Full given name and surname occur together in the matched publication author block.
VerifiableReinforcem626,"Pu, Yewen","Pu, Yewen",confirmed,Publication opening-page author block,https://proceedings.neurips.cc/paper_files/paper/2018/file/e6d8545daa42d5ced125a4bf747b3688-Paper.pdf,,,Full given name and surname occur together in the matched publication author block.
VerifiableReinforcem626,"Solar-Lezama, Armando","Solar-Lezama, Armando",confirmed,Publication opening-page author block,https://proceedings.neurips.cc/paper_files/paper/2018/file/e6d8545daa42d5ced125a4bf747b3688-Paper.pdf,,,Full given name and surname occur together in the matched publication author block.
VeryDeepConvolutiona627,"Simonyan, Karen","Simonyan, Karen",confirmed,Publication page author metadata,https://arxiv.org/abs/1409.1556,"Simonyan, Karen",,Name matches an author of the externally matched publication; initial differences are compatible.
VeryDeepConvolutiona627,"Zisserman, Andrew","Zisserman, Andrew",confirmed,Publication page author metadata,https://arxiv.org/abs/1409.1556,"Zisserman, Andrew",,Name matches an author of the externally matched publication; initial differences are compatible.
VisualizingBigDataOu628,"Wilkinson, Leland","Wilkinson, Leland",confirmed,Publisher-deposited DOI author list,https://api.crossref.org/works/10.1109%2Ftvcg.2017.2744685,"Wilkinson, Leland",,Name matches an author of the externally matched publication; initial differences are compatible.
VisualizingtheEffect629,"Apley, Daniel W.","Apley, Daniel W.",confirmed,Publication page author metadata,https://arxiv.org/abs/1612.08468,"Apley, Daniel W.",,Name matches an author of the externally matched publication; initial differences are compatible.
WarningSignsPrivacya630,"Stalla-Bourdillon, Sophie","Stalla-Bourdillon, Sophie",confirmed,Publication opening-page author block,https://fpf.org/wp-content/uploads/2019/09/FPF_WarningSigns_Report.pdf,,,Full given name and surname occur together in the matched publication author block.
WarningSignsPrivacya630,"Leong, Brenda","Leong, Brenda",confirmed,Publication opening-page author block,https://fpf.org/wp-content/uploads/2019/09/FPF_WarningSigns_Report.pdf,,,Full given name and surname occur together in the matched publication author block.
WarningSignsPrivacya630,"Hall, Patrick","Hall, Patrick",confirmed,Publication opening-page author block,https://fpf.org/wp-content/uploads/2019/09/FPF_WarningSigns_Report.pdf,,,Full given name and surname occur together in the matched publication author block.
WarningSignsPrivacya630,"Burt, Andrew","Burt, Andrew",confirmed,Publication opening-page author block,https://fpf.org/wp-content/uploads/2019/09/FPF_WarningSigns_Report.pdf,,,Full given name and surname occur together in the matched publication author block.
WhattoDoWhenAIFails631,"Burt, Andrew","Burt, Andrew",confirmed,Publication page author metadata,https://www.oreilly.com/radar/what-to-do-when-ai-fails/,"Burt, Andrew",,Name matches an author of the externally matched publication; initial differences are compatible.
WhattoDoWhenAIFails631,"Hall, Patrick","Hall, Patrick",confirmed,Publication page author metadata,https://www.oreilly.com/radar/what-to-do-when-ai-fails/,"Hall, Patrick",,Name matches an author of the externally matched publication; initial differences are compatible.
WhatWeLearnedAuditin632,"Hall, Patrick","Hall, Patrick",confirmed,Publication page author metadata,https://www.oreilly.com/radar/what-we-learned-auditing-sophisticated-ai-for-bias/,"Hall, Patrick",,Name matches an author of the externally matched publication; initial differences are compatible.
WhentestingAItestsus633,"Pendse, Sachin R.","Pendse, Sachin R.",confirmed,Publication page author metadata,https://arxiv.org/abs/2504.20910,"Pendse, Sachin R.",,Name matches an author of the externally matched publication; initial differences are compatible.
WhentestingAItestsus633,"Gergle, Darren","Gergle, Darren",confirmed,Publication page author metadata,https://arxiv.org/abs/2504.20910,"Gergle, Darren",,Name matches an author of the externally matched publication; initial differences are compatible.
WhentestingAItestsus633,"Kornfield, Rachel","Kornfield, Rachel",confirmed,Publication page author metadata,https://arxiv.org/abs/2504.20910,"Kornfield, Rachel",,Name matches an author of the externally matched publication; initial differences are compatible.
WhentestingAItestsus633,"Meyerhoff, Jonah","Meyerhoff, Jonah",confirmed,Publication page author metadata,https://arxiv.org/abs/2504.20910,"Meyerhoff, Jonah",,Name matches an author of the externally matched publication; initial differences are compatible.
WhentestingAItestsus633,"Mohr, David","Mohr, David",confirmed,Publication page author metadata,https://arxiv.org/abs/2504.20910,"Mohr, David",,Name matches an author of the externally matched publication; initial differences are compatible.
WhentestingAItestsus633,"Suh, Jina","Suh, Jina",confirmed,Publication page author metadata,https://arxiv.org/abs/2504.20910,"Suh, Jina",,Name matches an author of the externally matched publication; initial differences are compatible.
WhentestingAItestsus633,"Wescott, Annie","Wescott, Annie",confirmed,Publication page author metadata,https://arxiv.org/abs/2504.20910,"Wescott, Annie",,Name matches an author of the externally matched publication; initial differences are compatible.
WhentestingAItestsus633,"Williams, Casey","Williams, Casey",confirmed,Publication page author metadata,https://arxiv.org/abs/2504.20910,"Williams, Casey",,Name matches an author of the externally matched publication; initial differences are compatible.
WhentestingAItestsus633,"Schleider, Jessica","Schleider, Jessica",confirmed,Publication page author metadata,https://arxiv.org/abs/2504.20910,"Schleider, Jessica",,Name matches an author of the externally matched publication; initial differences are compatible.
WhichEconomicTasksar634,"Handa, Kunal","Handa, Kunal",confirmed,Publication page author metadata,https://arxiv.org/abs/2503.04761,"Handa, Kunal",,Name matches an author of the externally matched publication; initial differences are compatible.
WhichEconomicTasksar634,"Tamkin, Alex","Tamkin, Alex",confirmed,Publication page author metadata,https://arxiv.org/abs/2503.04761,"Tamkin, Alex",,Name matches an author of the externally matched publication; initial differences are compatible.
WhichEconomicTasksar634,"McCain, Miles","McCain, Miles",confirmed,Publication page author metadata,https://arxiv.org/abs/2503.04761,"McCain, Miles",,Name matches an author of the externally matched publication; initial differences are compatible.
WhichEconomicTasksar634,"Huang, Saffron","Huang, Saffron",confirmed,Publication page author metadata,https://arxiv.org/abs/2503.04761,"Huang, Saffron",,Name matches an author of the externally matched publication; initial differences are compatible.
WhichEconomicTasksar634,"Durmus, Esin","Durmus, Esin",confirmed,Publication page author metadata,https://arxiv.org/abs/2503.04761,"Durmus, Esin",,Name matches an author of the externally matched publication; initial differences are compatible.
WhichEconomicTasksar634,"Heck, Sarah","Heck, Sarah",confirmed,Publication page author metadata,https://arxiv.org/abs/2503.04761,"Heck, Sarah",,Name matches an author of the externally matched publication; initial differences are compatible.
WhichEconomicTasksar634,"Mueller, Jared","Mueller, Jared",confirmed,Publication page author metadata,https://arxiv.org/abs/2503.04761,"Mueller, Jared",,Name matches an author of the externally matched publication; initial differences are compatible.
WhichEconomicTasksar634,"Hong, Jerry","Hong, Jerry",confirmed,Publication page author metadata,https://arxiv.org/abs/2503.04761,"Hong, Jerry",,Name matches an author of the externally matched publication; initial differences are compatible.
WhichEconomicTasksar634,"Ritchie, Stuart","Ritchie, Stuart",confirmed,Publication page author metadata,https://arxiv.org/abs/2503.04761,"Ritchie, Stuart",,Name matches an author of the externally matched publication; initial differences are compatible.
WhichEconomicTasksar634,"Belonax, Tim","Belonax, Tim",confirmed,Publication page author metadata,https://arxiv.org/abs/2503.04761,"Belonax, Tim",,Name matches an author of the externally matched publication; initial differences are compatible.
WhichEconomicTasksar634,"Troy, Kevin K.","Troy, Kevin K.",confirmed,Publication page author metadata,https://arxiv.org/abs/2503.04761,"Troy, Kevin K.",,Name matches an author of the externally matched publication; initial differences are compatible.
WhichEconomicTasksar634,"Amodei, Dario","Amodei, Dario",confirmed,Publication page author metadata,https://arxiv.org/abs/2503.04761,"Amodei, Dario",,Name matches an author of the externally matched publication; initial differences are compatible.
WhichEconomicTasksar634,"Kaplan, Jared","Kaplan, Jared",confirmed,Publication page author metadata,https://arxiv.org/abs/2503.04761,"Kaplan, Jared",,Name matches an author of the externally matched publication; initial differences are compatible.
WhichEconomicTasksar634,"Clark, Jack","Clark, Jack",confirmed,Publication page author metadata,https://arxiv.org/abs/2503.04761,"Clark, Jack",,Name matches an author of the externally matched publication; initial differences are compatible.
WhichEconomicTasksar634,"Ganguli, Deep","Ganguli, Deep",confirmed,Publication page author metadata,https://arxiv.org/abs/2503.04761,"Ganguli, Deep",,Name matches an author of the externally matched publication; initial differences are compatible.
WhichHumans635,"Atari, Mohammad","Atari, Mohammad",unverified,,,,,No sufficient publication-specific author evidence found.
WhichHumans635,"Xue, Mona J.","Xue, Mona J.",unverified,,,,,No sufficient publication-specific author evidence found.
WhichHumans635,"Park, Peter S.","Park, Peter S.",unverified,,,,,No sufficient publication-specific author evidence found.
WhichHumans635,"Blasi, Dami{\'a}n E.","Blasi, Dami{\'a}n E.",unverified,,,,,No sufficient publication-specific author evidence found.
WhichHumans635,"Henrich, Joseph","Henrich, Joseph",unverified,,,,,No sufficient publication-specific author evidence found.
WhitepaperProgrammin636,"Behrends, R.","Behrends, R.",unverified,,,,,No sufficient publication-specific author evidence found.
WhitepaperProgrammin636,"Dillon, L. K.","Dillon, L. K.",unverified,,,,,No sufficient publication-specific author evidence found.
WhitepaperProgrammin636,"Fleming, S. D.","Fleming, S. D.",unverified,,,,,No sufficient publication-specific author evidence found.
WhitepaperProgrammin636,"Stirewalt, R. E. K.","Stirewalt, R. E. K.",unverified,,,,,No sufficient publication-specific author evidence found.
WhyshouldItrustyouEx637,"Ribeiro, Marco Tulio","Ribeiro, Marco Tulio",confirmed,Publication opening-page author block,https://www.kdd.org/kdd2016/papers/files/rfp0573-ribeiroA.pdf,,,Full given name and surname occur together in the matched publication author block.
WhyshouldItrustyouEx637,"Singh, Sameer","Singh, Sameer",confirmed,Publication opening-page author block,https://www.kdd.org/kdd2016/papers/files/rfp0573-ribeiroA.pdf,,,Full given name and surname occur together in the matched publication author block.
WhyshouldItrustyouEx637,"Guestrin, Carlos","Guestrin, Carlos",confirmed,Publication opening-page author block,https://www.kdd.org/kdd2016/papers/files/rfp0573-ribeiroA.pdf,,,Full given name and surname occur together in the matched publication author block.
WhyweneedtoknowmoreE638,"Turri, Violet","Turri, Violet",confirmed,Publisher-deposited DOI author list,https://api.crossref.org/works/10.1145%2F3600211.3604700,"Turri, Violet",https://orcid.org/0009-0002-3081-5617,Name matches an author of the externally matched publication; initial differences are compatible.
WhyweneedtoknowmoreE638,"Dzombak, Rachel","Dzombak, Rachel",confirmed,Publisher-deposited DOI author list,https://api.crossref.org/works/10.1145%2F3600211.3604700,"Dzombak, Rachel",https://orcid.org/0000-0002-2087-259X,Name matches an author of the externally matched publication; initial differences are compatible.
WhyYouShouldCareAbou639,"Hall, Patrick","Hall, Patrick",confirmed,Publication page author metadata,https://www.oreilly.com/radar/why-you-should-care-about-debugging-machine-learning-models/,"Hall, Patrick",,Name matches an author of the externally matched publication; initial differences are compatible.
WhyYouShouldCareAbou639,"Burt, Andrew","Burt, Andrew",confirmed,Publication page author metadata,https://www.oreilly.com/radar/why-you-should-care-about-debugging-machine-learning-models/,"Burt, Andrew",,Name matches an author of the externally matched publication; initial differences are compatible.
Womensattitudesandpe640,"Holen, Åsne Sørlien","Holen, Åsne Sørlien",confirmed,Publisher-deposited DOI author list,https://api.crossref.org/works/10.1016%2Fj.ejrad.2024.111431,"Holen, Åsne Sørlien",,Name matches an author of the externally matched publication; initial differences are compatible.
Womensattitudesandpe640,"Martiniussen, Marit Almenning","Martiniussen, Marit Almenning",confirmed,Publisher-deposited DOI author list,https://api.crossref.org/works/10.1016%2Fj.ejrad.2024.111431,"Martiniussen, Marit Almenning",,Name matches an author of the externally matched publication; initial differences are compatible.
Womensattitudesandpe640,"Bergan, Marie Burns","Bergan, Marie Burns",confirmed,Publisher-deposited DOI author list,https://api.crossref.org/works/10.1016%2Fj.ejrad.2024.111431,"Bergan, Marie Burns",,Name matches an author of the externally matched publication; initial differences are compatible.
Womensattitudesandpe640,"Moshina, Nataliia","Moshina, Nataliia",confirmed,Publisher-deposited DOI author list,https://api.crossref.org/works/10.1016%2Fj.ejrad.2024.111431,"Moshina, Nataliia",,Name matches an author of the externally matched publication; initial differences are compatible.
Womensattitudesandpe640,"Hovda, Tone","Hovda, Tone",confirmed,Publisher-deposited DOI author list,https://api.crossref.org/works/10.1016%2Fj.ejrad.2024.111431,"Hovda, Tone",,Name matches an author of the externally matched publication; initial differences are compatible.
Womensattitudesandpe640,"Hofvind, Solveig","Hofvind, Solveig",confirmed,Publisher-deposited DOI author list,https://api.crossref.org/works/10.1016%2Fj.ejrad.2024.111431,"Hofvind, Solveig",https://orcid.org/0000-0003-0178-8939,Name matches an author of the externally matched publication; initial differences are compatible.
XstestAtestsuitefori641,"R{\""""o}ttger, Paul","R{\""""o}ttger, Paul",confirmed,Publication page author metadata,https://arxiv.org/abs/2308.01263,"Röttger, Paul",,Name matches an author of the externally matched publication; initial differences are compatible.
XstestAtestsuitefori641,"Kirk, Hannah","Kirk, Hannah Rose",corrected,Publication page author metadata,https://arxiv.org/abs/2308.01263,"Kirk, Hannah Rose",,Name matches an author of the externally matched publication; initial differences are compatible.
XstestAtestsuitefori641,"Vidgen, Bertie","Vidgen, Bertie",confirmed,Publication page author metadata,https://arxiv.org/abs/2308.01263,"Vidgen, Bertie",,Name matches an author of the externally matched publication; initial differences are compatible.
XstestAtestsuitefori641,"Attanasio, Giuseppe","Attanasio, Giuseppe",confirmed,Publication page author metadata,https://arxiv.org/abs/2308.01263,"Attanasio, Giuseppe",,Name matches an author of the externally matched publication; initial differences are compatible.
XstestAtestsuitefori641,"Bianchi, Federico","Bianchi, Federico",confirmed,Publication page author metadata,https://arxiv.org/abs/2308.01263,"Bianchi, Federico",,Name matches an author of the externally matched publication; initial differences are compatible.
XstestAtestsuitefori641,"Hovy, Dirk","Hovy, Dirk",confirmed,Publication page author metadata,https://arxiv.org/abs/2308.01263,"Hovy, Dirk",,Name matches an author of the externally matched publication; initial differences are compatible.
